Sipariş_Kodu,Blok_ID,Blok_Tipi,Tedarikçi_Firma,Teslimat_Yeri,Ağırlık_Ton,İstasyon,Uygulayıcı_Ekip,Planlanan_Adam_Saat,Gerçekleşen_Adam_Saat,Planlanan_Maliyet_USD,Gerçekleşen_Maliyet_USD,NDT_Sonucu,Planlanan_Başlangıç,Planlanan_Bitiş,Gerçekleşen_Başlangıç,Gerçekleşen_Bitiş,Gecikme_Süresi_Gün,Gecikme_Nedeni,Durum,Tamamlanma_Yüzdesi
NB-501 (Kimyasal Tanker),BLK-001,Tank,Erdemir,Kuru Havuz B,82,Kesim,Dahili Ekip,168,168,44772,44772,Muaf,2025-11-18,2025-11-25,2025-11-18,2025-11-25,0,Yok,Tamamlandı,100
NB-501 (Kimyasal Tanker),BLK-001,Tank,Erdemir,Kuru Havuz B,82,Ön Montaj,Dahili Ekip,190,190,84132,84132,Geçti,2025-11-26,2025-12-15,2025-11-26,2025-12-15,0,Yok,Tamamlandı,100
NB-501 (Kimyasal Tanker),BLK-001,Tank,Erdemir,Kuru Havuz B,82,Montaj,Dahili Ekip,180,180,84870,84870,Geçti,2025-12-16,2025-12-31,2025-12-16,2025-12-31,0,Yok,Tamamlandı,100
NB-501 (Kimyasal Tanker),BLK-001,Tank,Erdemir,Kuru Havuz B,82,Kaynak,Taşeron - Omega,99,99,45100,45100,Geçti,2026-01-02,2026-01-13,2026-01-02,2026-01-13,0,Yok,Tamamlandı,100
NB-501 (Kimyasal Tanker),BLK-001,Tank,Erdemir,Kuru Havuz B,82,Boyama,Taşeron - Omega,216,216,77736,77736,Muaf,2026-01-15,2026-01-27,2026-01-15,2026-01-27,0,Yok,Tamamlandı,100
NB-501 (Kimyasal Tanker),BLK-001,Tank,Erdemir,Kuru Havuz B,82,Donatım,Taşeron - Alfa,132,188,52152,56268,Geçti,2026-01-29,2026-02-10,2026-01-29,2026-02-17,7,Malzeme Eksikliği,Tamamlandı,100
NB-501 (Kimyasal Tanker),BLK-002,Üst Bina,SSAB,Kuru Havuz A,117,Kesim,Dahili Ekip,66,157,21762,29665,Geçti,2025-12-27,2025-12-30,2025-12-27,2026-01-06,7,Hava Muhalefeti,Tamamlandı,100
NB-501 (Kimyasal Tanker),BLK-002,Üst Bina,SSAB,Kuru Havuz A,117,Ön Montaj,Taşeron - Beta,437,437,111150,111150,Geçti,2026-01-07,2026-01-26,2026-01-07,2026-01-26,0,Yok,Tamamlandı,100
NB-501 (Kimyasal Tanker),BLK-002,Üst Bina,SSAB,Kuru Havuz A,117,Montaj,Taşeron - Alfa,152,227,171171,175891,Geçti,2026-01-27,2026-02-15,2026-01-27,2026-02-20,5,Kalite Reddi (NDT),Tamamlandı,100
NB-501 (Kimyasal Tanker),BLK-002,Üst Bina,SSAB,Kuru Havuz A,117,Kaynak,Taşeron - Omega,135,135,52650,52650,Geçti,2026-02-21,2026-03-02,2026-02-21,2026-03-02,0,Yok,Tamamlandı,100
NB-501 (Kimyasal Tanker),BLK-002,Üst Bina,SSAB,Kuru Havuz A,117,Boyama,Taşeron - Alfa,209,209,120042,120042,Muaf,2026-03-04,2026-03-23,2026-03-04,2026-03-23,0,Yok,Tamamlandı,100
NB-501 (Kimyasal Tanker),BLK-002,Üst Bina,SSAB,Kuru Havuz A,117,Donatım,Taşeron - Omega,99,99,101673,101673,Muaf,2026-03-25,2026-04-05,2026-03-25,2026-04-05,0,Yok,Tamamlandı,100
NB-503 (Kuru Yük),BLK-003,Çift Dip (Double Bottom),ThyssenKrupp,Kızak 2,33,Kesim,Dahili Ekip,147,147,18018,18018,Muaf,2025-12-13,2025-12-20,2025-12-13,2025-12-20,0,Yok,Tamamlandı,100
NB-503 (Kuru Yük),BLK-003,Çift Dip (Double Bottom),ThyssenKrupp,Kızak 2,33,Ön Montaj,Taşeron - Omega,264,381,26136,31590,Geçti,2025-12-22,2026-01-02,2025-12-22,2026-01-11,9,İşgücü Yetersizliği,Tamamlandı,100
NB-503 (Kuru Yük),BLK-003,Çift Dip (Double Bottom),ThyssenKrupp,Kızak 2,33,Montaj,Dahili Ekip,253,253,25410,25410,Geçti,2026-01-12,2026-01-23,2026-01-12,2026-01-23,0,Yok,Tamamlandı,100
NB-503 (Kuru Yük),BLK-003,Çift Dip (Double Bottom),ThyssenKrupp,Kızak 2,33,Kaynak,Taşeron - Beta,240,318,21780,30558,Kaldı - Yeniden İşlem,2026-01-25,2026-02-04,2026-01-25,2026-02-10,6,Kalite Reddi (NDT),Tamamlandı,100
NB-503 (Kuru Yük),BLK-003,Çift Dip (Double Bottom),ThyssenKrupp,Kızak 2,33,Boyama,Taşeron - Beta,418,550,42009,58845,Muaf,2026-02-12,2026-03-03,2026-02-12,2026-03-15,12,Malzeme Eksikliği,Tamamlandı,100
NB-503 (Kuru Yük),BLK-003,Çift Dip (Double Bottom),ThyssenKrupp,Kızak 2,33,Donatım,Taşeron - Beta,96,96,20988,20988,Muaf,2026-03-16,2026-03-28,2026-03-16,2026-03-28,0,Yok,Tamamlandı,100
NB-504 (Askeri Gemi),BLK-004,Çift Dip (Double Bottom),Yerel Tedarikçi A.Ş.,Kızak 2,31,Kesim,Dahili Ekip,77,104,14105,16769,Geçti,2025-10-31,2025-11-07,2025-10-31,2025-11-10,3,Ekipman/Vinç Arızası,Tamamlandı,100
NB-504 (Askeri Gemi),BLK-004,Çift Dip (Double Bottom),Yerel Tedarikçi A.Ş.,Kızak 2,31,Ön Montaj,Taşeron - Beta,162,162,44082,44082,Geçti,2025-11-11,2025-11-29,2025-11-11,2025-11-29,0,Yok,Tamamlandı,100
NB-504 (Askeri Gemi),BLK-004,Çift Dip (Double Bottom),Yerel Tedarikçi A.Ş.,Kızak 2,31,Montaj,Taşeron - Beta,289,341,27404,29620,Geçti,2025-12-01,2025-12-18,2025-12-01,2025-12-22,4,İşgücü Yetersizliği,Tamamlandı,100
NB-504 (Askeri Gemi),BLK-004,Çift Dip (Double Bottom),Yerel Tedarikçi A.Ş.,Kızak 2,31,Kaynak,Taşeron - Omega,77,147,17360,22620,Kaldı - Yeniden İşlem,2025-12-24,2025-12-31,2025-12-24,2026-01-05,5,Kalite Reddi (NDT),Tamamlandı,100
NB-504 (Askeri Gemi),BLK-004,Çift Dip (Double Bottom),Yerel Tedarikçi A.Ş.,Kızak 2,31,Boyama,Taşeron - Alfa,198,198,43524,43524,Muaf,2026-01-06,2026-01-24,2026-01-06,2026-01-24,0,Yok,Tamamlandı,100
NB-504 (Askeri Gemi),BLK-004,Çift Dip (Double Bottom),Yerel Tedarikçi A.Ş.,Kızak 2,31,Donatım,Taşeron - Beta,180,180,15810,15810,Muaf,2026-01-25,2026-02-04,2026-01-25,2026-02-04,0,Yok,Tamamlandı,100
NB-502 (Römorkör),BLK-005,Çift Dip (Double Bottom),Kardemir,Kuru Havuz B,138,Kesim,Taşeron - Alfa,60,160,30912,39372,Geçti,2025-10-27,2025-10-31,2025-10-27,2025-11-10,10,Kalite Reddi (NDT),Tamamlandı,100
NB-502 (Römorkör),BLK-005,Çift Dip (Double Bottom),Kardemir,Kuru Havuz B,138,Ön Montaj,Taşeron - Omega,437,437,146832,146832,Geçti,2025-11-11,2025-11-30,2025-11-11,2025-11-30,0,Yok,Tamamlandı,100
NB-502 (Römorkör),BLK-005,Çift Dip (Double Bottom),Kardemir,Kuru Havuz B,138,Montaj,Taşeron - Alfa,437,580,157320,163909,Geçti,2025-12-02,2025-12-21,2025-12-02,2026-01-01,11,Ekipman/Vinç Arızası,Tamamlandı,100
NB-502 (Römorkör),BLK-005,Çift Dip (Double Bottom),Kardemir,Kuru Havuz B,138,Kaynak,Taşeron - Beta,242,242,88044,88044,Geçti,2026-01-03,2026-01-14,2026-01-03,2026-01-14,0,Yok,Tamamlandı,100
NB-502 (Römorkör),BLK-005,Çift Dip (Double Bottom),Kardemir,Kuru Havuz B,138,Boyama,Taşeron - Alfa,240,240,144900,144900,Muaf,2026-01-16,2026-01-31,2026-01-16,2026-01-31,0,Yok,Tamamlandı,100
NB-502 (Römorkör),BLK-005,Çift Dip (Double Bottom),Kardemir,Kuru Havuz B,138,Donatım,Taşeron - Alfa,285,285,186162,186162,Muaf,2026-02-01,2026-02-20,2026-02-01,2026-02-20,0,Yok,Tamamlandı,100
NB-501 (Kimyasal Tanker),BLK-006,Tank,SSAB,Açık Saha Donatım,172,Kesim,Dahili Ekip,32,32,37840,37840,Muaf,2025-11-22,2025-11-26,2025-11-22,2025-11-26,0,Yok,Tamamlandı,100
NB-501 (Kimyasal Tanker),BLK-006,Tank,SSAB,Açık Saha Donatım,172,Ön Montaj,Dahili Ekip,286,406,169936,180632,Geçti,2025-11-28,2025-12-11,2025-11-28,2025-12-19,8,Hava Muhalefeti,Tamamlandı,100
NB-501 (Kimyasal Tanker),BLK-006,Tank,SSAB,Açık Saha Donatım,172,Montaj,Dahili Ekip,210,210,183008,183008,Geçti,2025-12-21,2026-01-04,2025-12-21,2026-01-04,0,Yok,Tamamlandı,100
NB-501 (Kimyasal Tanker),BLK-006,Tank,SSAB,Açık Saha Donatım,172,Kaynak,Taşeron - Omega,63,63,92708,92708,Geçti,2026-01-05,2026-01-12,2026-01-05,2026-01-12,0,Yok,Tamamlandı,100
NB-501 (Kimyasal Tanker),BLK-006,Tank,SSAB,Açık Saha Donatım,172,Boyama,Taşeron - Beta,168,258,113520,119472,Muaf,2026-01-14,2026-01-26,2026-01-14,2026-02-01,6,İşgücü Yetersizliği,Tamamlandı,100
NB-501 (Kimyasal Tanker),BLK-006,Tank,SSAB,Açık Saha Donatım,172,Donatım,Taşeron - Omega,187,187,198832,198832,Muaf,2026-02-02,2026-02-19,2026-02-02,2026-02-19,0,Yok,Tamamlandı,100
NB-503 (Kuru Yük),BLK-007,Tank,SSAB,Açık Saha Donatım,35,Kesim,Dahili Ekip,84,84,12250,12250,Muaf,2025-12-04,2025-12-11,2025-12-04,2025-12-11,0,Yok,Tamamlandı,100
NB-503 (Kuru Yük),BLK-007,Tank,SSAB,Açık Saha Donatım,35,Ön Montaj,Taşeron - Omega,187,187,47005,47005,Geçti,2025-12-12,2025-12-29,2025-12-12,2025-12-29,0,Yok,Tamamlandı,100
NB-503 (Kuru Yük),BLK-007,Tank,SSAB,Açık Saha Donatım,35,Montaj,Dahili Ekip,304,304,40565,40565,Geçti,2025-12-31,2026-01-19,2025-12-31,2026-01-19,0,Yok,Tamamlandı,100
NB-503 (Kuru Yük),BLK-007,Tank,SSAB,Açık Saha Donatım,35,Kaynak,Taşeron - Alfa,99,127,22050,23238,Kaldı - Yeniden İşlem,2026-01-20,2026-01-29,2026-01-20,2026-01-31,2,Kalite Reddi (NDT),Tamamlandı,100
NB-503 (Kuru Yük),BLK-007,Tank,SSAB,Açık Saha Donatım,35,Boyama,Taşeron - Alfa,380,380,47215,47215,Muaf,2026-02-02,2026-02-21,2026-02-02,2026-02-21,0,Yok,Tamamlandı,100
NB-503 (Kuru Yük),BLK-007,Tank,SSAB,Açık Saha Donatım,35,Donatım,Taşeron - Beta,288,288,34650,34650,Muaf,2026-02-22,2026-03-12,2026-02-22,2026-03-12,0,Yok,Tamamlandı,100
NB-503 (Kuru Yük),BLK-008,Gövde,Yerel Tedarikçi A.Ş.,Kızak 1,98,Kesim,Taşeron - Beta,63,153,20580,26367,Geçti,2025-10-12,2025-10-15,2025-10-12,2025-10-24,9,İşgücü Yetersizliği,Tamamlandı,100
NB-503 (Kuru Yük),BLK-008,Gövde,Yerel Tedarikçi A.Ş.,Kızak 1,98,Ön Montaj,Taşeron - Beta,200,290,49980,55596,Geçti,2025-10-26,2025-11-05,2025-10-26,2025-11-11,6,Hava Muhalefeti,Tamamlandı,100
NB-503 (Kuru Yük),BLK-008,Gövde,Yerel Tedarikçi A.Ş.,Kızak 1,98,Montaj,Dahili Ekip,399,471,134064,145548,Geçti,2025-11-13,2025-12-02,2025-11-13,2025-12-11,9,Hava Muhalefeti,Tamamlandı,100
NB-503 (Kuru Yük),BLK-008,Gövde,Yerel Tedarikçi A.Ş.,Kızak 1,98,Kaynak,Taşeron - Omega,154,154,76832,76832,Geçti,2025-12-12,2025-12-26,2025-12-12,2025-12-26,0,Yok,Tamamlandı,100
NB-503 (Kuru Yük),BLK-008,Gövde,Yerel Tedarikçi A.Ş.,Kızak 1,98,Boyama,Dahili Ekip,255,255,128282,128282,Muaf,2025-12-28,2026-01-14,2025-12-28,2026-01-14,0,Yok,Tamamlandı,100
NB-503 (Kuru Yük),BLK-008,Gövde,Yerel Tedarikçi A.Ş.,Kızak 1,98,Donatım,Taşeron - Alfa,152,152,134064,134064,Muaf,2026-01-16,2026-02-04,2026-01-16,2026-02-04,0,Yok,Tamamlandı,100
NB-504 (Askeri Gemi),BLK-009,Çift Dip (Double Bottom),Kardemir,Kızak 2,141,Kesim,Dahili Ekip,95,191,41595,53475,Geçti,2025-12-10,2025-12-15,2025-12-10,2025-12-27,12,İşgücü Yetersizliği,Tamamlandı,100
NB-504 (Askeri Gemi),BLK-009,Çift Dip (Double Bottom),Kardemir,Kızak 2,141,Ön Montaj,Dahili Ekip,108,108,113364,113364,Geçti,2025-12-29,2026-01-10,2025-12-29,2026-01-10,0,Yok,Tamamlandı,100
NB-504 (Askeri Gemi),BLK-009,Çift Dip (Double Bottom),Kardemir,Kızak 2,141,Montaj,Dahili Ekip,210,210,142128,142128,Geçti,2026-01-11,2026-01-25,2026-01-11,2026-01-25,0,Yok,Tamamlandı,100
NB-504 (Askeri Gemi),BLK-009,Çift Dip (Double Bottom),Kardemir,Kızak 2,141,Kaynak,Taşeron - Beta,264,264,83754,83754,Geçti,2026-01-27,2026-02-07,2026-01-27,2026-02-07,0,Yok,Tamamlandı,100
NB-504 (Askeri Gemi),BLK-009,Çift Dip (Double Bottom),Kardemir,Kızak 2,141,Boyama,Taşeron - Alfa,315,315,112095,112095,Muaf,2026-02-08,2026-02-23,2026-02-08,2026-02-23,0,Yok,Tamamlandı,100
NB-504 (Askeri Gemi),BLK-009,Çift Dip (Double Bottom),Kardemir,Kızak 2,141,Donatım,Taşeron - Alfa,170,268,73320,78213,Kaldı - Yeniden İşlem,2026-02-24,2026-03-06,2026-02-24,2026-03-13,7,Ekipman/Vinç Arızası,Tamamlandı,100
NB-502 (Römorkör),BLK-010,Gövde,Kardemir,Kızak 1,116,Kesim,Taşeron - Beta,126,126,42456,42456,Muaf,2025-11-28,2025-12-04,2025-11-28,2025-12-04,0,Yok,Tamamlandı,100
NB-502 (Römorkör),BLK-010,Gövde,Kardemir,Kızak 1,116,Ön Montaj,Taşeron - Beta,209,209,174116,174116,Geçti,2025-12-05,2025-12-24,2025-12-05,2025-12-24,0,Yok,Tamamlandı,100
NB-502 (Römorkör),BLK-010,Gövde,Kardemir,Kızak 1,116,Montaj,Dahili Ekip,220,300,89320,94800,Geçti,2025-12-26,2026-01-05,2025-12-26,2026-01-10,5,Ekipman/Vinç Arızası,Tamamlandı,100
NB-502 (Römorkör),BLK-010,Gövde,Kardemir,Kızak 1,116,Kaynak,Taşeron - Omega,132,132,90480,90480,Geçti,2026-01-12,2026-01-24,2026-01-12,2026-01-24,0,Yok,Tamamlandı,100
NB-502 (Römorkör),BLK-010,Gövde,Kardemir,Kızak 1,116,Boyama,Dahili Ekip,300,300,132240,132240,Muaf,2026-01-26,2026-02-10,2026-01-26,2026-02-10,0,Yok,Tamamlandı,100
NB-502 (Römorkör),BLK-010,Gövde,Kardemir,Kızak 1,116,Donatım,Taşeron - Omega,340,340,155440,155440,Muaf,2026-02-11,2026-03-03,2026-02-11,2026-03-03,0,Yok,Tamamlandı,100
NB-501 (Kimyasal Tanker),BLK-011,Gövde,Kardemir,Kızak 2,122,Kesim,Taşeron - Omega,120,168,53436,56661,Geçti,2025-12-14,2025-12-20,2025-12-14,2025-12-23,3,Hava Muhalefeti,Tamamlandı,100
NB-501 (Kimyasal Tanker),BLK-011,Gövde,Kardemir,Kızak 2,122,Ön Montaj,Taşeron - Omega,195,240,106262,108518,Geçti,2025-12-25,2026-01-07,2025-12-25,2026-01-10,3,Kalite Reddi (NDT),Tamamlandı,100
NB-501 (Kimyasal Tanker),BLK-011,Gövde,Kardemir,Kızak 2,122,Montaj,Taşeron - Beta,323,362,136884,139224,Geçti,2026-01-12,2026-01-29,2026-01-12,2026-02-01,3,İşgücü Yetersizliği,Tamamlandı,100
NB-501 (Kimyasal Tanker),BLK-011,Gövde,Kardemir,Kızak 2,122,Kaynak,Taşeron - Beta,252,252,114436,114436,Geçti,2026-02-03,2026-02-17,2026-02-03,2026-02-17,0,Yok,Tamamlandı,100
NB-501 (Kimyasal Tanker),BLK-011,Gövde,Kardemir,Kızak 2,122,Boyama,Taşeron - Beta,180,210,161040,163112,Muaf,2026-02-18,2026-03-10,2026-02-18,2026-03-12,2,Hava Muhalefeti,Tamamlandı,100
NB-501 (Kimyasal Tanker),BLK-011,Gövde,Kardemir,Kızak 2,122,Donatım,Taşeron - Omega,140,140,116144,116144,Muaf,2026-03-14,2026-03-28,2026-03-14,2026-03-28,0,Yok,Tamamlandı,100
NB-501 (Kimyasal Tanker),BLK-012,Makine Dairesi,ThyssenKrupp,Açık Saha Donatım,61,Kesim,Dahili Ekip,57,57,14457,14457,Muaf,2025-10-28,2025-10-31,2025-10-28,2025-10-31,0,Yok,Tamamlandı,100
NB-501 (Kimyasal Tanker),BLK-012,Makine Dairesi,ThyssenKrupp,Açık Saha Donatım,61,Ön Montaj,Taşeron - Alfa,195,338,46665,54574,Geçti,2025-11-02,2025-11-17,2025-11-02,2025-11-28,11,Ekipman/Vinç Arızası,Tamamlandı,100
NB-501 (Kimyasal Tanker),BLK-012,Makine Dairesi,ThyssenKrupp,Açık Saha Donatım,61,Montaj,Dahili Ekip,340,340,77775,77775,Geçti,2025-11-29,2025-12-16,2025-11-29,2025-12-16,0,Yok,Tamamlandı,100
NB-501 (Kimyasal Tanker),BLK-012,Makine Dairesi,ThyssenKrupp,Açık Saha Donatım,61,Kaynak,Dahili Ekip,126,126,31293,31293,Geçti,2025-12-18,2025-12-27,2025-12-18,2025-12-27,0,Yok,Tamamlandı,100
NB-501 (Kimyasal Tanker),BLK-012,Makine Dairesi,ThyssenKrupp,Açık Saha Donatım,61,Boyama,Taşeron - Beta,460,460,87840,87840,Muaf,2025-12-29,2026-01-18,2025-12-29,2026-01-18,0,Yok,Tamamlandı,100
NB-501 (Kimyasal Tanker),BLK-012,Makine Dairesi,ThyssenKrupp,Açık Saha Donatım,61,Donatım,Taşeron - Alfa,360,360,81740,81740,Muaf,2026-01-19,2026-02-08,2026-01-19,2026-02-08,0,Yok,Tamamlandı,100
NB-502 (Römorkör),BLK-013,Tank,SSAB,Kızak 1,28,Kesim,Taşeron - Omega,112,112,13132,13132,Muaf,2025-12-18,2025-12-25,2025-12-18,2025-12-25,0,Yok,Tamamlandı,100
NB-502 (Römorkör),BLK-013,Tank,SSAB,Kızak 1,28,Ön Montaj,Taşeron - Beta,288,368,25872,32416,Geçti,2025-12-27,2026-01-08,2025-12-27,2026-01-16,8,İşgücü Yetersizliği,Tamamlandı,100
NB-502 (Römorkör),BLK-013,Tank,SSAB,Kızak 1,28,Montaj,Taşeron - Alfa,256,336,32704,36249,Geçti,2026-01-17,2026-02-02,2026-01-17,2026-02-07,5,İşgücü Yetersizliği,Tamamlandı,100
NB-502 (Römorkör),BLK-013,Tank,SSAB,Kızak 1,28,Kaynak,Taşeron - Alfa,140,170,14308,16234,Kaldı - Yeniden İşlem,2026-02-08,2026-02-15,2026-02-08,2026-02-17,2,Kalite Reddi (NDT),Tamamlandı,100
NB-502 (Römorkör),BLK-013,Tank,SSAB,Kızak 1,28,Boyama,Dahili Ekip,306,306,35700,35700,Muaf,2026-02-19,2026-03-08,2026-02-19,2026-03-08,0,Yok,Tamamlandı,100
NB-502 (Römorkör),BLK-013,Tank,SSAB,Kızak 1,28,Donatım,Taşeron - Omega,196,196,31360,31360,Muaf,2026-03-10,2026-03-24,2026-03-10,2026-03-24,0,Yok,Tamamlandı,100
NB-504 (Askeri Gemi),BLK-014,Makine Dairesi,SSAB,Kuru Havuz A,152,Kesim,Taşeron - Omega,84,134,71288,77273,Geçti,2025-12-13,2025-12-20,2025-12-13,2025-12-25,5,Kalite Reddi (NDT),Tamamlandı,100
NB-504 (Askeri Gemi),BLK-014,Makine Dairesi,SSAB,Kuru Havuz A,152,Ön Montaj,Taşeron - Omega,280,304,167200,171310,Geçti,2025-12-27,2026-01-16,2025-12-27,2026-01-19,3,Hava Muhalefeti,Tamamlandı,100
NB-504 (Askeri Gemi),BLK-014,Makine Dairesi,SSAB,Kuru Havuz A,152,Montaj,Taşeron - Alfa,154,217,127680,135989,Geçti,2026-01-21,2026-02-04,2026-01-21,2026-02-11,7,Malzeme Eksikliği,Tamamlandı,100
NB-504 (Askeri Gemi),BLK-014,Makine Dairesi,SSAB,Kuru Havuz A,152,Kaynak,Taşeron - Omega,286,382,138320,141356,Kaldı - Yeniden İşlem,2026-02-12,2026-02-25,2026-02-12,2026-03-03,6,Kalite Reddi (NDT),Tamamlandı,100
NB-504 (Askeri Gemi),BLK-014,Makine Dairesi,SSAB,Kuru Havuz A,152,Boyama,Taşeron - Alfa,132,132,129504,129504,Muaf,2026-03-05,2026-03-17,2026-03-05,2026-03-17,0,Yok,Tamamlandı,100
NB-504 (Askeri Gemi),BLK-014,Makine Dairesi,SSAB,Kuru Havuz A,152,Donatım,Taşeron - Omega,228,349,228152,241044,Geçti,2026-03-19,2026-04-07,2026-03-19,2026-04-18,11,Kalite Reddi (NDT),Tamamlandı,100
NB-504 (Askeri Gemi),BLK-015,Makine Dairesi,Yerel Tedarikçi A.Ş.,Kuru Havuz A,147,Kesim,Taşeron - Alfa,60,60,25578,25578,Muaf,2025-10-12,2025-10-15,2025-10-12,2025-10-15,0,Yok,Tamamlandı,100
NB-504 (Askeri Gemi),BLK-015,Makine Dairesi,Yerel Tedarikçi A.Ş.,Kuru Havuz A,147,Ön Montaj,Taşeron - Alfa,165,165,113190,113190,Geçti,2025-10-16,2025-10-27,2025-10-16,2025-10-27,0,Yok,Tamamlandı,100
NB-504 (Askeri Gemi),BLK-015,Makine Dairesi,Yerel Tedarikçi A.Ş.,Kuru Havuz A,147,Montaj,Taşeron - Omega,260,280,139503,141891,Geçti,2025-10-29,2025-11-11,2025-10-29,2025-11-13,2,Ekipman/Vinç Arızası,Tamamlandı,100
NB-504 (Askeri Gemi),BLK-015,Makine Dairesi,Yerel Tedarikçi A.Ş.,Kuru Havuz A,147,Kaynak,Taşeron - Alfa,253,253,101871,101871,Geçti,2025-11-15,2025-11-26,2025-11-15,2025-11-26,0,Yok,Tamamlandı,100
NB-504 (Askeri Gemi),BLK-015,Makine Dairesi,Yerel Tedarikçi A.Ş.,Kuru Havuz A,147,Boyama,Taşeron - Omega,285,285,130095,130095,Muaf,2025-11-27,2025-12-12,2025-11-27,2025-12-12,0,Yok,Tamamlandı,100
NB-504 (Askeri Gemi),BLK-015,Makine Dairesi,Yerel Tedarikçi A.Ş.,Kuru Havuz A,147,Donatım,Taşeron - Alfa,176,176,80850,80850,Muaf,2025-12-14,2025-12-25,2025-12-14,2025-12-25,0,Yok,Tamamlandı,100
NB-503 (Kuru Yük),BLK-016,Çift Dip (Double Bottom),Erdemir,Kuru Havuz A,46,Kesim,Taşeron - Omega,63,63,24472,24472,Muaf,2025-10-11,2025-10-18,2025-10-11,2025-10-18,0,Yok,Tamamlandı,100
NB-503 (Kuru Yük),BLK-016,Çift Dip (Double Bottom),Erdemir,Kuru Havuz A,46,Ön Montaj,Taşeron - Omega,182,182,31096,31096,Geçti,2025-10-19,2025-11-01,2025-10-19,2025-11-01,0,Yok,Tamamlandı,100
NB-503 (Kuru Yük),BLK-016,Çift Dip (Double Bottom),Erdemir,Kuru Havuz A,46,Montaj,Taşeron - Beta,171,270,62054,67229,Geçti,2025-11-03,2025-11-22,2025-11-03,2025-12-01,9,Hava Muhalefeti,Tamamlandı,100
NB-503 (Kuru Yük),BLK-016,Çift Dip (Double Bottom),Erdemir,Kuru Havuz A,46,Kaynak,Taşeron - Alfa,144,168,35328,37400,Kaldı - Yeniden İşlem,2025-12-02,2025-12-14,2025-12-02,2025-12-16,2,Kalite Reddi (NDT),Tamamlandı,100
NB-503 (Kuru Yük),BLK-016,Çift Dip (Double Bottom),Erdemir,Kuru Havuz A,46,Boyama,Taşeron - Beta,225,225,44160,44160,Muaf,2025-12-18,2026-01-02,2025-12-18,2026-01-02,0,Yok,Tamamlandı,100
NB-503 (Kuru Yük),BLK-016,Çift Dip (Double Bottom),Erdemir,Kuru Havuz A,46,Donatım,Taşeron - Beta,140,140,34040,34040,Muaf,2026-01-04,2026-01-14,2026-01-04,2026-01-14,0,Yok,Tamamlandı,100
NB-502 (Römorkör),BLK-017,Gövde,Erdemir,Kuru Havuz B,53,Kesim,Dahili Ekip,30,30,8586,8586,Muaf,2025-11-03,2025-11-06,2025-11-03,2025-11-06,0,Yok,Tamamlandı,100
NB-502 (Römorkör),BLK-017,Gövde,Erdemir,Kuru Havuz B,53,Ön Montaj,Dahili Ekip,247,247,51357,51357,Geçti,2025-11-07,2025-11-26,2025-11-07,2025-11-26,0,Yok,Tamamlandı,100
NB-502 (Römorkör),BLK-017,Gövde,Erdemir,Kuru Havuz B,53,Montaj,Taşeron - Alfa,130,130,50986,50986,Geçti,2025-11-27,2025-12-10,2025-11-27,2025-12-10,0,Yok,Tamamlandı,100
NB-502 (Römorkör),BLK-017,Gövde,Erdemir,Kuru Havuz B,53,Kaynak,Taşeron - Beta,133,273,20034,33524,Geçti,2025-12-11,2025-12-18,2025-12-11,2025-12-28,10,Ekipman/Vinç Arızası,Tamamlandı,100
NB-502 (Römorkör),BLK-017,Gövde,Erdemir,Kuru Havuz B,53,Boyama,Taşeron - Beta,230,230,28090,28090,Muaf,2025-12-29,2026-01-08,2025-12-29,2026-01-08,0,Yok,Tamamlandı,100
NB-502 (Römorkör),BLK-017,Gövde,Erdemir,Kuru Havuz B,53,Donatım,Taşeron - Beta,285,285,68476,68476,Muaf,2026-01-09,2026-01-28,2026-01-09,2026-01-28,0,Yok,Tamamlandı,100
NB-504 (Askeri Gemi),BLK-018,Çift Dip (Double Bottom),ThyssenKrupp,Kuru Havuz B,92,Kesim,Taşeron - Alfa,30,30,14904,14904,Muaf,2026-01-06,2026-01-09,2026-01-06,2026-01-09,0,Yok,Tamamlandı,100
NB-504 (Askeri Gemi),BLK-018,Çift Dip (Double Bottom),ThyssenKrupp,Kuru Havuz B,92,Ön Montaj,Taşeron - Alfa,196,229,65688,67749,Geçti,2026-01-10,2026-01-24,2026-01-10,2026-01-27,3,İşgücü Yetersizliği,Tamamlandı,100
NB-504 (Askeri Gemi),BLK-018,Çift Dip (Double Bottom),ThyssenKrupp,Kuru Havuz B,92,Montaj,Dahili Ekip,152,180,125856,127392,Geçti,2026-01-28,2026-02-16,2026-01-28,2026-02-18,2,Malzeme Eksikliği,Tamamlandı,100
NB-504 (Askeri Gemi),BLK-018,Çift Dip (Double Bottom),ThyssenKrupp,Kuru Havuz B,92,Kaynak,Taşeron - Beta,154,154,73876,73876,Geçti,2026-02-20,2026-03-03,2026-02-20,2026-03-03,0,Yok,Tamamlandı,100
NB-504 (Askeri Gemi),BLK-018,Çift Dip (Double Bottom),ThyssenKrupp,Kuru Havuz B,92,Boyama,Taşeron - Omega,357,357,79764,79764,Muaf,2026-03-04,2026-03-21,2026-03-04,2026-03-21,0,Yok,Tamamlandı,100
NB-504 (Askeri Gemi),BLK-018,Çift Dip (Double Bottom),ThyssenKrupp,Kuru Havuz B,92,Donatım,Taşeron - Omega,391,499,79764,88593,Geçti,2026-03-22,2026-04-08,2026-03-22,2026-04-17,9,Ekipman/Vinç Arızası,Tamamlandı,100
NB-502 (Römorkör),BLK-019,Tank,ThyssenKrupp,Açık Saha Donatım,135,Kesim,Taşeron - Omega,68,98,41580,43194,Kaldı - Yeniden İşlem,2025-12-29,2026-01-02,2025-12-29,2026-01-05,3,Hava Muhalefeti,Tamamlandı,100
NB-502 (Römorkör),BLK-019,Tank,ThyssenKrupp,Açık Saha Donatım,135,Ön Montaj,Taşeron - Beta,99,99,106920,106920,Geçti,2026-01-07,2026-01-18,2026-01-07,2026-01-18,0,Yok,Tamamlandı,100
NB-502 (Römorkör),BLK-019,Tank,ThyssenKrupp,Açık Saha Donatım,135,Montaj,Taşeron - Omega,204,204,176715,176715,Geçti,2026-01-20,2026-02-06,2026-01-20,2026-02-06,0,Yok,Tamamlandı,100
NB-502 (Römorkör),BLK-019,Tank,ThyssenKrupp,Açık Saha Donatım,135,Kaynak,Taşeron - Alfa,286,286,108810,108810,Geçti,2026-02-07,2026-02-20,2026-02-07,2026-02-20,0,Yok,Tamamlandı,100
NB-502 (Römorkör),BLK-019,Tank,ThyssenKrupp,Açık Saha Donatım,135,Boyama,Dahili Ekip,180,180,87750,87750,Muaf,2026-02-22,2026-03-04,2026-02-22,2026-03-04,0,Yok,Tamamlandı,100
NB-502 (Römorkör),BLK-019,Tank,ThyssenKrupp,Açık Saha Donatım,135,Donatım,Taşeron - Beta,210,210,132300,132300,Muaf,2026-03-06,2026-03-20,2026-03-06,2026-03-20,0,Yok,Tamamlandı,100
NB-504 (Askeri Gemi),BLK-020,Gövde,Kardemir,Kızak 2,67,Kesim,Taşeron - Beta,51,51,11055,11055,Muaf,2025-12-08,2025-12-11,2025-12-08,2025-12-11,0,Yok,Tamamlandı,100
NB-504 (Askeri Gemi),BLK-020,Gövde,Kardemir,Kızak 2,67,Ön Montaj,Taşeron - Alfa,360,360,69345,69345,Geçti,2025-12-12,2025-12-27,2025-12-12,2025-12-27,0,Yok,Tamamlandı,100
NB-504 (Askeri Gemi),BLK-020,Gövde,Kardemir,Kızak 2,67,Montaj,Taşeron - Alfa,210,210,52930,52930,Geçti,2025-12-28,2026-01-07,2025-12-28,2026-01-07,0,Yok,Tamamlandı,100
NB-504 (Askeri Gemi),BLK-020,Gövde,Kardemir,Kızak 2,67,Kaynak,Dahili Ekip,140,140,28609,28609,Geçti,2026-01-09,2026-01-16,2026-01-09,2026-01-16,0,Yok,Tamamlandı,100
NB-504 (Askeri Gemi),BLK-020,Gövde,Kardemir,Kızak 2,67,Boyama,Taşeron - Beta,238,364,89981,94832,Muaf,2026-01-18,2026-02-04,2026-01-18,2026-02-13,9,Kalite Reddi (NDT),Tamamlandı,100
NB-504 (Askeri Gemi),BLK-020,Gövde,Kardemir,Kızak 2,67,Donatım,Taşeron - Beta,380,380,78926,78926,Muaf,2026-02-15,2026-03-06,2026-02-15,2026-03-06,0,Yok,Tamamlandı,100
NB-504 (Askeri Gemi),BLK-021,Makine Dairesi,Erdemir,Kızak 1,112,Kesim,Taşeron - Alfa,105,186,28560,36660,Geçti,2025-10-11,2025-10-16,2025-10-11,2025-10-25,9,İşgücü Yetersizliği,Tamamlandı,100
NB-504 (Askeri Gemi),BLK-021,Makine Dairesi,Erdemir,Kızak 1,112,Ön Montaj,Taşeron - Alfa,360,360,112000,112000,Geçti,2025-10-26,2025-11-15,2025-10-26,2025-11-15,0,Yok,Tamamlandı,100
NB-504 (Askeri Gemi),BLK-021,Makine Dairesi,Erdemir,Kızak 1,112,Montaj,Taşeron - Alfa,247,247,136192,136192,Geçti,2025-11-17,2025-12-06,2025-11-17,2025-12-06,0,Yok,Tamamlandı,100
NB-504 (Askeri Gemi),BLK-021,Makine Dairesi,Erdemir,Kızak 1,112,Kaynak,Taşeron - Beta,132,132,80640,80640,Geçti,2025-12-07,2025-12-19,2025-12-07,2025-12-19,0,Yok,Tamamlandı,100
NB-504 (Askeri Gemi),BLK-021,Makine Dairesi,Erdemir,Kızak 1,112,Boyama,Taşeron - Beta,224,336,89600,94927,Muaf,2025-12-21,2026-01-06,2025-12-21,2026-01-13,7,Hava Muhalefeti,Tamamlandı,100
NB-504 (Askeri Gemi),BLK-021,Makine Dairesi,Erdemir,Kızak 1,112,Donatım,Taşeron - Alfa,285,417,148960,160224,Geçti,2026-01-15,2026-02-03,2026-01-15,2026-02-14,11,Malzeme Eksikliği,Tamamlandı,100
NB-504 (Askeri Gemi),BLK-022,Çift Dip (Double Bottom),Yerel Tedarikçi A.Ş.,Kızak 1,115,Kesim,Taşeron - Alfa,84,84,38640,38640,Muaf,2025-11-29,2025-12-05,2025-11-29,2025-12-05,0,Yok,Tamamlandı,100
NB-504 (Askeri Gemi),BLK-022,Çift Dip (Double Bottom),Yerel Tedarikçi A.Ş.,Kızak 1,115,Ön Montaj,Taşeron - Omega,165,165,79695,79695,Geçti,2025-12-06,2025-12-17,2025-12-06,2025-12-17,0,Yok,Tamamlandı,100
NB-504 (Askeri Gemi),BLK-022,Çift Dip (Double Bottom),Yerel Tedarikçi A.Ş.,Kızak 1,115,Montaj,Taşeron - Beta,342,398,170430,178613,Geçti,2025-12-18,2026-01-06,2025-12-18,2026-01-13,7,Malzeme Eksikliği,Tamamlandı,100
NB-504 (Askeri Gemi),BLK-022,Çift Dip (Double Bottom),Yerel Tedarikçi A.Ş.,Kızak 1,115,Kaynak,Taşeron - Alfa,180,180,103500,103500,Geçti,2026-01-14,2026-01-26,2026-01-14,2026-01-26,0,Yok,Tamamlandı,100
NB-504 (Askeri Gemi),BLK-022,Çift Dip (Double Bottom),Yerel Tedarikçi A.Ş.,Kızak 1,115,Boyama,Taşeron - Alfa,210,327,89700,97431,Muaf,2026-01-27,2026-02-06,2026-01-27,2026-02-15,9,Hava Muhalefeti,Tamamlandı,100
NB-504 (Askeri Gemi),BLK-022,Çift Dip (Double Bottom),Yerel Tedarikçi A.Ş.,Kızak 1,115,Donatım,Taşeron - Omega,266,266,123970,123970,Muaf,2026-02-17,2026-03-03,2026-02-17,2026-03-03,0,Yok,Tamamlandı,100
NB-503 (Kuru Yük),BLK-023,Tank,ThyssenKrupp,Kuru Havuz A,174,Kesim,Taşeron - Alfa,80,80,38280,38280,Muaf,2025-12-01,2025-12-05,2025-12-01,2025-12-05,0,Yok,Tamamlandı,100
NB-503 (Kuru Yük),BLK-023,Tank,ThyssenKrupp,Kuru Havuz A,174,Ön Montaj,Taşeron - Beta,152,152,198360,198360,Geçti,2025-12-06,2025-12-25,2025-12-06,2025-12-25,0,Yok,Tamamlandı,100
NB-503 (Kuru Yük),BLK-023,Tank,ThyssenKrupp,Kuru Havuz A,174,Montaj,Taşeron - Alfa,253,253,128238,128238,Geçti,2025-12-26,2026-01-06,2025-12-26,2026-01-06,0,Yok,Tamamlandı,100
NB-503 (Kuru Yük),BLK-023,Tank,ThyssenKrupp,Kuru Havuz A,174,Kaynak,Taşeron - Beta,192,192,91872,91872,Geçti,2026-01-07,2026-01-15,2026-01-07,2026-01-15,0,Yok,Tamamlandı,100
NB-503 (Kuru Yük),BLK-023,Tank,ThyssenKrupp,Kuru Havuz A,174,Boyama,Taşeron - Alfa,209,209,143550,143550,Muaf,2026-01-16,2026-01-27,2026-01-16,2026-01-27,0,Yok,Tamamlandı,100
NB-503 (Kuru Yük),BLK-023,Tank,ThyssenKrupp,Kuru Havuz A,174,Donatım,Taşeron - Alfa,132,222,153120,158898,Geçti,2026-01-28,2026-02-08,2026-01-28,2026-02-17,9,Hava Muhalefeti,Tamamlandı,100
NB-501 (Kimyasal Tanker),BLK-024,Makine Dairesi,ThyssenKrupp,Kuru Havuz B,30,Kesim,Taşeron - Omega,40,183,9600,15166,Geçti,2026-01-01,2026-01-05,2026-01-01,2026-01-16,11,İşgücü Yetersizliği,Tamamlandı,100
NB-501 (Kimyasal Tanker),BLK-024,Makine Dairesi,ThyssenKrupp,Kuru Havuz B,30,Ön Montaj,Dahili Ekip,221,221,21840,21840,Geçti,2026-01-17,2026-01-30,2026-01-17,2026-01-30,0,Yok,Tamamlandı,100
NB-501 (Kimyasal Tanker),BLK-024,Makine Dairesi,ThyssenKrupp,Kuru Havuz B,30,Montaj,Taşeron - Omega,352,352,32160,32160,Geçti,2026-02-01,2026-02-17,2026-02-01,2026-02-17,0,Yok,Tamamlandı,100
NB-501 (Kimyasal Tanker),BLK-024,Makine Dairesi,ThyssenKrupp,Kuru Havuz B,30,Kaynak,Taşeron - Alfa,189,189,16200,16200,Geçti,2026-02-19,2026-02-28,2026-02-19,2026-02-28,0,Yok,Tamamlandı,100
NB-501 (Kimyasal Tanker),BLK-024,Makine Dairesi,ThyssenKrupp,Kuru Havuz B,30,Boyama,Taşeron - Beta,192,192,37920,37920,Muaf,2026-03-01,2026-03-17,2026-03-01,2026-03-17,0,Yok,Tamamlandı,100
NB-501 (Kimyasal Tanker),BLK-024,Makine Dairesi,ThyssenKrupp,Kuru Havuz B,30,Donatım,Taşeron - Alfa,260,260,30810,30810,Muaf,2026-03-18,2026-03-31,2026-03-18,2026-03-31,0,Yok,Tamamlandı,100
NB-503 (Kuru Yük),BLK-025,Gövde,SSAB,Kızak 2,63,Kesim,Dahili Ekip,154,154,29988,29988,Muaf,2025-11-16,2025-11-23,2025-11-16,2025-11-23,0,Yok,Tamamlandı,100
NB-503 (Kuru Yük),BLK-025,Gövde,SSAB,Kızak 2,63,Ön Montaj,Dahili Ekip,323,323,84987,84987,Geçti,2025-11-24,2025-12-13,2025-11-24,2025-12-13,0,Yok,Tamamlandı,100
NB-503 (Kuru Yük),BLK-025,Gövde,SSAB,Kızak 2,63,Montaj,Taşeron - Omega,440,440,85680,85680,Geçti,2025-12-14,2026-01-03,2025-12-14,2026-01-03,0,Yok,Tamamlandı,100
NB-503 (Kuru Yük),BLK-025,Gövde,SSAB,Kızak 2,63,Kaynak,Taşeron - Beta,168,168,49392,49392,Geçti,2026-01-04,2026-01-18,2026-01-04,2026-01-18,0,Yok,Tamamlandı,100
NB-503 (Kuru Yük),BLK-025,Gövde,SSAB,Kızak 2,63,Boyama,Dahili Ekip,300,300,94500,94500,Muaf,2026-01-19,2026-02-08,2026-01-19,2026-02-08,0,Yok,Tamamlandı,100
NB-503 (Kuru Yük),BLK-025,Gövde,SSAB,Kızak 2,63,Donatım,Taşeron - Omega,160,184,64512,66052,Geçti,2026-02-09,2026-02-25,2026-02-09,2026-02-27,2,Hava Muhalefeti,Tamamlandı,100
NB-504 (Askeri Gemi),BLK-026,Üst Bina,Kardemir,Kuru Havuz A,114,Kesim,Taşeron - Omega,51,51,26676,26676,Muaf,2025-12-07,2025-12-10,2025-12-07,2025-12-10,0,Yok,Tamamlandı,100
NB-504 (Askeri Gemi),BLK-026,Üst Bina,Kardemir,Kuru Havuz A,114,Ön Montaj,Taşeron - Beta,432,432,151848,151848,Geçti,2025-12-12,2025-12-30,2025-12-12,2025-12-30,0,Yok,Tamamlandı,100
NB-504 (Askeri Gemi),BLK-026,Üst Bina,Kardemir,Kuru Havuz A,114,Montaj,Taşeron - Beta,391,391,127908,127908,Geçti,2025-12-31,2026-01-17,2025-12-31,2026-01-17,0,Yok,Tamamlandı,100
NB-504 (Askeri Gemi),BLK-026,Üst Bina,Kardemir,Kuru Havuz A,114,Kaynak,Taşeron - Alfa,187,251,75240,78552,Geçti,2026-01-18,2026-01-29,2026-01-18,2026-02-02,4,Malzeme Eksikliği,Tamamlandı,100
NB-504 (Askeri Gemi),BLK-026,Üst Bina,Kardemir,Kuru Havuz A,114,Boyama,Taşeron - Beta,260,260,123120,123120,Muaf,2026-02-04,2026-02-24,2026-02-04,2026-02-24,0,Yok,Tamamlandı,100
NB-504 (Askeri Gemi),BLK-026,Üst Bina,Kardemir,Kuru Havuz A,114,Donatım,Taşeron - Alfa,198,198,100320,100320,Muaf,2026-02-26,2026-03-09,2026-02-26,2026-03-09,0,Yok,Tamamlandı,100
NB-504 (Askeri Gemi),BLK-027,Çift Dip (Double Bottom),Kardemir,Açık Saha Donatım,105,Kesim,Taşeron - Beta,114,246,49140,59282,Geçti,2025-10-27,2025-11-02,2025-10-27,2025-11-13,11,Ekipman/Vinç Arızası,Tamamlandı,100
NB-504 (Askeri Gemi),BLK-027,Çift Dip (Double Bottom),Kardemir,Açık Saha Donatım,105,Ön Montaj,Dahili Ekip,195,195,85995,85995,Geçti,2025-11-14,2025-11-27,2025-11-14,2025-11-27,0,Yok,Tamamlandı,100
NB-504 (Askeri Gemi),BLK-027,Çift Dip (Double Bottom),Kardemir,Açık Saha Donatım,105,Montaj,Taşeron - Alfa,104,104,83265,83265,Geçti,2025-11-28,2025-12-11,2025-11-28,2025-12-11,0,Yok,Tamamlandı,100
NB-504 (Askeri Gemi),BLK-027,Çift Dip (Double Bottom),Kardemir,Açık Saha Donatım,105,Kaynak,Dahili Ekip,168,168,74970,74970,Geçti,2025-12-12,2025-12-26,2025-12-12,2025-12-26,0,Yok,Tamamlandı,100
NB-504 (Askeri Gemi),BLK-027,Çift Dip (Double Bottom),Kardemir,Açık Saha Donatım,105,Boyama,Taşeron - Omega,187,187,130305,130305,Muaf,2025-12-27,2026-01-13,2025-12-27,2026-01-13,0,Yok,Tamamlandı,100
NB-504 (Askeri Gemi),BLK-027,Çift Dip (Double Bottom),Kardemir,Açık Saha Donatım,105,Donatım,Dahili Ekip,276,346,83160,87941,Geçti,2026-01-15,2026-01-27,2026-01-15,2026-02-03,7,Ekipman/Vinç Arızası,Tamamlandı,100
NB-504 (Askeri Gemi),BLK-028,Üst Bina,SSAB,Kızak 1,149,Kesim,Taşeron - Omega,90,90,68838,68838,Muaf,2025-11-30,2025-12-06,2025-11-30,2025-12-06,0,Yok,Tamamlandı,100
NB-504 (Askeri Gemi),BLK-028,Üst Bina,SSAB,Kızak 1,149,Ön Montaj,Taşeron - Beta,136,136,157046,157046,Geçti,2025-12-07,2025-12-24,2025-12-07,2025-12-24,0,Yok,Tamamlandı,100
NB-504 (Askeri Gemi),BLK-028,Üst Bina,SSAB,Kızak 1,149,Montaj,Taşeron - Omega,220,341,89400,104283,Geçti,2025-12-25,2026-01-04,2025-12-25,2026-01-15,11,Ekipman/Vinç Arızası,Tamamlandı,100
NB-504 (Askeri Gemi),BLK-028,Üst Bina,SSAB,Kızak 1,149,Kaynak,Taşeron - Omega,288,468,118008,127992,Kaldı - Yeniden İşlem,2026-01-16,2026-01-28,2026-01-16,2026-02-09,12,Kalite Reddi (NDT),Tamamlandı,100
NB-504 (Askeri Gemi),BLK-028,Üst Bina,SSAB,Kızak 1,149,Boyama,Taşeron - Beta,154,154,108472,108472,Muaf,2026-02-11,2026-02-25,2026-02-11,2026-02-25,0,Yok,Tamamlandı,100
NB-504 (Askeri Gemi),BLK-028,Üst Bina,SSAB,Kızak 1,149,Donatım,Taşeron - Beta,221,221,164645,164645,Muaf,2026-02-27,2026-03-16,2026-02-27,2026-03-16,0,Yok,Tamamlandı,100
NB-502 (Römorkör),BLK-029,Tank,Yerel Tedarikçi A.Ş.,Kuru Havuz B,119,Kesim,Dahili Ekip,48,48,48552,48552,Muaf,2025-11-21,2025-11-27,2025-11-21,2025-11-27,0,Yok,Tamamlandı,100
NB-502 (Römorkör),BLK-029,Tank,Yerel Tedarikçi A.Ş.,Kuru Havuz B,119,Ön Montaj,Dahili Ekip,110,170,64260,68005,Kaldı - Yeniden İşlem,2025-11-28,2025-12-08,2025-11-28,2025-12-13,5,Hava Muhalefeti,Tamamlandı,100
NB-502 (Römorkör),BLK-029,Tank,Yerel Tedarikçi A.Ş.,Kuru Havuz B,119,Montaj,Dahili Ekip,121,121,68068,68068,Geçti,2025-12-14,2025-12-25,2025-12-14,2025-12-25,0,Yok,Tamamlandı,100
NB-502 (Römorkör),BLK-029,Tank,Yerel Tedarikçi A.Ş.,Kuru Havuz B,119,Kaynak,Taşeron - Alfa,154,154,54978,54978,Geçti,2025-12-27,2026-01-03,2025-12-27,2026-01-03,0,Yok,Tamamlandı,100
NB-502 (Römorkör),BLK-029,Tank,Yerel Tedarikçi A.Ş.,Kuru Havuz B,119,Boyama,Taşeron - Alfa,210,210,94010,94010,Muaf,2026-01-05,2026-01-15,2026-01-05,2026-01-15,0,Yok,Tamamlandı,100
NB-502 (Römorkör),BLK-029,Tank,Yerel Tedarikçi A.Ş.,Kuru Havuz B,119,Donatım,Taşeron - Alfa,384,474,118048,129558,Geçti,2026-01-16,2026-02-01,2026-01-16,2026-02-11,10,Ekipman/Vinç Arızası,Tamamlandı,100
NB-501 (Kimyasal Tanker),BLK-030,Üst Bina,Kardemir,Kuru Havuz B,80,Kesim,Taşeron - Beta,45,45,15840,15840,Muaf,2025-12-28,2025-12-31,2025-12-28,2025-12-31,0,Yok,Tamamlandı,100
NB-501 (Kimyasal Tanker),BLK-030,Üst Bina,Kardemir,Kuru Havuz B,80,Ön Montaj,Taşeron - Omega,165,165,60720,60720,Geçti,2026-01-02,2026-01-13,2026-01-02,2026-01-13,0,Yok,Tamamlandı,100
NB-501 (Kimyasal Tanker),BLK-030,Üst Bina,Kardemir,Kuru Havuz B,80,Montaj,Taşeron - Beta,208,208,58240,58240,Geçti,2026-01-15,2026-01-28,2026-01-15,2026-01-28,0,Yok,Tamamlandı,100
NB-501 (Kimyasal Tanker),BLK-030,Üst Bina,Kardemir,Kuru Havuz B,80,Kaynak,Taşeron - Omega,133,221,37520,43872,Kaldı - Yeniden İşlem,2026-01-30,2026-02-06,2026-01-30,2026-02-14,8,Kalite Reddi (NDT),Tamamlandı,100
NB-501 (Kimyasal Tanker),BLK-030,Üst Bina,Kardemir,Kuru Havuz B,80,Boyama,Taşeron - Beta,272,294,83200,84864,Muaf,2026-02-15,2026-03-03,2026-02-15,2026-03-05,2,Ekipman/Vinç Arızası,Tamamlandı,100
NB-501 (Kimyasal Tanker),BLK-030,Üst Bina,Kardemir,Kuru Havuz B,80,Donatım,Taşeron - Omega,320,320,71680,71680,Muaf,2026-03-06,2026-03-22,2026-03-06,2026-03-22,0,Yok,Tamamlandı,100
NB-504 (Askeri Gemi),BLK-031,Makine Dairesi,Kardemir,Kızak 2,161,Kesim,Taşeron - Beta,54,54,29946,29946,Muaf,2025-10-20,2025-10-23,2025-10-20,2025-10-23,0,Yok,Tamamlandı,100
NB-504 (Askeri Gemi),BLK-031,Makine Dairesi,Kardemir,Kızak 2,161,Ön Montaj,Taşeron - Beta,180,180,170982,170982,Geçti,2025-10-24,2025-11-11,2025-10-24,2025-11-11,0,Yok,Tamamlandı,100
NB-504 (Askeri Gemi),BLK-031,Makine Dairesi,Kardemir,Kızak 2,161,Montaj,Taşeron - Alfa,110,110,108031,108031,Geçti,2025-11-13,2025-11-24,2025-11-13,2025-11-24,0,Yok,Tamamlandı,100
NB-504 (Askeri Gemi),BLK-031,Makine Dairesi,Kardemir,Kızak 2,161,Kaynak,Taşeron - Beta,238,238,146510,146510,Geçti,2025-11-26,2025-12-10,2025-11-26,2025-12-10,0,Yok,Tamamlandı,100
NB-504 (Askeri Gemi),BLK-031,Makine Dairesi,Kardemir,Kızak 2,161,Boyama,Dahili Ekip,285,285,156009,156009,Muaf,2025-12-11,2025-12-30,2025-12-11,2025-12-30,0,Yok,Tamamlandı,100
NB-504 (Askeri Gemi),BLK-031,Makine Dairesi,Kardemir,Kızak 2,161,Donatım,Taşeron - Omega,234,299,131859,135949,Geçti,2025-12-31,2026-01-13,2025-12-31,2026-01-18,5,Malzeme Eksikliği,Tamamlandı,100
NB-504 (Askeri Gemi),BLK-032,Üst Bina,Erdemir,Kuru Havuz A,112,Kesim,Taşeron - Alfa,100,100,36400,36400,Muaf,2025-11-02,2025-11-07,2025-11-02,2025-11-07,0,Yok,Tamamlandı,100
NB-504 (Askeri Gemi),BLK-032,Üst Bina,Erdemir,Kuru Havuz A,112,Ön Montaj,Dahili Ekip,192,192,94080,94080,Geçti,2025-11-09,2025-11-21,2025-11-09,2025-11-21,0,Yok,Tamamlandı,100
NB-504 (Askeri Gemi),BLK-032,Üst Bina,Erdemir,Kuru Havuz A,112,Montaj,Taşeron - Beta,396,396,151200,151200,Geçti,2025-11-22,2025-12-10,2025-11-22,2025-12-10,0,Yok,Tamamlandı,100
NB-504 (Askeri Gemi),BLK-032,Üst Bina,Erdemir,Kuru Havuz A,112,Kaynak,Taşeron - Beta,153,189,51408,54360,Kaldı - Yeniden İşlem,2025-12-12,2025-12-21,2025-12-12,2025-12-25,4,Kalite Reddi (NDT),Tamamlandı,100
NB-504 (Askeri Gemi),BLK-032,Üst Bina,Erdemir,Kuru Havuz A,112,Boyama,Taşeron - Alfa,154,252,78400,85589,Muaf,2025-12-27,2026-01-10,2025-12-27,2026-01-17,7,Hava Muhalefeti,Tamamlandı,100
NB-504 (Askeri Gemi),BLK-032,Üst Bina,Erdemir,Kuru Havuz A,112,Donatım,Taşeron - Beta,120,165,107520,111546,Geçti,2026-01-18,2026-02-02,2026-01-18,2026-02-05,3,Ekipman/Vinç Arızası,Tamamlandı,100
NB-501 (Kimyasal Tanker),BLK-033,Makine Dairesi,Kardemir,Kuru Havuz A,39,Kesim,Taşeron - Alfa,50,190,10530,21630,Kaldı - Yeniden İşlem,2025-10-16,2025-10-21,2025-10-16,2025-10-31,10,İşgücü Yetersizliği,Tamamlandı,100
NB-501 (Kimyasal Tanker),BLK-033,Makine Dairesi,Kardemir,Kuru Havuz A,39,Ön Montaj,Taşeron - Alfa,144,144,35568,35568,Geçti,2025-11-02,2025-11-18,2025-11-02,2025-11-18,0,Yok,Tamamlandı,100
NB-501 (Kimyasal Tanker),BLK-033,Makine Dairesi,Kardemir,Kuru Havuz A,39,Montaj,Dahili Ekip,384,384,46800,46800,Geçti,2025-11-20,2025-12-06,2025-11-20,2025-12-06,0,Yok,Tamamlandı,100
NB-501 (Kimyasal Tanker),BLK-033,Makine Dairesi,Kardemir,Kuru Havuz A,39,Kaynak,Taşeron - Beta,231,231,34320,34320,Geçti,2025-12-07,2025-12-18,2025-12-07,2025-12-18,0,Yok,Tamamlandı,100
NB-501 (Kimyasal Tanker),BLK-033,Makine Dairesi,Kardemir,Kuru Havuz A,39,Boyama,Taşeron - Omega,418,418,40755,40755,Muaf,2025-12-20,2026-01-08,2025-12-20,2026-01-08,0,Yok,Tamamlandı,100
NB-501 (Kimyasal Tanker),BLK-033,Makine Dairesi,Kardemir,Kuru Havuz A,39,Donatım,Taşeron - Alfa,204,284,34632,42816,Geçti,2026-01-10,2026-01-22,2026-01-10,2026-01-30,8,Malzeme Eksikliği,Tamamlandı,100
NB-502 (Römorkör),BLK-034,Üst Bina,Kardemir,Kızak 1,25,Kesim,Dahili Ekip,105,155,10000,12555,Kaldı - Yeniden İşlem,2025-12-19,2025-12-24,2025-12-19,2025-12-29,5,Kalite Reddi (NDT),Tamamlandı,100
NB-502 (Römorkör),BLK-034,Üst Bina,Kardemir,Kızak 1,25,Ön Montaj,Taşeron - Alfa,322,322,18550,18550,Geçti,2025-12-31,2026-01-14,2025-12-31,2026-01-14,0,Yok,Tamamlandı,100
NB-502 (Römorkör),BLK-034,Üst Bina,Kardemir,Kızak 1,25,Montaj,Taşeron - Alfa,224,224,19250,19250,Geçti,2026-01-15,2026-01-29,2026-01-15,2026-01-29,0,Yok,Tamamlandı,100
NB-502 (Römorkör),BLK-034,Üst Bina,Kardemir,Kızak 1,25,Kaynak,Taşeron - Beta,140,224,15500,19904,Geçti,2026-01-30,2026-02-09,2026-01-30,2026-02-15,6,Malzeme Eksikliği,Tamamlandı,100
NB-502 (Römorkör),BLK-034,Üst Bina,Kardemir,Kızak 1,25,Boyama,Taşeron - Beta,160,160,25600,25600,Muaf,2026-02-17,2026-03-05,2026-02-17,2026-03-05,0,Yok,Tamamlandı,100
NB-502 (Römorkör),BLK-034,Üst Bina,Kardemir,Kızak 1,25,Donatım,Taşeron - Alfa,228,228,22200,22200,Muaf,2026-03-06,2026-03-18,2026-03-06,2026-03-18,0,Yok,Tamamlandı,100
NB-501 (Kimyasal Tanker),BLK-035,Gövde,SSAB,Kuru Havuz B,97,Kesim,Taşeron - Beta,69,123,20661,27825,Geçti,2025-12-03,2025-12-06,2025-12-03,2025-12-12,6,İşgücü Yetersizliği,Tamamlandı,100
NB-501 (Kimyasal Tanker),BLK-035,Gövde,SSAB,Kuru Havuz B,97,Ön Montaj,Dahili Ekip,460,460,137740,137740,Geçti,2025-12-13,2026-01-02,2025-12-13,2026-01-02,0,Yok,Tamamlandı,100
NB-501 (Kimyasal Tanker),BLK-035,Gövde,SSAB,Kuru Havuz B,97,Montaj,Taşeron - Alfa,96,96,89628,89628,Geçti,2026-01-04,2026-01-16,2026-01-04,2026-01-16,0,Yok,Tamamlandı,100
NB-501 (Kimyasal Tanker),BLK-035,Gövde,SSAB,Kuru Havuz B,97,Kaynak,Taşeron - Omega,308,308,100492,100492,Geçti,2026-01-18,2026-02-01,2026-01-18,2026-02-01,0,Yok,Tamamlandı,100
NB-501 (Kimyasal Tanker),BLK-035,Gövde,SSAB,Kuru Havuz B,97,Boyama,Taşeron - Beta,391,455,130271,135587,Muaf,2026-02-03,2026-02-20,2026-02-03,2026-02-24,4,Ekipman/Vinç Arızası,Tamamlandı,100
NB-501 (Kimyasal Tanker),BLK-035,Gövde,SSAB,Kuru Havuz B,97,Donatım,Taşeron - Omega,352,352,90016,90016,Muaf,2026-02-26,2026-03-14,2026-02-26,2026-03-14,0,Yok,Tamamlandı,100
NB-504 (Askeri Gemi),BLK-036,Tank,Yerel Tedarikçi A.Ş.,Kızak 2,139,Kesim,Taşeron - Omega,168,252,76867,82393,Kaldı - Yeniden İşlem,2025-12-04,2025-12-11,2025-12-04,2025-12-17,6,İşgücü Yetersizliği,Tamamlandı,100
NB-504 (Askeri Gemi),BLK-036,Tank,Yerel Tedarikçi A.Ş.,Kızak 2,139,Ön Montaj,Dahili Ekip,204,204,121764,121764,Geçti,2025-12-18,2025-12-30,2025-12-18,2025-12-30,0,Yok,Tamamlandı,100
NB-504 (Askeri Gemi),BLK-036,Tank,Yerel Tedarikçi A.Ş.,Kızak 2,139,Montaj,Taşeron - Beta,182,182,144560,144560,Geçti,2025-12-31,2026-01-13,2025-12-31,2026-01-13,0,Yok,Tamamlandı,100
NB-504 (Askeri Gemi),BLK-036,Tank,Yerel Tedarikçi A.Ş.,Kızak 2,139,Kaynak,Dahili Ekip,204,308,116760,122280,Geçti,2026-01-14,2026-01-26,2026-01-14,2026-02-03,8,Malzeme Eksikliği,Tamamlandı,100
NB-504 (Askeri Gemi),BLK-036,Tank,Yerel Tedarikçi A.Ş.,Kızak 2,139,Boyama,Dahili Ekip,308,362,142058,145172,Muaf,2026-02-05,2026-02-19,2026-02-05,2026-02-25,6,Hava Muhalefeti,Tamamlandı,100
NB-504 (Askeri Gemi),BLK-036,Tank,Yerel Tedarikçi A.Ş.,Kızak 2,139,Donatım,Dahili Ekip,162,162,140112,140112,Muaf,2026-02-27,2026-03-17,2026-02-27,2026-03-17,0,Yok,Tamamlandı,100
NB-502 (Römorkör),BLK-037,Gövde,SSAB,Kuru Havuz B,162,Kesim,Taşeron - Omega,80,80,46980,46980,Muaf,2025-11-18,2025-11-23,2025-11-18,2025-11-23,0,Yok,Tamamlandı,100
NB-502 (Römorkör),BLK-037,Gövde,SSAB,Kuru Havuz B,162,Ön Montaj,Taşeron - Alfa,360,360,143370,143370,Geçti,2025-11-24,2025-12-09,2025-11-24,2025-12-09,0,Yok,Tamamlandı,100
NB-502 (Römorkör),BLK-037,Gövde,SSAB,Kuru Havuz B,162,Montaj,Taşeron - Alfa,294,294,115668,115668,Geçti,2025-12-10,2025-12-24,2025-12-10,2025-12-24,0,Yok,Tamamlandı,100
NB-502 (Römorkör),BLK-037,Gövde,SSAB,Kuru Havuz B,162,Kaynak,Dahili Ekip,126,231,179172,185689,Kaldı - Yeniden İşlem,2025-12-25,2026-01-08,2025-12-25,2026-01-15,7,Kalite Reddi (NDT),Tamamlandı,100
NB-502 (Römorkör),BLK-037,Gövde,SSAB,Kuru Havuz B,162,Boyama,Dahili Ekip,315,315,128790,128790,Muaf,2026-01-17,2026-02-01,2026-01-17,2026-02-01,0,Yok,Tamamlandı,100
NB-502 (Römorkör),BLK-037,Gövde,SSAB,Kuru Havuz B,162,Donatım,Taşeron - Beta,182,182,142884,142884,Muaf,2026-02-02,2026-02-16,2026-02-02,2026-02-16,0,Yok,Tamamlandı,100
NB-501 (Kimyasal Tanker),BLK-038,Gövde,SSAB,Kuru Havuz A,167,Kesim,Dahili Ekip,126,318,66132,81408,Geçti,2025-11-10,2025-11-16,2025-11-10,2025-11-28,12,Hava Muhalefeti,Tamamlandı,100
NB-501 (Kimyasal Tanker),BLK-038,Gövde,SSAB,Kuru Havuz A,167,Ön Montaj,Dahili Ekip,300,390,167000,170978,Geçti,2025-11-29,2025-12-19,2025-11-29,2025-12-25,6,Ekipman/Vinç Arızası,Tamamlandı,100
NB-501 (Kimyasal Tanker),BLK-038,Gövde,SSAB,Kuru Havuz A,167,Montaj,Taşeron - Omega,285,285,127755,127755,Geçti,2025-12-27,2026-01-11,2025-12-27,2026-01-11,0,Yok,Tamamlandı,100
NB-501 (Kimyasal Tanker),BLK-038,Gövde,SSAB,Kuru Havuz A,167,Kaynak,Taşeron - Beta,112,112,94856,94856,Geçti,2026-01-13,2026-01-21,2026-01-13,2026-01-21,0,Yok,Tamamlandı,100
NB-501 (Kimyasal Tanker),BLK-038,Gövde,SSAB,Kuru Havuz A,167,Boyama,Dahili Ekip,238,238,224281,224281,Muaf,2026-01-22,2026-02-08,2026-01-22,2026-02-08,0,Yok,Tamamlandı,100
NB-501 (Kimyasal Tanker),BLK-038,Gövde,SSAB,Kuru Havuz A,167,Donatım,Taşeron - Alfa,225,225,160320,160320,Muaf,2026-02-10,2026-02-25,2026-02-10,2026-02-25,0,Yok,Tamamlandı,100
NB-503 (Kuru Yük),BLK-039,Gövde,SSAB,Açık Saha Donatım,130,Kesim,Taşeron - Beta,24,24,28470,28470,Muaf,2025-11-20,2025-11-23,2025-11-20,2025-11-23,0,Yok,Tamamlandı,100
NB-503 (Kuru Yük),BLK-039,Gövde,SSAB,Açık Saha Donatım,130,Ön Montaj,Taşeron - Omega,153,237,145860,151272,Kaldı - Yeniden İşlem,2025-11-24,2025-12-11,2025-11-24,2025-12-17,6,Kalite Reddi (NDT),Tamamlandı,100
NB-503 (Kuru Yük),BLK-039,Gövde,SSAB,Açık Saha Donatım,130,Montaj,Taşeron - Beta,221,263,116610,118920,Geçti,2025-12-19,2026-01-01,2025-12-19,2026-01-04,3,Malzeme Eksikliği,Tamamlandı,100
NB-503 (Kuru Yük),BLK-039,Gövde,SSAB,Açık Saha Donatım,130,Kaynak,Dahili Ekip,209,242,72930,75168,Geçti,2026-01-06,2026-01-17,2026-01-06,2026-01-20,3,Malzeme Eksikliği,Tamamlandı,100
NB-503 (Kuru Yük),BLK-039,Gövde,SSAB,Açık Saha Donatım,130,Boyama,Dahili Ekip,126,150,94640,97588,Muaf,2026-01-21,2026-02-04,2026-01-21,2026-02-06,2,Malzeme Eksikliği,Tamamlandı,100
NB-503 (Kuru Yük),BLK-039,Gövde,SSAB,Açık Saha Donatım,130,Donatım,Dahili Ekip,225,225,126750,126750,Muaf,2026-02-07,2026-02-22,2026-02-07,2026-02-22,0,Yok,Tamamlandı,100
NB-503 (Kuru Yük),BLK-040,Çift Dip (Double Bottom),Kardemir,Kuru Havuz B,20,Kesim,Taşeron - Beta,132,132,9120,9120,Muaf,2025-12-25,2025-12-31,2025-12-25,2025-12-31,0,Yok,Tamamlandı,100
NB-503 (Kuru Yük),BLK-040,Çift Dip (Double Bottom),Kardemir,Kuru Havuz B,20,Ön Montaj,Taşeron - Alfa,323,323,23560,23560,Geçti,2026-01-01,2026-01-20,2026-01-01,2026-01-20,0,Yok,Tamamlandı,100
NB-503 (Kuru Yük),BLK-040,Çift Dip (Double Bottom),Kardemir,Kuru Havuz B,20,Montaj,Dahili Ekip,154,154,16940,16940,Geçti,2026-01-21,2026-02-01,2026-01-21,2026-02-01,0,Yok,Tamamlandı,100
NB-503 (Kuru Yük),BLK-040,Çift Dip (Double Bottom),Kardemir,Kuru Havuz B,20,Kaynak,Taşeron - Omega,160,160,12640,12640,Geçti,2026-02-03,2026-02-11,2026-02-03,2026-02-11,0,Yok,Tamamlandı,100
NB-503 (Kuru Yük),BLK-040,Çift Dip (Double Bottom),Kardemir,Kuru Havuz B,20,Boyama,Taşeron - Alfa,143,143,20800,20800,Muaf,2026-02-13,2026-02-26,2026-02-13,2026-02-26,0,Yok,Tamamlandı,100
NB-503 (Kuru Yük),BLK-040,Çift Dip (Double Bottom),Kardemir,Kuru Havuz B,20,Donatım,Taşeron - Omega,140,140,21560,21560,Muaf,2026-02-28,2026-03-14,2026-02-28,2026-03-14,0,Yok,Tamamlandı,100
NB-502 (Römorkör),BLK-041,Çift Dip (Double Bottom),Yerel Tedarikçi A.Ş.,Açık Saha Donatım,32,Kesim,Dahili Ekip,45,45,5856,5856,Muaf,2025-11-22,2025-11-25,2025-11-22,2025-11-25,0,Yok,Tamamlandı,100
NB-502 (Römorkör),BLK-041,Çift Dip (Double Bottom),Yerel Tedarikçi A.Ş.,Açık Saha Donatım,32,Ön Montaj,Taşeron - Alfa,140,140,23680,23680,Geçti,2025-11-26,2025-12-06,2025-11-26,2025-12-06,0,Yok,Tamamlandı,100
NB-502 (Römorkör),BLK-041,Çift Dip (Double Bottom),Yerel Tedarikçi A.Ş.,Açık Saha Donatım,32,Montaj,Taşeron - Beta,180,180,24480,24480,Geçti,2025-12-07,2025-12-22,2025-12-07,2025-12-22,0,Yok,Tamamlandı,100
NB-502 (Römorkör),BLK-041,Çift Dip (Double Bottom),Yerel Tedarikçi A.Ş.,Açık Saha Donatım,32,Kaynak,Dahili Ekip,276,372,23424,26718,Kaldı - Yeniden İşlem,2025-12-23,2026-01-04,2025-12-23,2026-01-10,6,Kalite Reddi (NDT),Tamamlandı,100
NB-502 (Römorkör),BLK-041,Çift Dip (Double Bottom),Yerel Tedarikçi A.Ş.,Açık Saha Donatım,32,Boyama,Dahili Ekip,190,190,31008,31008,Muaf,2026-01-12,2026-01-31,2026-01-12,2026-01-31,0,Yok,Tamamlandı,100
NB-502 (Römorkör),BLK-041,Çift Dip (Double Bottom),Yerel Tedarikçi A.Ş.,Açık Saha Donatım,32,Donatım,Taşeron - Omega,352,352,31232,31232,Muaf,2026-02-02,2026-02-18,2026-02-02,2026-02-18,0,Yok,Tamamlandı,100
NB-503 (Kuru Yük),BLK-042,Çift Dip (Double Bottom),Erdemir,Açık Saha Donatım,90,Kesim,Taşeron - Omega,48,169,39420,47329,Geçti,2025-10-30,2025-11-05,2025-10-30,2025-11-16,11,Hava Muhalefeti,Tamamlandı,100
NB-503 (Kuru Yük),BLK-042,Çift Dip (Double Bottom),Erdemir,Açık Saha Donatım,90,Ön Montaj,Dahili Ekip,135,205,93150,98365,Geçti,2025-11-17,2025-12-02,2025-11-17,2025-12-07,5,Kalite Reddi (NDT),Tamamlandı,100
NB-503 (Kuru Yük),BLK-042,Çift Dip (Double Bottom),Erdemir,Açık Saha Donatım,90,Montaj,Taşeron - Beta,171,171,104310,104310,Geçti,2025-12-09,2025-12-28,2025-12-09,2025-12-28,0,Yok,Tamamlandı,100
NB-503 (Kuru Yük),BLK-042,Çift Dip (Double Bottom),Erdemir,Açık Saha Donatım,90,Kaynak,Taşeron - Alfa,90,90,52200,52200,Geçti,2025-12-30,2026-01-09,2025-12-30,2026-01-09,0,Yok,Tamamlandı,100
NB-503 (Kuru Yük),BLK-042,Çift Dip (Double Bottom),Erdemir,Açık Saha Donatım,90,Boyama,Taşeron - Beta,120,120,45900,45900,Muaf,2026-01-10,2026-01-20,2026-01-10,2026-01-20,0,Yok,Tamamlandı,100
NB-503 (Kuru Yük),BLK-042,Çift Dip (Double Bottom),Erdemir,Açık Saha Donatım,90,Donatım,Taşeron - Beta,352,382,109440,111339,Geçti,2026-01-21,2026-02-06,2026-01-21,2026-02-09,3,Hava Muhalefeti,Tamamlandı,100
NB-502 (Römorkör),BLK-043,Gövde,Yerel Tedarikçi A.Ş.,Kuru Havuz B,121,Kesim,Dahili Ekip,102,102,38478,38478,Muaf,2025-11-02,2025-11-08,2025-11-02,2025-11-08,0,Yok,Tamamlandı,100
NB-502 (Römorkör),BLK-043,Gövde,Yerel Tedarikçi A.Ş.,Kuru Havuz B,121,Ön Montaj,Taşeron - Alfa,182,350,94864,102796,Geçti,2025-11-09,2025-11-23,2025-11-09,2025-12-05,12,Ekipman/Vinç Arızası,Tamamlandı,100
NB-502 (Römorkör),BLK-043,Gövde,Yerel Tedarikçi A.Ş.,Kuru Havuz B,121,Montaj,Dahili Ekip,216,216,114708,114708,Geçti,2025-12-07,2025-12-19,2025-12-07,2025-12-19,0,Yok,Tamamlandı,100
NB-502 (Römorkör),BLK-043,Gövde,Yerel Tedarikçi A.Ş.,Kuru Havuz B,121,Kaynak,Dahili Ekip,130,130,81796,81796,Geçti,2025-12-21,2026-01-03,2025-12-21,2026-01-03,0,Yok,Tamamlandı,100
NB-502 (Römorkör),BLK-043,Gövde,Yerel Tedarikçi A.Ş.,Kuru Havuz B,121,Boyama,Dahili Ekip,180,220,156816,164076,Muaf,2026-01-04,2026-01-22,2026-01-04,2026-01-27,5,Hava Muhalefeti,Tamamlandı,100
NB-502 (Römorkör),BLK-043,Gövde,Yerel Tedarikçi A.Ş.,Kuru Havuz B,121,Donatım,Taşeron - Beta,322,322,96558,96558,Muaf,2026-01-29,2026-02-12,2026-01-29,2026-02-12,0,Yok,Tamamlandı,100
NB-502 (Römorkör),BLK-044,Çift Dip (Double Bottom),Yerel Tedarikçi A.Ş.,Kuru Havuz B,153,Kesim,Taşeron - Omega,110,110,55845,55845,Muaf,2026-01-05,2026-01-10,2026-01-05,2026-01-10,0,Yok,Tamamlandı,100
NB-502 (Römorkör),BLK-044,Çift Dip (Double Bottom),Yerel Tedarikçi A.Ş.,Kuru Havuz B,153,Ön Montaj,Taşeron - Beta,300,300,126225,126225,Geçti,2026-01-11,2026-01-26,2026-01-11,2026-01-26,0,Yok,Tamamlandı,100
NB-502 (Römorkör),BLK-044,Çift Dip (Double Bottom),Yerel Tedarikçi A.Ş.,Kuru Havuz B,153,Montaj,Taşeron - Alfa,299,299,159120,159120,Geçti,2026-01-27,2026-02-09,2026-01-27,2026-02-09,0,Yok,Tamamlandı,100
NB-502 (Römorkör),BLK-044,Çift Dip (Double Bottom),Yerel Tedarikçi A.Ş.,Kuru Havuz B,153,Kaynak,Taşeron - Beta,288,418,143208,149748,Geçti,2026-02-11,2026-02-23,2026-02-11,2026-03-05,10,Malzeme Eksikliği,Tamamlandı,100
NB-502 (Römorkör),BLK-044,Çift Dip (Double Bottom),Yerel Tedarikçi A.Ş.,Kuru Havuz B,153,Boyama,Dahili Ekip,144,199,161568,164548,Muaf,2026-03-07,2026-03-23,2026-03-07,2026-03-28,5,Hava Muhalefeti,Tamamlandı,100
NB-502 (Römorkör),BLK-044,Çift Dip (Double Bottom),Yerel Tedarikçi A.Ş.,Kuru Havuz B,153,Donatım,Taşeron - Omega,280,280,232560,232560,Muaf,2026-03-29,2026-04-18,2026-03-29,2026-04-18,0,Yok,Tamamlandı,100
NB-504 (Askeri Gemi),BLK-045,Çift Dip (Double Bottom),ThyssenKrupp,Kuru Havuz A,22,Kesim,Taşeron - Omega,24,120,3366,13062,Geçti,2025-12-07,2025-12-10,2025-12-07,2025-12-22,12,Hava Muhalefeti,Tamamlandı,100
NB-504 (Askeri Gemi),BLK-045,Çift Dip (Double Bottom),ThyssenKrupp,Kuru Havuz A,22,Ön Montaj,Taşeron - Omega,168,168,21120,21120,Geçti,2025-12-24,2026-01-05,2025-12-24,2026-01-05,0,Yok,Tamamlandı,100
NB-504 (Askeri Gemi),BLK-045,Çift Dip (Double Bottom),ThyssenKrupp,Kuru Havuz A,22,Montaj,Taşeron - Omega,357,357,23188,23188,Geçti,2026-01-07,2026-01-24,2026-01-07,2026-01-24,0,Yok,Tamamlandı,100
NB-504 (Askeri Gemi),BLK-045,Çift Dip (Double Bottom),ThyssenKrupp,Kuru Havuz A,22,Kaynak,Dahili Ekip,130,130,20592,20592,Geçti,2026-01-25,2026-02-07,2026-01-25,2026-02-07,0,Yok,Tamamlandı,100
NB-504 (Askeri Gemi),BLK-045,Çift Dip (Double Bottom),ThyssenKrupp,Kuru Havuz A,22,Boyama,Taşeron - Beta,180,180,22968,22968,Muaf,2026-02-09,2026-02-27,2026-02-09,2026-02-27,0,Yok,Tamamlandı,100
NB-504 (Askeri Gemi),BLK-045,Çift Dip (Double Bottom),ThyssenKrupp,Kuru Havuz A,22,Donatım,Taşeron - Alfa,324,324,29304,29304,Muaf,2026-02-28,2026-03-18,2026-02-28,2026-03-18,0,Yok,Tamamlandı,100
NB-502 (Römorkör),BLK-046,Tank,ThyssenKrupp,Kızak 2,85,Kesim,Dahili Ekip,154,199,44625,50420,Geçti,2025-11-23,2025-11-30,2025-11-23,2025-12-05,5,İşgücü Yetersizliği,Tamamlandı,100
NB-502 (Römorkör),BLK-046,Tank,ThyssenKrupp,Kızak 2,85,Ön Montaj,Taşeron - Omega,130,130,53550,53550,Geçti,2025-12-07,2025-12-17,2025-12-07,2025-12-17,0,Yok,Tamamlandı,100
NB-502 (Römorkör),BLK-046,Tank,ThyssenKrupp,Kızak 2,85,Montaj,Dahili Ekip,286,286,56355,56355,Geçti,2025-12-18,2025-12-31,2025-12-18,2025-12-31,0,Yok,Tamamlandı,100
NB-502 (Römorkör),BLK-046,Tank,ThyssenKrupp,Kızak 2,85,Kaynak,Dahili Ekip,147,147,36295,36295,Geçti,2026-01-01,2026-01-08,2026-01-01,2026-01-08,0,Yok,Tamamlandı,100
NB-502 (Römorkör),BLK-046,Tank,ThyssenKrupp,Kızak 2,85,Boyama,Taşeron - Beta,264,264,55165,55165,Muaf,2026-01-09,2026-01-20,2026-01-09,2026-01-20,0,Yok,Tamamlandı,100
NB-502 (Römorkör),BLK-046,Tank,ThyssenKrupp,Kızak 2,85,Donatım,Dahili Ekip,315,315,77775,77775,Muaf,2026-01-22,2026-02-06,2026-01-22,2026-02-06,0,Yok,Tamamlandı,100
NB-502 (Römorkör),BLK-047,Çift Dip (Double Bottom),ThyssenKrupp,Kuru Havuz B,135,Kesim,Taşeron - Alfa,110,110,50625,50625,Muaf,2025-11-25,2025-11-30,2025-11-25,2025-11-30,0,Yok,Tamamlandı,100
NB-502 (Römorkör),BLK-047,Çift Dip (Double Bottom),ThyssenKrupp,Kuru Havuz B,135,Ön Montaj,Dahili Ekip,110,198,70200,80232,Geçti,2025-12-01,2025-12-11,2025-12-01,2025-12-19,8,Ekipman/Vinç Arızası,Tamamlandı,100
NB-502 (Römorkör),BLK-047,Çift Dip (Double Bottom),ThyssenKrupp,Kuru Havuz B,135,Montaj,Taşeron - Alfa,160,160,72900,72900,Geçti,2025-12-20,2025-12-30,2025-12-20,2025-12-30,0,Yok,Tamamlandı,100
NB-502 (Römorkör),BLK-047,Çift Dip (Double Bottom),ThyssenKrupp,Kuru Havuz B,135,Kaynak,Dahili Ekip,143,143,90585,90585,Geçti,2025-12-31,2026-01-11,2025-12-31,2026-01-11,0,Yok,Tamamlandı,100
NB-502 (Römorkör),BLK-047,Çift Dip (Double Bottom),ThyssenKrupp,Kuru Havuz B,135,Boyama,Taşeron - Alfa,247,337,148770,159820,Muaf,2026-01-13,2026-02-01,2026-01-13,2026-02-11,10,Ekipman/Vinç Arızası,Tamamlandı,100
NB-502 (Römorkör),BLK-047,Çift Dip (Double Bottom),ThyssenKrupp,Kuru Havuz B,135,Donatım,Dahili Ekip,204,314,151470,160180,Geçti,2026-02-12,2026-03-01,2026-02-12,2026-03-11,10,Hava Muhalefeti,Tamamlandı,100
NB-504 (Askeri Gemi),BLK-048,Tank,Yerel Tedarikçi A.Ş.,Kuru Havuz A,97,Kesim,Taşeron - Omega,161,215,46851,51153,Kaldı - Yeniden İşlem,2025-11-06,2025-11-13,2025-11-06,2025-11-19,6,İşgücü Yetersizliği,Tamamlandı,100
NB-504 (Askeri Gemi),BLK-048,Tank,Yerel Tedarikçi A.Ş.,Kuru Havuz A,97,Ön Montaj,Taşeron - Beta,120,120,59170,59170,Geçti,2025-11-20,2025-11-30,2025-11-20,2025-11-30,0,Yok,Tamamlandı,100
NB-504 (Askeri Gemi),BLK-048,Tank,Yerel Tedarikçi A.Ş.,Kuru Havuz A,97,Montaj,Taşeron - Alfa,100,220,57230,64300,Geçti,2025-12-02,2025-12-12,2025-12-02,2025-12-22,10,Kalite Reddi (NDT),Tamamlandı,100
NB-504 (Askeri Gemi),BLK-048,Tank,Yerel Tedarikçi A.Ş.,Kuru Havuz A,97,Kaynak,Taşeron - Beta,136,136,45008,45008,Geçti,2025-12-24,2026-01-01,2025-12-24,2026-01-01,0,Yok,Tamamlandı,100
NB-504 (Askeri Gemi),BLK-048,Tank,Yerel Tedarikçi A.Ş.,Kuru Havuz A,97,Boyama,Taşeron - Beta,374,444,120377,129631,Muaf,2026-01-02,2026-01-19,2026-01-02,2026-01-26,7,Hava Muhalefeti,Tamamlandı,100
NB-504 (Askeri Gemi),BLK-048,Tank,Yerel Tedarikçi A.Ş.,Kuru Havuz A,97,Donatım,Taşeron - Alfa,286,286,90792,90792,Muaf,2026-01-28,2026-02-10,2026-01-28,2026-02-10,0,Yok,Tamamlandı,100
NB-503 (Kuru Yük),BLK-049,Tank,Yerel Tedarikçi A.Ş.,Kuru Havuz B,110,Kesim,Dahili Ekip,72,72,46860,46860,Muaf,2025-10-24,2025-10-30,2025-10-24,2025-10-30,0,Yok,Tamamlandı,100
NB-503 (Kuru Yük),BLK-049,Tank,Yerel Tedarikçi A.Ş.,Kuru Havuz B,110,Ön Montaj,Taşeron - Alfa,234,234,130680,130680,Geçti,2025-10-31,2025-11-18,2025-10-31,2025-11-18,0,Yok,Tamamlandı,100
NB-503 (Kuru Yük),BLK-049,Tank,Yerel Tedarikçi A.Ş.,Kuru Havuz B,110,Montaj,Taşeron - Beta,272,272,114070,114070,Geçti,2025-11-20,2025-12-07,2025-11-20,2025-12-07,0,Yok,Tamamlandı,100
NB-503 (Kuru Yük),BLK-049,Tank,Yerel Tedarikçi A.Ş.,Kuru Havuz B,110,Kaynak,Taşeron - Beta,207,207,55440,55440,Geçti,2025-12-08,2025-12-17,2025-12-08,2025-12-17,0,Yok,Tamamlandı,100
NB-503 (Kuru Yük),BLK-049,Tank,Yerel Tedarikçi A.Ş.,Kuru Havuz B,110,Boyama,Dahili Ekip,195,355,91520,97300,Muaf,2025-12-19,2026-01-01,2025-12-19,2026-01-11,10,Ekipman/Vinç Arızası,Tamamlandı,100
NB-503 (Kuru Yük),BLK-049,Tank,Yerel Tedarikçi A.Ş.,Kuru Havuz B,110,Donatım,Taşeron - Beta,336,336,118580,118580,Muaf,2026-01-13,2026-01-27,2026-01-13,2026-01-27,0,Yok,Tamamlandı,100
NB-502 (Römorkör),BLK-050,Çift Dip (Double Bottom),SSAB,Kuru Havuz B,41,Kesim,Taşeron - Beta,84,84,10004,10004,Muaf,2025-12-19,2025-12-23,2025-12-19,2025-12-23,0,Yok,Tamamlandı,100
NB-502 (Römorkör),BLK-050,Çift Dip (Double Bottom),SSAB,Kuru Havuz B,41,Ön Montaj,Taşeron - Omega,342,390,39114,42522,Geçti,2025-12-24,2026-01-11,2025-12-24,2026-01-14,3,İşgücü Yetersizliği,Tamamlandı,100
NB-502 (Römorkör),BLK-050,Çift Dip (Double Bottom),SSAB,Kuru Havuz B,41,Montaj,Taşeron - Alfa,196,244,30996,39330,Geçti,2026-01-15,2026-01-29,2026-01-15,2026-02-04,6,Ekipman/Vinç Arızası,Tamamlandı,100
NB-502 (Römorkör),BLK-050,Çift Dip (Double Bottom),SSAB,Kuru Havuz B,41,Kaynak,Taşeron - Alfa,133,283,17507,22697,Kaldı - Yeniden İşlem,2026-02-06,2026-02-13,2026-02-06,2026-02-23,10,Kalite Reddi (NDT),Tamamlandı,100
NB-502 (Römorkör),BLK-050,Çift Dip (Double Bottom),SSAB,Kuru Havuz B,41,Boyama,Taşeron - Alfa,130,130,29520,29520,Muaf,2026-02-24,2026-03-06,2026-02-24,2026-03-06,0,Yok,Tamamlandı,100
NB-502 (Römorkör),BLK-050,Çift Dip (Double Bottom),SSAB,Kuru Havuz B,41,Donatım,Taşeron - Alfa,110,173,22550,28262,Kaldı - Yeniden İşlem,2026-03-08,2026-03-18,2026-03-08,2026-03-25,7,Ekipman/Vinç Arızası,Tamamlandı,100
NB-503 (Kuru Yük),BLK-051,Makine Dairesi,SSAB,Kızak 2,28,Kesim,Taşeron - Alfa,88,208,5824,10248,Geçti,2025-10-10,2025-10-14,2025-10-10,2025-10-22,8,Ekipman/Vinç Arızası,Tamamlandı,100
NB-503 (Kuru Yük),BLK-051,Makine Dairesi,SSAB,Kızak 2,28,Ön Montaj,Dahili Ekip,240,240,17808,17808,Geçti,2025-10-23,2025-11-04,2025-10-23,2025-11-04,0,Yok,Tamamlandı,100
NB-503 (Kuru Yük),BLK-051,Makine Dairesi,SSAB,Kızak 2,28,Montaj,Taşeron - Alfa,456,573,42560,49085,Kaldı - Yeniden İşlem,2025-11-05,2025-11-24,2025-11-05,2025-12-03,9,Malzeme Eksikliği,Tamamlandı,100
NB-503 (Kuru Yük),BLK-051,Makine Dairesi,SSAB,Kızak 2,28,Kaynak,Taşeron - Beta,63,63,12936,12936,Geçti,2025-12-05,2025-12-12,2025-12-05,2025-12-12,0,Yok,Tamamlandı,100
NB-503 (Kuru Yük),BLK-051,Makine Dairesi,SSAB,Kızak 2,28,Boyama,Dahili Ekip,288,438,39312,50762,Muaf,2025-12-14,2026-01-01,2025-12-14,2026-01-11,10,Hava Muhalefeti,Tamamlandı,100
NB-503 (Kuru Yük),BLK-051,Makine Dairesi,SSAB,Kızak 2,28,Donatım,Taşeron - Alfa,180,180,26544,26544,Muaf,2026-01-12,2026-01-24,2026-01-12,2026-01-24,0,Yok,Tamamlandı,100
NB-502 (Römorkör),BLK-052,Üst Bina,Kardemir,Açık Saha Donatım,98,Kesim,Taşeron - Alfa,52,76,26264,28913,Geçti,2026-01-01,2026-01-05,2026-01-01,2026-01-08,3,Malzeme Eksikliği,Tamamlandı,100
NB-502 (Römorkör),BLK-052,Üst Bina,Kardemir,Açık Saha Donatım,98,Ön Montaj,Dahili Ekip,352,352,105056,105056,Geçti,2026-01-09,2026-01-25,2026-01-09,2026-01-25,0,Yok,Tamamlandı,100
NB-502 (Römorkör),BLK-052,Üst Bina,Kardemir,Açık Saha Donatım,98,Montaj,Taşeron - Omega,216,351,67032,75735,Kaldı - Yeniden İşlem,2026-01-26,2026-02-07,2026-01-26,2026-02-16,9,Hava Muhalefeti,Tamamlandı,100
NB-502 (Römorkör),BLK-052,Üst Bina,Kardemir,Açık Saha Donatım,98,Kaynak,Taşeron - Omega,144,144,56448,56448,Geçti,2026-02-18,2026-02-27,2026-02-18,2026-02-27,0,Yok,Tamamlandı,100
NB-502 (Römorkör),BLK-052,Üst Bina,Kardemir,Açık Saha Donatım,98,Boyama,Dahili Ekip,399,591,94962,106038,Muaf,2026-02-28,2026-03-19,2026-02-28,2026-03-31,12,Hava Muhalefeti,Tamamlandı,100
NB-502 (Römorkör),BLK-052,Üst Bina,Kardemir,Açık Saha Donatım,98,Donatım,Taşeron - Beta,304,304,115444,115444,Bekliyor,2026-04-02,2026-04-21,2026-04-02,,0,Yok,Devam Ediyor,42
NB-503 (Kuru Yük),BLK-053,Çift Dip (Double Bottom),SSAB,Kızak 2,153,Kesim,Taşeron - Alfa,76,160,31824,39664,Geçti,2025-11-15,2025-11-19,2025-11-15,2025-11-26,7,Hava Muhalefeti,Tamamlandı,100
NB-503 (Kuru Yük),BLK-053,Çift Dip (Double Bottom),SSAB,Kızak 2,153,Ön Montaj,Taşeron - Omega,168,186,126684,129404,Kaldı - Yeniden İşlem,2025-11-27,2025-12-09,2025-11-27,2025-12-11,2,İşgücü Yetersizliği,Tamamlandı,100
NB-503 (Kuru Yük),BLK-053,Çift Dip (Double Bottom),SSAB,Kızak 2,153,Montaj,Dahili Ekip,165,205,117045,120670,Geçti,2025-12-13,2025-12-28,2025-12-13,2026-01-02,5,Malzeme Eksikliği,Tamamlandı,100
NB-503 (Kuru Yük),BLK-053,Çift Dip (Double Bottom),SSAB,Kızak 2,153,Kaynak,Taşeron - Beta,99,179,124542,131998,Geçti,2026-01-03,2026-01-14,2026-01-03,2026-01-22,8,Malzeme Eksikliği,Tamamlandı,100
NB-503 (Kuru Yük),BLK-053,Çift Dip (Double Bottom),SSAB,Kızak 2,153,Boyama,Taşeron - Omega,480,480,177480,177480,Muaf,2026-01-24,2026-02-13,2026-01-24,2026-02-13,0,Yok,Tamamlandı,100
NB-503 (Kuru Yük),BLK-053,Çift Dip (Double Bottom),SSAB,Kızak 2,153,Donatım,Dahili Ekip,99,99,112761,112761,Muaf,2026-02-14,2026-02-25,2026-02-14,2026-02-25,0,Yok,Tamamlandı,100
NB-504 (Askeri Gemi),BLK-054,Makine Dairesi,SSAB,Kuru Havuz A,27,Kesim,Taşeron - Beta,24,74,5913,11373,Geçti,2026-01-09,2026-01-12,2026-01-09,2026-01-17,5,Hava Muhalefeti,Tamamlandı,100
NB-504 (Askeri Gemi),BLK-054,Makine Dairesi,SSAB,Kuru Havuz A,27,Ön Montaj,Dahili Ekip,234,289,36450,40745,Geçti,2026-01-18,2026-02-05,2026-01-18,2026-02-10,5,Kalite Reddi (NDT),Tamamlandı,100
NB-504 (Askeri Gemi),BLK-054,Makine Dairesi,SSAB,Kuru Havuz A,27,Montaj,Taşeron - Beta,136,136,29376,29376,Geçti,2026-02-11,2026-02-28,2026-02-11,2026-02-28,0,Yok,Tamamlandı,100
NB-504 (Askeri Gemi),BLK-054,Makine Dairesi,SSAB,Kuru Havuz A,27,Kaynak,Taşeron - Beta,80,80,16470,16470,Geçti,2026-03-01,2026-03-11,2026-03-01,2026-03-11,0,Yok,Tamamlandı,100
NB-504 (Askeri Gemi),BLK-054,Makine Dairesi,SSAB,Kuru Havuz A,27,Boyama,Dahili Ekip,168,168,25596,25596,Muaf,2026-03-12,2026-03-24,2026-03-12,2026-03-24,0,Yok,Tamamlandı,100
NB-504 (Askeri Gemi),BLK-054,Makine Dairesi,SSAB,Kuru Havuz A,27,Donatım,Taşeron - Alfa,220,292,18090,22994,Geçti,2026-03-26,2026-04-05,2026-03-26,2026-04-13,8,Ekipman/Vinç Arızası,Tamamlandı,100
NB-503 (Kuru Yük),BLK-055,Çift Dip (Double Bottom),Yerel Tedarikçi A.Ş.,Kuru Havuz A,68,Kesim,Taşeron - Omega,60,138,15504,23472,Geçti,2025-10-10,2025-10-13,2025-10-10,2025-10-19,6,Hava Muhalefeti,Tamamlandı,100
NB-503 (Kuru Yük),BLK-055,Çift Dip (Double Bottom),Yerel Tedarikçi A.Ş.,Kuru Havuz A,68,Ön Montaj,Taşeron - Omega,378,378,84456,84456,Geçti,2025-10-20,2025-11-07,2025-10-20,2025-11-07,0,Yok,Tamamlandı,100
NB-503 (Kuru Yük),BLK-055,Çift Dip (Double Bottom),Yerel Tedarikçi A.Ş.,Kuru Havuz A,68,Montaj,Taşeron - Omega,195,195,50388,50388,Geçti,2025-11-09,2025-11-22,2025-11-09,2025-11-22,0,Yok,Tamamlandı,100
NB-503 (Kuru Yük),BLK-055,Çift Dip (Double Bottom),Yerel Tedarikçi A.Ş.,Kuru Havuz A,68,Kaynak,Taşeron - Alfa,221,221,58344,58344,Geçti,2025-11-24,2025-12-07,2025-11-24,2025-12-07,0,Yok,Tamamlandı,100
NB-503 (Kuru Yük),BLK-055,Çift Dip (Double Bottom),Yerel Tedarikçi A.Ş.,Kuru Havuz A,68,Boyama,Dahili Ekip,165,191,59092,60342,Muaf,2025-12-09,2025-12-20,2025-12-09,2025-12-22,2,Hava Muhalefeti,Tamamlandı,100
NB-503 (Kuru Yük),BLK-055,Çift Dip (Double Bottom),Yerel Tedarikçi A.Ş.,Kuru Havuz A,68,Donatım,Dahili Ekip,288,288,57936,57936,Muaf,2025-12-23,2026-01-04,2025-12-23,2026-01-04,0,Yok,Tamamlandı,100
NB-501 (Kimyasal Tanker),BLK-056,Gövde,Erdemir,Kuru Havuz B,168,Kesim,Dahili Ekip,112,196,83496,92015,Geçti,2025-11-11,2025-11-18,2025-11-11,2025-11-25,7,Kalite Reddi (NDT),Tamamlandı,100
NB-501 (Kimyasal Tanker),BLK-056,Gövde,Erdemir,Kuru Havuz B,168,Ön Montaj,Taşeron - Omega,208,208,169344,169344,Geçti,2025-11-26,2025-12-12,2025-11-26,2025-12-12,0,Yok,Tamamlandı,100
NB-501 (Kimyasal Tanker),BLK-056,Gövde,Erdemir,Kuru Havuz B,168,Montaj,Taşeron - Omega,128,154,196224,198696,Geçti,2025-12-14,2025-12-30,2025-12-14,2026-01-01,2,Malzeme Eksikliği,Tamamlandı,100
NB-501 (Kimyasal Tanker),BLK-056,Gövde,Erdemir,Kuru Havuz B,168,Kaynak,Taşeron - Beta,184,282,83328,91966,Geçti,2026-01-02,2026-01-10,2026-01-02,2026-01-17,7,Malzeme Eksikliği,Tamamlandı,100
NB-501 (Kimyasal Tanker),BLK-056,Gövde,Erdemir,Kuru Havuz B,168,Boyama,Taşeron - Alfa,340,340,238560,238560,Muaf,2026-01-18,2026-02-07,2026-01-18,2026-02-07,0,Yok,Tamamlandı,100
NB-501 (Kimyasal Tanker),BLK-056,Gövde,Erdemir,Kuru Havuz B,168,Donatım,Taşeron - Beta,340,340,205632,205632,Muaf,2026-02-08,2026-02-25,2026-02-08,2026-02-25,0,Yok,Tamamlandı,100
NB-504 (Askeri Gemi),BLK-057,Gövde,Kardemir,Kuru Havuz B,147,Kesim,Taşeron - Omega,60,114,33516,41466,Geçti,2025-11-14,2025-11-17,2025-11-14,2025-11-23,6,Kalite Reddi (NDT),Tamamlandı,100
NB-504 (Askeri Gemi),BLK-057,Gövde,Kardemir,Kuru Havuz B,147,Ön Montaj,Taşeron - Beta,143,143,116571,116571,Geçti,2025-11-24,2025-12-07,2025-11-24,2025-12-07,0,Yok,Tamamlandı,100
NB-504 (Askeri Gemi),BLK-057,Gövde,Kardemir,Kuru Havuz B,147,Montaj,Taşeron - Omega,165,165,158760,158760,Geçti,2025-12-08,2025-12-23,2025-12-08,2025-12-23,0,Yok,Tamamlandı,100
NB-504 (Askeri Gemi),BLK-057,Gövde,Kardemir,Kuru Havuz B,147,Kaynak,Taşeron - Alfa,190,260,102900,106554,Kaldı - Yeniden İşlem,2025-12-24,2026-01-03,2025-12-24,2026-01-10,7,Kalite Reddi (NDT),Tamamlandı,100
NB-504 (Askeri Gemi),BLK-057,Gövde,Kardemir,Kuru Havuz B,147,Boyama,Dahili Ekip,225,225,165375,165375,Muaf,2026-01-11,2026-01-26,2026-01-11,2026-01-26,0,Yok,Tamamlandı,100
NB-504 (Askeri Gemi),BLK-057,Gövde,Kardemir,Kuru Havuz B,147,Donatım,Dahili Ekip,80,80,98490,98490,Muaf,2026-01-27,2026-02-06,2026-01-27,2026-02-06,0,Yok,Tamamlandı,100
NB-504 (Askeri Gemi),BLK-058,Çift Dip (Double Bottom),ThyssenKrupp,Kuru Havuz A,48,Kesim,Taşeron - Alfa,66,66,10512,10512,Muaf,2025-11-14,2025-11-17,2025-11-14,2025-11-17,0,Yok,Tamamlandı,100
NB-504 (Askeri Gemi),BLK-058,Çift Dip (Double Bottom),ThyssenKrupp,Kuru Havuz A,48,Ön Montaj,Taşeron - Beta,90,90,27840,27840,Geçti,2025-11-18,2025-11-28,2025-11-18,2025-11-28,0,Yok,Tamamlandı,100
NB-504 (Askeri Gemi),BLK-058,Çift Dip (Double Bottom),ThyssenKrupp,Kuru Havuz A,48,Montaj,Dahili Ekip,414,414,68256,68256,Geçti,2025-11-30,2025-12-18,2025-11-30,2025-12-18,0,Yok,Tamamlandı,100
NB-504 (Askeri Gemi),BLK-058,Çift Dip (Double Bottom),ThyssenKrupp,Kuru Havuz A,48,Kaynak,Dahili Ekip,207,207,24192,24192,Geçti,2025-12-20,2025-12-29,2025-12-20,2025-12-29,0,Yok,Tamamlandı,100
NB-504 (Askeri Gemi),BLK-058,Çift Dip (Double Bottom),ThyssenKrupp,Kuru Havuz A,48,Boyama,Dahili Ekip,220,220,60480,60480,Muaf,2025-12-31,2026-01-20,2025-12-31,2026-01-20,0,Yok,Tamamlandı,100
NB-504 (Askeri Gemi),BLK-058,Çift Dip (Double Bottom),ThyssenKrupp,Kuru Havuz A,48,Donatım,Taşeron - Beta,108,108,35136,35136,Muaf,2026-01-22,2026-02-03,2026-01-22,2026-02-03,0,Yok,Tamamlandı,100
NB-503 (Kuru Yük),BLK-059,Gövde,Yerel Tedarikçi A.Ş.,Kuru Havuz A,79,Kesim,Taşeron - Omega,147,147,41475,41475,Muaf,2025-12-13,2025-12-20,2025-12-13,2025-12-20,0,Yok,Tamamlandı,100
NB-503 (Kuru Yük),BLK-059,Gövde,Yerel Tedarikçi A.Ş.,Kuru Havuz A,79,Ön Montaj,Dahili Ekip,180,180,105228,105228,Geçti,2025-12-22,2026-01-09,2025-12-22,2026-01-09,0,Yok,Tamamlandı,100
NB-503 (Kuru Yük),BLK-059,Gövde,Yerel Tedarikçi A.Ş.,Kuru Havuz A,79,Montaj,Taşeron - Alfa,187,187,58223,58223,Geçti,2026-01-10,2026-01-21,2026-01-10,2026-01-21,0,Yok,Tamamlandı,100
NB-503 (Kuru Yük),BLK-059,Gövde,Yerel Tedarikçi A.Ş.,Kuru Havuz A,79,Kaynak,Taşeron - Beta,169,169,68809,68809,Geçti,2026-01-23,2026-02-05,2026-01-23,2026-02-05,0,Yok,Tamamlandı,100
NB-503 (Kuru Yük),BLK-059,Gövde,Yerel Tedarikçi A.Ş.,Kuru Havuz A,79,Boyama,Taşeron - Alfa,195,299,66360,72832,Muaf,2026-02-07,2026-02-22,2026-02-07,2026-03-02,8,Ekipman/Vinç Arızası,Tamamlandı,100
NB-503 (Kuru Yük),BLK-059,Gövde,Yerel Tedarikçi A.Ş.,Kuru Havuz A,79,Donatım,Taşeron - Alfa,112,112,85162,85162,Muaf,2026-03-04,2026-03-18,2026-03-04,2026-03-18,0,Yok,Tamamlandı,100
NB-503 (Kuru Yük),BLK-060,Tank,Erdemir,Açık Saha Donatım,122,Kesim,Taşeron - Alfa,90,90,43310,43310,Muaf,2026-01-04,2026-01-09,2026-01-04,2026-01-09,0,Yok,Tamamlandı,100
NB-503 (Kuru Yük),BLK-060,Tank,Erdemir,Açık Saha Donatım,122,Ön Montaj,Taşeron - Beta,272,272,136884,136884,Geçti,2026-01-11,2026-01-28,2026-01-11,2026-01-28,0,Yok,Tamamlandı,100
NB-503 (Kuru Yük),BLK-060,Tank,Erdemir,Açık Saha Donatım,122,Montaj,Taşeron - Alfa,156,156,91988,91988,Geçti,2026-01-29,2026-02-11,2026-01-29,2026-02-11,0,Yok,Tamamlandı,100
NB-503 (Kuru Yük),BLK-060,Tank,Erdemir,Açık Saha Donatım,122,Kaynak,Taşeron - Alfa,80,146,70272,78078,Geçti,2026-02-13,2026-02-21,2026-02-13,2026-02-27,6,Malzeme Eksikliği,Tamamlandı,100
NB-503 (Kuru Yük),BLK-060,Tank,Erdemir,Açık Saha Donatım,122,Boyama,Dahili Ekip,288,444,173484,188844,Muaf,2026-03-01,2026-03-19,2026-03-01,2026-03-31,12,Hava Muhalefeti,Tamamlandı,100
NB-503 (Kuru Yük),BLK-060,Tank,Erdemir,Açık Saha Donatım,122,Donatım,Taşeron - Beta,117,117,112606,112606,Muaf,2026-04-01,2026-04-14,2026-04-01,2026-04-14,0,Yok,Tamamlandı,100
NB-504 (Askeri Gemi),BLK-061,Üst Bina,Kardemir,Kuru Havuz A,121,Kesim,Taşeron - Omega,120,120,35695,35695,Muaf,2025-11-22,2025-11-27,2025-11-22,2025-11-27,0,Yok,Tamamlandı,100
NB-504 (Askeri Gemi),BLK-061,Üst Bina,Kardemir,Kuru Havuz A,121,Ön Montaj,Taşeron - Beta,208,208,125840,125840,Geçti,2025-11-29,2025-12-12,2025-11-29,2025-12-12,0,Yok,Tamamlandı,100
NB-504 (Askeri Gemi),BLK-061,Üst Bina,Kardemir,Kuru Havuz A,121,Montaj,Dahili Ekip,130,130,91234,91234,Geçti,2025-12-13,2025-12-26,2025-12-13,2025-12-26,0,Yok,Tamamlandı,100
NB-504 (Askeri Gemi),BLK-061,Üst Bina,Kardemir,Kuru Havuz A,121,Kaynak,Taşeron - Beta,117,159,70785,72432,Kaldı - Yeniden İşlem,2025-12-28,2026-01-06,2025-12-28,2026-01-09,3,Kalite Reddi (NDT),Tamamlandı,100
NB-504 (Askeri Gemi),BLK-061,Üst Bina,Kardemir,Kuru Havuz A,121,Boyama,Taşeron - Beta,299,377,108537,114873,Muaf,2026-01-11,2026-01-24,2026-01-11,2026-01-30,6,Hava Muhalefeti,Tamamlandı,100
NB-504 (Askeri Gemi),BLK-061,Üst Bina,Kardemir,Kuru Havuz A,121,Donatım,Taşeron - Beta,238,238,93170,93170,Muaf,2026-01-31,2026-02-14,2026-01-31,2026-02-14,0,Yok,Tamamlandı,100
NB-504 (Askeri Gemi),BLK-062,Gövde,Erdemir,Kuru Havuz B,83,Kesim,Taşeron - Beta,42,42,18177,18177,Muaf,2025-10-31,2025-11-03,2025-10-31,2025-11-03,0,Yok,Tamamlandı,100
NB-504 (Askeri Gemi),BLK-062,Gövde,Erdemir,Kuru Havuz B,83,Ön Montaj,Taşeron - Beta,110,110,50630,50630,Geçti,2025-11-05,2025-11-15,2025-11-05,2025-11-15,0,Yok,Tamamlandı,100
NB-504 (Askeri Gemi),BLK-062,Gövde,Erdemir,Kuru Havuz B,83,Montaj,Dahili Ekip,266,266,99351,99351,Geçti,2025-11-16,2025-12-05,2025-11-16,2025-12-05,0,Yok,Tamamlandı,100
NB-504 (Askeri Gemi),BLK-062,Gövde,Erdemir,Kuru Havuz B,83,Kaynak,Taşeron - Alfa,286,286,80925,80925,Geçti,2025-12-07,2025-12-20,2025-12-07,2025-12-20,0,Yok,Tamamlandı,100
NB-504 (Askeri Gemi),BLK-062,Gövde,Erdemir,Kuru Havuz B,83,Boyama,Dahili Ekip,182,280,62582,68742,Muaf,2025-12-21,2026-01-03,2025-12-21,2026-01-10,7,Hava Muhalefeti,Tamamlandı,100
NB-504 (Askeri Gemi),BLK-062,Gövde,Erdemir,Kuru Havuz B,83,Donatım,Taşeron - Omega,88,178,61171,76101,Kaldı - Yeniden İşlem,2026-01-11,2026-01-22,2026-01-11,2026-02-01,10,Ekipman/Vinç Arızası,Tamamlandı,100
NB-504 (Askeri Gemi),BLK-063,Tank,Erdemir,Açık Saha Donatım,89,Kesim,Taşeron - Omega,108,108,37380,37380,Muaf,2025-10-24,2025-10-30,2025-10-24,2025-10-30,0,Yok,Tamamlandı,100
NB-504 (Askeri Gemi),BLK-063,Tank,Erdemir,Açık Saha Donatım,89,Ön Montaj,Taşeron - Alfa,156,156,54468,54468,Geçti,2025-11-01,2025-11-13,2025-11-01,2025-11-13,0,Yok,Tamamlandı,100
NB-504 (Askeri Gemi),BLK-063,Tank,Erdemir,Açık Saha Donatım,89,Montaj,Taşeron - Beta,154,154,66038,66038,Geçti,2025-11-14,2025-11-28,2025-11-14,2025-11-28,0,Yok,Tamamlandı,100
NB-504 (Askeri Gemi),BLK-063,Tank,Erdemir,Açık Saha Donatım,89,Kaynak,Taşeron - Alfa,224,224,74760,74760,Geçti,2025-11-29,2025-12-13,2025-11-29,2025-12-13,0,Yok,Tamamlandı,100
NB-504 (Askeri Gemi),BLK-063,Tank,Erdemir,Açık Saha Donatım,89,Boyama,Dahili Ekip,299,299,61321,61321,Muaf,2025-12-15,2025-12-28,2025-12-15,2025-12-28,0,Yok,Tamamlandı,100
NB-504 (Askeri Gemi),BLK-063,Tank,Erdemir,Açık Saha Donatım,89,Donatım,Taşeron - Beta,304,304,130207,130207,Muaf,2025-12-29,2026-01-17,2025-12-29,2026-01-17,0,Yok,Tamamlandı,100
NB-504 (Askeri Gemi),BLK-064,Makine Dairesi,SSAB,Kızak 2,59,Kesim,Dahili Ekip,84,172,14396,30643,Geçti,2025-12-15,2025-12-19,2025-12-15,2025-12-30,11,Hava Muhalefeti,Tamamlandı,100
NB-504 (Askeri Gemi),BLK-064,Makine Dairesi,SSAB,Kızak 2,59,Ön Montaj,Dahili Ekip,200,200,67260,67260,Geçti,2025-12-31,2026-01-20,2025-12-31,2026-01-20,0,Yok,Tamamlandı,100
NB-504 (Askeri Gemi),BLK-064,Makine Dairesi,SSAB,Kızak 2,59,Montaj,Dahili Ekip,320,441,67968,82543,Geçti,2026-01-21,2026-02-06,2026-01-21,2026-02-17,11,Hava Muhalefeti,Tamamlandı,100
NB-504 (Askeri Gemi),BLK-064,Makine Dairesi,SSAB,Kızak 2,59,Kaynak,Taşeron - Alfa,96,96,41064,41064,Geçti,2026-02-18,2026-03-02,2026-02-18,2026-03-02,0,Yok,Tamamlandı,100
NB-504 (Askeri Gemi),BLK-064,Makine Dairesi,SSAB,Kızak 2,59,Boyama,Taşeron - Alfa,286,286,51389,51389,Muaf,2026-03-03,2026-03-16,2026-03-03,2026-03-16,0,Yok,Tamamlandı,100
NB-504 (Askeri Gemi),BLK-064,Makine Dairesi,SSAB,Kızak 2,59,Donatım,Taşeron - Beta,336,528,62776,78076,Geçti,2026-03-18,2026-04-01,2026-03-18,2026-04-13,12,Kalite Reddi (NDT),Tamamlandı,100
NB-502 (Römorkör),BLK-065,Tank,ThyssenKrupp,Kızak 1,49,Kesim,Taşeron - Omega,85,85,13965,13965,Muaf,2025-10-27,2025-11-01,2025-10-27,2025-11-01,0,Yok,Tamamlandı,100
NB-502 (Römorkör),BLK-065,Tank,ThyssenKrupp,Kızak 1,49,Ön Montaj,Taşeron - Omega,144,171,44688,48540,Kaldı - Yeniden İşlem,2025-11-03,2025-11-15,2025-11-03,2025-11-18,3,Kalite Reddi (NDT),Tamamlandı,100
NB-502 (Römorkör),BLK-065,Tank,ThyssenKrupp,Kızak 1,49,Montaj,Taşeron - Omega,143,278,38269,50734,Geçti,2025-11-20,2025-12-01,2025-11-20,2025-12-10,9,Kalite Reddi (NDT),Tamamlandı,100
NB-502 (Römorkör),BLK-065,Tank,ThyssenKrupp,Kızak 1,49,Kaynak,Taşeron - Alfa,160,160,20384,20384,Geçti,2025-12-11,2025-12-19,2025-12-11,2025-12-19,0,Yok,Tamamlandı,100
NB-502 (Römorkör),BLK-065,Tank,ThyssenKrupp,Kızak 1,49,Boyama,Dahili Ekip,242,242,40425,40425,Muaf,2025-12-20,2025-12-31,2025-12-20,2025-12-31,0,Yok,Tamamlandı,100
NB-502 (Römorkör),BLK-065,Tank,ThyssenKrupp,Kızak 1,49,Donatım,Taşeron - Alfa,234,346,44100,53172,Geçti,2026-01-02,2026-01-20,2026-01-02,2026-01-28,8,Hava Muhalefeti,Tamamlandı,100
NB-501 (Kimyasal Tanker),BLK-066,Tank,Erdemir,Kuru Havuz A,120,Kesim,Taşeron - Alfa,24,24,23760,23760,Muaf,2026-01-06,2026-01-09,2026-01-06,2026-01-09,0,Yok,Tamamlandı,100
NB-501 (Kimyasal Tanker),BLK-066,Tank,Erdemir,Kuru Havuz A,120,Ön Montaj,Taşeron - Alfa,190,190,155040,155040,Geçti,2026-01-10,2026-01-29,2026-01-10,2026-01-29,0,Yok,Tamamlandı,100
NB-501 (Kimyasal Tanker),BLK-066,Tank,Erdemir,Kuru Havuz A,120,Montaj,Taşeron - Beta,154,154,91080,91080,Geçti,2026-01-31,2026-02-11,2026-01-31,2026-02-11,0,Yok,Tamamlandı,100
NB-501 (Kimyasal Tanker),BLK-066,Tank,Erdemir,Kuru Havuz A,120,Kaynak,Dahili Ekip,126,190,95760,99872,Kaldı - Yeniden İşlem,2026-02-13,2026-02-27,2026-02-13,2026-03-03,4,Kalite Reddi (NDT),Tamamlandı,100
NB-501 (Kimyasal Tanker),BLK-066,Tank,Erdemir,Kuru Havuz A,120,Boyama,Taşeron - Omega,294,320,114240,115890,Muaf,2026-03-04,2026-03-18,2026-03-04,2026-03-20,2,Malzeme Eksikliği,Tamamlandı,100
NB-501 (Kimyasal Tanker),BLK-066,Tank,Erdemir,Kuru Havuz A,120,Donatım,Dahili Ekip,210,210,76800,76800,Muaf,2026-03-22,2026-04-01,2026-03-22,2026-04-01,0,Yok,Tamamlandı,100
NB-503 (Kuru Yük),BLK-067,Tank,Yerel Tedarikçi A.Ş.,Kızak 1,80,Kesim,Taşeron - Beta,48,72,30720,32322,Geçti,2025-10-04,2025-10-10,2025-10-04,2025-10-12,2,Malzeme Eksikliği,Tamamlandı,100
NB-503 (Kuru Yük),BLK-067,Tank,Yerel Tedarikçi A.Ş.,Kızak 1,80,Ön Montaj,Taşeron - Alfa,144,144,67840,67840,Geçti,2025-10-14,2025-10-30,2025-10-14,2025-10-30,0,Yok,Tamamlandı,100
NB-503 (Kuru Yük),BLK-067,Tank,Yerel Tedarikçi A.Ş.,Kızak 1,80,Montaj,Dahili Ekip,176,176,63360,63360,Geçti,2025-10-31,2025-11-11,2025-10-31,2025-11-11,0,Yok,Tamamlandı,100
NB-503 (Kuru Yük),BLK-067,Tank,Yerel Tedarikçi A.Ş.,Kızak 1,80,Kaynak,Taşeron - Omega,112,160,36400,39460,Kaldı - Yeniden İşlem,2025-11-12,2025-11-19,2025-11-12,2025-11-22,3,Kalite Reddi (NDT),Tamamlandı,100
NB-503 (Kuru Yük),BLK-067,Tank,Yerel Tedarikçi A.Ş.,Kızak 1,80,Boyama,Taşeron - Beta,480,480,89600,89600,Muaf,2025-11-24,2025-12-14,2025-11-24,2025-12-14,0,Yok,Tamamlandı,100
NB-503 (Kuru Yük),BLK-067,Tank,Yerel Tedarikçi A.Ş.,Kızak 1,80,Donatım,Taşeron - Omega,120,159,52800,54597,Geçti,2025-12-15,2025-12-25,2025-12-15,2025-12-28,3,Hava Muhalefeti,Tamamlandı,100
NB-502 (Römorkör),BLK-068,Gövde,Erdemir,Kuru Havuz A,170,Kesim,Taşeron - Alfa,80,80,49640,49640,Muaf,2025-11-16,2025-11-20,2025-11-16,2025-11-20,0,Yok,Tamamlandı,100
NB-502 (Römorkör),BLK-068,Gövde,Erdemir,Kuru Havuz A,170,Ön Montaj,Taşeron - Beta,153,153,182070,182070,Geçti,2025-11-22,2025-12-09,2025-11-22,2025-12-09,0,Yok,Tamamlandı,100
NB-502 (Römorkör),BLK-068,Gövde,Erdemir,Kuru Havuz A,170,Montaj,Taşeron - Omega,336,336,157760,157760,Geçti,2025-12-11,2025-12-27,2025-12-11,2025-12-27,0,Yok,Tamamlandı,100
NB-502 (Römorkör),BLK-068,Gövde,Erdemir,Kuru Havuz A,170,Kaynak,Taşeron - Beta,240,300,93500,97580,Kaldı - Yeniden İşlem,2025-12-29,2026-01-08,2025-12-29,2026-01-14,6,Kalite Reddi (NDT),Tamamlandı,100
NB-502 (Römorkör),BLK-068,Gövde,Erdemir,Kuru Havuz A,170,Boyama,Taşeron - Alfa,306,306,179180,179180,Muaf,2026-01-15,2026-02-01,2026-01-15,2026-02-01,0,Yok,Tamamlandı,100
NB-502 (Römorkör),BLK-068,Gövde,Erdemir,Kuru Havuz A,170,Donatım,Dahili Ekip,280,460,224400,236388,Geçti,2026-02-03,2026-02-23,2026-02-03,2026-03-07,12,Hava Muhalefeti,Tamamlandı,100
NB-503 (Kuru Yük),BLK-069,Çift Dip (Double Bottom),Yerel Tedarikçi A.Ş.,Kızak 1,59,Kesim,Taşeron - Omega,70,70,16520,16520,Muaf,2025-11-11,2025-11-16,2025-11-11,2025-11-16,0,Yok,Tamamlandı,100
NB-503 (Kuru Yük),BLK-069,Çift Dip (Double Bottom),Yerel Tedarikçi A.Ş.,Kızak 1,59,Ön Montaj,Taşeron - Beta,132,150,40887,43295,Kaldı - Yeniden İşlem,2025-11-17,2025-11-28,2025-11-17,2025-11-30,2,Ekipman/Vinç Arızası,Tamamlandı,100
NB-503 (Kuru Yük),BLK-069,Çift Dip (Double Bottom),Yerel Tedarikçi A.Ş.,Kızak 1,59,Montaj,Taşeron - Beta,200,280,64900,74450,Geçti,2025-12-01,2025-12-21,2025-12-01,2025-12-31,10,Ekipman/Vinç Arızası,Tamamlandı,100
NB-503 (Kuru Yük),BLK-069,Çift Dip (Double Bottom),Yerel Tedarikçi A.Ş.,Kızak 1,59,Kaynak,Taşeron - Alfa,231,363,39589,54925,Kaldı - Yeniden İşlem,2026-01-01,2026-01-12,2026-01-01,2026-01-24,12,Kalite Reddi (NDT),Tamamlandı,100
NB-503 (Kuru Yük),BLK-069,Çift Dip (Double Bottom),Yerel Tedarikçi A.Ş.,Kızak 1,59,Boyama,Taşeron - Alfa,200,344,74340,79749,Muaf,2026-01-25,2026-02-14,2026-01-25,2026-02-23,9,Hava Muhalefeti,Tamamlandı,100
NB-503 (Kuru Yük),BLK-069,Çift Dip (Double Bottom),Yerel Tedarikçi A.Ş.,Kızak 1,59,Donatım,Taşeron - Omega,288,288,61596,61596,Muaf,2026-02-24,2026-03-14,2026-02-24,2026-03-14,0,Yok,Tamamlandı,100
NB-503 (Kuru Yük),BLK-070,Gövde,Erdemir,Kuru Havuz B,48,Kesim,Taşeron - Omega,56,156,21504,31274,Geçti,2025-10-13,2025-10-20,2025-10-13,2025-10-30,10,Ekipman/Vinç Arızası,Tamamlandı,100
NB-503 (Kuru Yük),BLK-070,Gövde,Erdemir,Kuru Havuz B,48,Ön Montaj,Taşeron - Alfa,312,312,46176,46176,Geçti,2025-11-01,2025-11-14,2025-11-01,2025-11-14,0,Yok,Tamamlandı,100
NB-503 (Kuru Yük),BLK-070,Gövde,Erdemir,Kuru Havuz B,48,Montaj,Dahili Ekip,242,242,27456,27456,Geçti,2025-11-16,2025-11-27,2025-11-16,2025-11-27,0,Yok,Tamamlandı,100
NB-503 (Kuru Yük),BLK-070,Gövde,Erdemir,Kuru Havuz B,48,Kaynak,Dahili Ekip,64,64,19968,19968,Geçti,2025-11-29,2025-12-07,2025-11-29,2025-12-07,0,Yok,Tamamlandı,100
NB-503 (Kuru Yük),BLK-070,Gövde,Erdemir,Kuru Havuz B,48,Boyama,Taşeron - Beta,170,170,41616,41616,Muaf,2025-12-08,2025-12-25,2025-12-08,2025-12-25,0,Yok,Tamamlandı,100
NB-503 (Kuru Yük),BLK-070,Gövde,Erdemir,Kuru Havuz B,48,Donatım,Taşeron - Alfa,228,273,43776,46650,Geçti,2025-12-26,2026-01-07,2025-12-26,2026-01-10,3,Hava Muhalefeti,Tamamlandı,100
NB-504 (Askeri Gemi),BLK-071,Çift Dip (Double Bottom),ThyssenKrupp,Kuru Havuz A,112,Kesim,Dahili Ekip,50,50,35840,35840,Muaf,2025-11-10,2025-11-15,2025-11-10,2025-11-15,0,Yok,Tamamlandı,100
NB-504 (Askeri Gemi),BLK-071,Çift Dip (Double Bottom),ThyssenKrupp,Kuru Havuz A,112,Ön Montaj,Taşeron - Omega,96,96,69888,69888,Geçti,2025-11-17,2025-11-29,2025-11-17,2025-11-29,0,Yok,Tamamlandı,100
NB-504 (Askeri Gemi),BLK-071,Çift Dip (Double Bottom),ThyssenKrupp,Kuru Havuz A,112,Montaj,Taşeron - Beta,143,143,77616,77616,Geçti,2025-11-30,2025-12-11,2025-11-30,2025-12-11,0,Yok,Tamamlandı,100
NB-504 (Askeri Gemi),BLK-071,Çift Dip (Double Bottom),ThyssenKrupp,Kuru Havuz A,112,Kaynak,Taşeron - Omega,112,112,45472,45472,Geçti,2025-12-12,2025-12-19,2025-12-12,2025-12-19,0,Yok,Tamamlandı,100
NB-504 (Askeri Gemi),BLK-071,Çift Dip (Double Bottom),ThyssenKrupp,Kuru Havuz A,112,Boyama,Taşeron - Alfa,200,284,79520,87716,Muaf,2025-12-21,2025-12-31,2025-12-21,2026-01-06,6,Kalite Reddi (NDT),Tamamlandı,100
NB-504 (Askeri Gemi),BLK-071,Çift Dip (Double Bottom),ThyssenKrupp,Kuru Havuz A,112,Donatım,Taşeron - Omega,266,266,155344,155344,Muaf,2026-01-07,2026-01-26,2026-01-07,2026-01-26,0,Yok,Tamamlandı,100
NB-504 (Askeri Gemi),BLK-072,Gövde,Erdemir,Kızak 1,41,Kesim,Taşeron - Omega,60,60,14965,14965,Muaf,2025-10-30,2025-11-04,2025-10-30,2025-11-04,0,Yok,Tamamlandı,100
NB-504 (Askeri Gemi),BLK-072,Gövde,Erdemir,Kızak 1,41,Ön Montaj,Taşeron - Alfa,360,360,55350,55350,Geçti,2025-11-05,2025-11-23,2025-11-05,2025-11-23,0,Yok,Tamamlandı,100
NB-504 (Askeri Gemi),BLK-072,Gövde,Erdemir,Kızak 1,41,Montaj,Taşeron - Omega,208,352,38909,46781,Geçti,2025-11-25,2025-12-08,2025-11-25,2025-12-20,12,İşgücü Yetersizliği,Tamamlandı,100
NB-504 (Askeri Gemi),BLK-072,Gövde,Erdemir,Kızak 1,41,Kaynak,Taşeron - Omega,294,414,44772,55140,Geçti,2025-12-22,2026-01-05,2025-12-22,2026-01-13,8,Malzeme Eksikliği,Tamamlandı,100
NB-504 (Askeri Gemi),BLK-072,Gövde,Erdemir,Kızak 1,41,Boyama,Taşeron - Omega,380,476,52193,64637,Muaf,2026-01-15,2026-02-03,2026-01-15,2026-02-15,12,Hava Muhalefeti,Tamamlandı,100
NB-504 (Askeri Gemi),BLK-072,Gövde,Erdemir,Kızak 1,41,Donatım,Taşeron - Beta,224,224,36080,36080,Muaf,2026-02-16,2026-03-04,2026-02-16,2026-03-04,0,Yok,Tamamlandı,100
NB-504 (Askeri Gemi),BLK-073,Tank,Kardemir,Kızak 1,49,Kesim,Dahili Ekip,102,190,18228,29092,Geçti,2025-10-28,2025-11-03,2025-10-28,2025-11-11,8,Hava Muhalefeti,Tamamlandı,100
NB-504 (Askeri Gemi),BLK-073,Tank,Kardemir,Kızak 1,49,Ön Montaj,Dahili Ekip,294,294,48020,48020,Geçti,2025-11-13,2025-11-27,2025-11-13,2025-11-27,0,Yok,Tamamlandı,100
NB-504 (Askeri Gemi),BLK-073,Tank,Kardemir,Kızak 1,49,Montaj,Dahili Ekip,152,176,72618,74844,Geçti,2025-11-29,2025-12-18,2025-11-29,2025-12-21,3,Hava Muhalefeti,Tamamlandı,100
NB-504 (Askeri Gemi),BLK-073,Tank,Kardemir,Kızak 1,49,Kaynak,Taşeron - Omega,99,99,29106,29106,Geçti,2025-12-22,2025-12-31,2025-12-22,2025-12-31,0,Yok,Tamamlandı,100
NB-504 (Askeri Gemi),BLK-073,Tank,Kardemir,Kızak 1,49,Boyama,Taşeron - Beta,380,380,73549,73549,Muaf,2026-01-01,2026-01-20,2026-01-01,2026-01-20,0,Yok,Tamamlandı,100
NB-504 (Askeri Gemi),BLK-073,Tank,Kardemir,Kızak 1,49,Donatım,Taşeron - Beta,306,306,49980,49980,Muaf,2026-01-21,2026-02-07,2026-01-21,2026-02-07,0,Yok,Tamamlandı,100
NB-503 (Kuru Yük),BLK-074,Makine Dairesi,Yerel Tedarikçi A.Ş.,Kuru Havuz B,81,Kesim,Taşeron - Beta,115,115,31995,31995,Muaf,2025-12-20,2025-12-25,2025-12-20,2025-12-25,0,Yok,Tamamlandı,100
NB-503 (Kuru Yük),BLK-074,Makine Dairesi,Yerel Tedarikçi A.Ş.,Kuru Havuz B,81,Ön Montaj,Taşeron - Omega,144,144,55404,55404,Geçti,2025-12-27,2026-01-08,2025-12-27,2026-01-08,0,Yok,Tamamlandı,100
NB-503 (Kuru Yük),BLK-074,Makine Dairesi,Yerel Tedarikçi A.Ş.,Kuru Havuz B,81,Montaj,Taşeron - Beta,330,370,65610,68322,Geçti,2026-01-10,2026-01-25,2026-01-10,2026-01-29,4,Kalite Reddi (NDT),Tamamlandı,100
NB-503 (Kuru Yük),BLK-074,Makine Dairesi,Yerel Tedarikçi A.Ş.,Kuru Havuz B,81,Kaynak,Taşeron - Beta,121,121,46332,46332,Geçti,2026-01-30,2026-02-10,2026-01-30,2026-02-10,0,Yok,Tamamlandı,100
NB-503 (Kuru Yük),BLK-074,Makine Dairesi,Yerel Tedarikçi A.Ş.,Kuru Havuz B,81,Boyama,Taşeron - Omega,165,237,57024,70101,Muaf,2026-02-11,2026-02-22,2026-02-11,2026-03-03,9,Ekipman/Vinç Arızası,Tamamlandı,100
NB-503 (Kuru Yük),BLK-074,Makine Dairesi,Yerel Tedarikçi A.Ş.,Kuru Havuz B,81,Donatım,Taşeron - Alfa,130,193,84240,87999,Kaldı - Yeniden İşlem,2026-03-04,2026-03-17,2026-03-04,2026-03-24,7,İşgücü Yetersizliği,Tamamlandı,100
NB-502 (Römorkör),BLK-075,Tank,SSAB,Kızak 2,164,Kesim,Taşeron - Beta,27,93,33948,42792,Geçti,2025-10-08,2025-10-11,2025-10-08,2025-10-17,6,İşgücü Yetersizliği,Tamamlandı,100
NB-502 (Römorkör),BLK-075,Tank,SSAB,Kızak 2,164,Ön Montaj,Taşeron - Beta,156,156,119392,119392,Geçti,2025-10-18,2025-10-31,2025-10-18,2025-10-31,0,Yok,Tamamlandı,100
NB-502 (Römorkör),BLK-075,Tank,SSAB,Kızak 2,164,Montaj,Dahili Ekip,255,255,132840,132840,Geçti,2025-11-02,2025-11-17,2025-11-02,2025-11-17,0,Yok,Tamamlandı,100
NB-502 (Römorkör),BLK-075,Tank,SSAB,Kızak 2,164,Kaynak,Taşeron - Alfa,228,228,104304,104304,Geçti,2025-11-18,2025-11-30,2025-11-18,2025-11-30,0,Yok,Tamamlandı,100
NB-502 (Römorkör),BLK-075,Tank,SSAB,Kızak 2,164,Boyama,Dahili Ekip,209,209,199424,199424,Muaf,2025-12-02,2025-12-21,2025-12-02,2025-12-21,0,Yok,Tamamlandı,100
NB-502 (Römorkör),BLK-075,Tank,SSAB,Kızak 2,164,Donatım,Taşeron - Beta,345,345,157440,157440,Muaf,2025-12-23,2026-01-07,2025-12-23,2026-01-07,0,Yok,Tamamlandı,100
NB-501 (Kimyasal Tanker),BLK-076,Makine Dairesi,SSAB,Kızak 2,118,Kesim,Dahili Ekip,132,132,42480,42480,Muaf,2025-12-03,2025-12-09,2025-12-03,2025-12-09,0,Yok,Tamamlandı,100
NB-501 (Kimyasal Tanker),BLK-076,Makine Dairesi,SSAB,Kızak 2,118,Ön Montaj,Taşeron - Omega,252,252,123192,123192,Geçti,2025-12-11,2025-12-29,2025-12-11,2025-12-29,0,Yok,Tamamlandı,100
NB-501 (Kimyasal Tanker),BLK-076,Makine Dairesi,SSAB,Kızak 2,118,Montaj,Taşeron - Beta,224,224,110684,110684,Geçti,2025-12-30,2026-01-13,2025-12-30,2026-01-13,0,Yok,Tamamlandı,100
NB-501 (Kimyasal Tanker),BLK-076,Makine Dairesi,SSAB,Kızak 2,118,Kaynak,Dahili Ekip,117,117,54162,54162,Geçti,2026-01-15,2026-01-24,2026-01-15,2026-01-24,0,Yok,Tamamlandı,100
NB-501 (Kimyasal Tanker),BLK-076,Makine Dairesi,SSAB,Kızak 2,118,Boyama,Taşeron - Alfa,252,300,97468,103918,Muaf,2026-01-26,2026-02-09,2026-01-26,2026-02-15,6,Hava Muhalefeti,Tamamlandı,100
NB-501 (Kimyasal Tanker),BLK-076,Makine Dairesi,SSAB,Kızak 2,118,Donatım,Dahili Ekip,156,156,118118,118118,Muaf,2026-02-17,2026-03-02,2026-02-17,2026-03-02,0,Yok,Tamamlandı,100
NB-501 (Kimyasal Tanker),BLK-077,Üst Bina,Yerel Tedarikçi A.Ş.,Kızak 1,45,Kesim,Taşeron - Beta,70,70,15975,15975,Muaf,2026-01-06,2026-01-11,2026-01-06,2026-01-11,0,Yok,Tamamlandı,100
NB-501 (Kimyasal Tanker),BLK-077,Üst Bina,Yerel Tedarikçi A.Ş.,Kızak 1,45,Ön Montaj,Taşeron - Omega,378,406,63990,66122,Geçti,2026-01-13,2026-01-31,2026-01-13,2026-02-02,2,Hava Muhalefeti,Tamamlandı,100
NB-501 (Kimyasal Tanker),BLK-077,Üst Bina,Yerel Tedarikçi A.Ş.,Kızak 1,45,Montaj,Taşeron - Beta,190,238,22500,24620,Geçti,2026-02-03,2026-02-13,2026-02-03,2026-02-17,4,Hava Muhalefeti,Tamamlandı,100
NB-501 (Kimyasal Tanker),BLK-077,Üst Bina,Yerel Tedarikçi A.Ş.,Kızak 1,45,Kaynak,Dahili Ekip,110,110,37125,37125,Geçti,2026-02-19,2026-03-02,2026-02-19,2026-03-02,0,Yok,Tamamlandı,100
NB-501 (Kimyasal Tanker),BLK-077,Üst Bina,Yerel Tedarikçi A.Ş.,Kızak 1,45,Boyama,Taşeron - Alfa,440,440,71100,71100,Muaf,2026-03-03,2026-03-23,2026-03-03,2026-03-23,0,Yok,Tamamlandı,100
NB-501 (Kimyasal Tanker),BLK-077,Üst Bina,Yerel Tedarikçi A.Ş.,Kızak 1,45,Donatım,Taşeron - Omega,224,224,33390,33390,Muaf,2026-03-24,2026-04-07,2026-03-24,2026-04-07,0,Yok,Tamamlandı,100
NB-501 (Kimyasal Tanker),BLK-078,Gövde,ThyssenKrupp,Açık Saha Donatım,75,Kesim,Dahili Ekip,48,48,18900,18900,Muaf,2025-12-29,2026-01-02,2025-12-29,2026-01-02,0,Yok,Tamamlandı,100
NB-501 (Kimyasal Tanker),BLK-078,Gövde,ThyssenKrupp,Açık Saha Donatım,75,Ön Montaj,Dahili Ekip,156,286,69225,77995,Geçti,2026-01-03,2026-01-16,2026-01-03,2026-01-26,10,İşgücü Yetersizliği,Tamamlandı,100
NB-501 (Kimyasal Tanker),BLK-078,Gövde,ThyssenKrupp,Açık Saha Donatım,75,Montaj,Dahili Ekip,150,150,58500,58500,Geçti,2026-01-27,2026-02-11,2026-01-27,2026-02-11,0,Yok,Tamamlandı,100
NB-501 (Kimyasal Tanker),BLK-078,Gövde,ThyssenKrupp,Açık Saha Donatım,75,Kaynak,Taşeron - Omega,99,99,34425,34425,Geçti,2026-02-12,2026-02-21,2026-02-12,2026-02-21,0,Yok,Tamamlandı,100
NB-501 (Kimyasal Tanker),BLK-078,Gövde,ThyssenKrupp,Açık Saha Donatım,75,Boyama,Taşeron - Alfa,224,224,69300,69300,Muaf,2026-02-23,2026-03-09,2026-02-23,2026-03-09,0,Yok,Tamamlandı,100
NB-501 (Kimyasal Tanker),BLK-078,Gövde,ThyssenKrupp,Açık Saha Donatım,75,Donatım,Dahili Ekip,120,120,54000,54000,Muaf,2026-03-10,2026-03-22,2026-03-10,2026-03-22,0,Yok,Tamamlandı,100
NB-503 (Kuru Yük),BLK-079,Makine Dairesi,ThyssenKrupp,Açık Saha Donatım,150,Kesim,Taşeron - Beta,138,138,63000,63000,Muaf,2025-12-10,2025-12-16,2025-12-10,2025-12-16,0,Yok,Tamamlandı,100
NB-503 (Kuru Yük),BLK-079,Makine Dairesi,ThyssenKrupp,Açık Saha Donatım,150,Ön Montaj,Dahili Ekip,180,279,205200,212900,Geçti,2025-12-17,2026-01-04,2025-12-17,2026-01-15,11,Kalite Reddi (NDT),Tamamlandı,100
NB-503 (Kuru Yük),BLK-079,Makine Dairesi,ThyssenKrupp,Açık Saha Donatım,150,Montaj,Taşeron - Omega,270,270,170100,170100,Geçti,2026-01-17,2026-02-04,2026-01-17,2026-02-04,0,Yok,Tamamlandı,100
NB-503 (Kuru Yük),BLK-079,Makine Dairesi,ThyssenKrupp,Açık Saha Donatım,150,Kaynak,Taşeron - Alfa,140,140,90000,90000,Geçti,2026-02-05,2026-02-15,2026-02-05,2026-02-15,0,Yok,Tamamlandı,100
NB-503 (Kuru Yük),BLK-079,Makine Dairesi,ThyssenKrupp,Açık Saha Donatım,150,Boyama,Taşeron - Omega,180,180,111000,111000,Muaf,2026-02-17,2026-02-27,2026-02-17,2026-02-27,0,Yok,Tamamlandı,100
NB-503 (Kuru Yük),BLK-079,Makine Dairesi,ThyssenKrupp,Açık Saha Donatım,150,Donatım,Taşeron - Beta,130,130,96000,96000,Muaf,2026-02-28,2026-03-10,2026-02-28,2026-03-10,0,Yok,Tamamlandı,100
NB-503 (Kuru Yük),BLK-080,Tank,Kardemir,Açık Saha Donatım,35,Kesim,Dahili Ekip,84,84,12390,12390,Muaf,2025-11-27,2025-12-03,2025-11-27,2025-12-03,0,Yok,Tamamlandı,100
NB-503 (Kuru Yük),BLK-080,Tank,Kardemir,Açık Saha Donatım,35,Ön Montaj,Taşeron - Omega,360,490,28350,38650,Geçti,2025-12-05,2025-12-20,2025-12-05,2025-12-30,10,Kalite Reddi (NDT),Tamamlandı,100
NB-503 (Kuru Yük),BLK-080,Tank,Kardemir,Açık Saha Donatım,35,Montaj,Taşeron - Beta,252,362,50400,58380,Geçti,2025-12-31,2026-01-18,2025-12-31,2026-01-28,10,Kalite Reddi (NDT),Tamamlandı,100
NB-503 (Kuru Yük),BLK-080,Tank,Kardemir,Açık Saha Donatım,35,Kaynak,Taşeron - Omega,120,120,18480,18480,Geçti,2026-01-30,2026-02-07,2026-01-30,2026-02-07,0,Yok,Tamamlandı,100
NB-503 (Kuru Yük),BLK-080,Tank,Kardemir,Açık Saha Donatım,35,Boyama,Taşeron - Beta,240,240,26460,26460,Muaf,2026-02-09,2026-02-21,2026-02-09,2026-02-21,0,Yok,Tamamlandı,100
NB-503 (Kuru Yük),BLK-080,Tank,Kardemir,Açık Saha Donatım,35,Donatım,Taşeron - Omega,192,192,36960,36960,Muaf,2026-02-23,2026-03-11,2026-02-23,2026-03-11,0,Yok,Tamamlandı,100
NB-501 (Kimyasal Tanker),BLK-081,Gövde,Kardemir,Kuru Havuz A,70,Kesim,Dahili Ekip,126,126,33180,33180,Muaf,2025-12-05,2025-12-11,2025-12-05,2025-12-11,0,Yok,Tamamlandı,100
NB-501 (Kimyasal Tanker),BLK-081,Gövde,Kardemir,Kuru Havuz A,70,Ön Montaj,Taşeron - Omega,196,238,69580,72583,Kaldı - Yeniden İşlem,2025-12-12,2025-12-26,2025-12-12,2025-12-29,3,Malzeme Eksikliği,Tamamlandı,100
NB-501 (Kimyasal Tanker),BLK-081,Gövde,Kardemir,Kuru Havuz A,70,Montaj,Taşeron - Alfa,352,352,87360,87360,Geçti,2025-12-30,2026-01-15,2025-12-30,2026-01-15,0,Yok,Tamamlandı,100
NB-501 (Kimyasal Tanker),BLK-081,Gövde,Kardemir,Kuru Havuz A,70,Kaynak,Dahili Ekip,91,91,33810,33810,Geçti,2026-01-17,2026-01-24,2026-01-17,2026-01-24,0,Yok,Tamamlandı,100
NB-501 (Kimyasal Tanker),BLK-081,Gövde,Kardemir,Kuru Havuz A,70,Boyama,Taşeron - Omega,240,240,44100,44100,Muaf,2026-01-25,2026-02-04,2026-01-25,2026-02-04,0,Yok,Tamamlandı,100
NB-501 (Kimyasal Tanker),BLK-081,Gövde,Kardemir,Kuru Havuz A,70,Donatım,Taşeron - Alfa,270,410,81900,92480,Geçti,2026-02-06,2026-02-24,2026-02-06,2026-03-06,10,Kalite Reddi (NDT),Tamamlandı,100
NB-501 (Kimyasal Tanker),BLK-082,Makine Dairesi,Yerel Tedarikçi A.Ş.,Kızak 2,31,Kesim,Dahili Ekip,55,55,11780,11780,Muaf,2025-10-28,2025-11-02,2025-10-28,2025-11-02,0,Yok,Tamamlandı,100
NB-501 (Kimyasal Tanker),BLK-082,Makine Dairesi,Yerel Tedarikçi A.Ş.,Kızak 2,31,Ön Montaj,Taşeron - Beta,299,299,29016,29016,Geçti,2025-11-04,2025-11-17,2025-11-04,2025-11-17,0,Yok,Tamamlandı,100
NB-501 (Kimyasal Tanker),BLK-082,Makine Dairesi,Yerel Tedarikçi A.Ş.,Kızak 2,31,Montaj,Dahili Ekip,195,195,35340,35340,Geçti,2025-11-19,2025-12-04,2025-11-19,2025-12-04,0,Yok,Tamamlandı,100
NB-501 (Kimyasal Tanker),BLK-082,Makine Dairesi,Yerel Tedarikçi A.Ş.,Kızak 2,31,Kaynak,Dahili Ekip,154,190,15624,19268,Kaldı - Yeniden İşlem,2025-12-05,2025-12-12,2025-12-05,2025-12-16,4,Kalite Reddi (NDT),Tamamlandı,100
NB-501 (Kimyasal Tanker),BLK-082,Makine Dairesi,Yerel Tedarikçi A.Ş.,Kızak 2,31,Boyama,Taşeron - Alfa,156,156,29016,29016,Muaf,2025-12-18,2025-12-31,2025-12-18,2025-12-31,0,Yok,Tamamlandı,100
NB-501 (Kimyasal Tanker),BLK-082,Makine Dairesi,Yerel Tedarikçi A.Ş.,Kızak 2,31,Donatım,Taşeron - Omega,90,90,18290,18290,Muaf,2026-01-01,2026-01-11,2026-01-01,2026-01-11,0,Yok,Tamamlandı,100
NB-501 (Kimyasal Tanker),BLK-083,Makine Dairesi,Yerel Tedarikçi A.Ş.,Kuru Havuz B,58,Kesim,Taşeron - Beta,96,96,20532,20532,Muaf,2025-12-10,2025-12-16,2025-12-10,2025-12-16,0,Yok,Tamamlandı,100
NB-501 (Kimyasal Tanker),BLK-083,Makine Dairesi,Yerel Tedarikçi A.Ş.,Kuru Havuz B,58,Ön Montaj,Taşeron - Beta,90,90,35380,35380,Geçti,2025-12-17,2025-12-27,2025-12-17,2025-12-27,0,Yok,Tamamlandı,100
NB-501 (Kimyasal Tanker),BLK-083,Makine Dairesi,Yerel Tedarikçi A.Ş.,Kuru Havuz B,58,Montaj,Dahili Ekip,170,260,64090,74206,Geçti,2025-12-29,2026-01-15,2025-12-29,2026-01-24,9,İşgücü Yetersizliği,Tamamlandı,100
NB-501 (Kimyasal Tanker),BLK-083,Makine Dairesi,Yerel Tedarikçi A.Ş.,Kuru Havuz B,58,Kaynak,Taşeron - Beta,147,219,28420,40052,Kaldı - Yeniden İşlem,2026-01-25,2026-02-01,2026-01-25,2026-02-09,8,Kalite Reddi (NDT),Tamamlandı,100
NB-501 (Kimyasal Tanker),BLK-083,Makine Dairesi,Yerel Tedarikçi A.Ş.,Kuru Havuz B,58,Boyama,Taşeron - Omega,176,176,46400,46400,Muaf,2026-02-11,2026-02-27,2026-02-11,2026-02-27,0,Yok,Tamamlandı,100
NB-501 (Kimyasal Tanker),BLK-083,Makine Dairesi,Yerel Tedarikçi A.Ş.,Kuru Havuz B,58,Donatım,Taşeron - Beta,374,413,67048,68872,Geçti,2026-03-01,2026-03-18,2026-03-01,2026-03-21,3,Hava Muhalefeti,Tamamlandı,100
NB-504 (Askeri Gemi),BLK-084,Tank,ThyssenKrupp,Kuru Havuz A,150,Kesim,Taşeron - Omega,168,216,72450,75141,Geçti,2025-11-17,2025-11-24,2025-11-17,2025-11-27,3,Kalite Reddi (NDT),Tamamlandı,100
NB-504 (Askeri Gemi),BLK-084,Tank,ThyssenKrupp,Kuru Havuz A,150,Ön Montaj,Taşeron - Omega,242,242,105600,105600,Geçti,2025-11-28,2025-12-09,2025-11-28,2025-12-09,0,Yok,Tamamlandı,100
NB-504 (Askeri Gemi),BLK-084,Tank,ThyssenKrupp,Kuru Havuz A,150,Montaj,Taşeron - Omega,360,360,205200,205200,Geçti,2025-12-10,2025-12-28,2025-12-10,2025-12-28,0,Yok,Tamamlandı,100
NB-504 (Askeri Gemi),BLK-084,Tank,ThyssenKrupp,Kuru Havuz A,150,Kaynak,Taşeron - Omega,196,196,115500,115500,Geçti,2025-12-30,2026-01-13,2025-12-30,2026-01-13,0,Yok,Tamamlandı,100
NB-504 (Askeri Gemi),BLK-084,Tank,ThyssenKrupp,Kuru Havuz A,150,Boyama,Taşeron - Beta,272,324,140250,145790,Muaf,2026-01-15,2026-02-01,2026-01-15,2026-02-05,4,Kalite Reddi (NDT),Tamamlandı,100
NB-504 (Askeri Gemi),BLK-084,Tank,ThyssenKrupp,Kuru Havuz A,150,Donatım,Taşeron - Alfa,110,253,99000,109626,Geçti,2026-02-07,2026-02-18,2026-02-07,2026-03-01,11,Hava Muhalefeti,Tamamlandı,100
NB-501 (Kimyasal Tanker),BLK-085,Üst Bina,Kardemir,Kuru Havuz A,76,Kesim,Taşeron - Alfa,108,108,23256,23256,Muaf,2025-12-12,2025-12-18,2025-12-12,2025-12-18,0,Yok,Tamamlandı,100
NB-501 (Kimyasal Tanker),BLK-085,Üst Bina,Kardemir,Kuru Havuz A,76,Ön Montaj,Taşeron - Omega,204,204,70224,70224,Geçti,2025-12-20,2026-01-01,2025-12-20,2026-01-01,0,Yok,Tamamlandı,100
NB-501 (Kimyasal Tanker),BLK-085,Üst Bina,Kardemir,Kuru Havuz A,76,Montaj,Dahili Ekip,176,176,58520,58520,Geçti,2026-01-03,2026-01-14,2026-01-03,2026-01-14,0,Yok,Tamamlandı,100
NB-501 (Kimyasal Tanker),BLK-085,Üst Bina,Kardemir,Kuru Havuz A,76,Kaynak,Dahili Ekip,99,99,34884,34884,Geçti,2026-01-15,2026-01-24,2026-01-15,2026-01-24,0,Yok,Tamamlandı,100
NB-501 (Kimyasal Tanker),BLK-085,Üst Bina,Kardemir,Kuru Havuz A,76,Boyama,Taşeron - Beta,264,264,46816,46816,Muaf,2026-01-26,2026-02-06,2026-01-26,2026-02-06,0,Yok,Tamamlandı,100
NB-501 (Kimyasal Tanker),BLK-085,Üst Bina,Kardemir,Kuru Havuz A,76,Donatım,Dahili Ekip,152,152,101080,101080,Muaf,2026-02-08,2026-02-27,2026-02-08,2026-02-27,0,Yok,Tamamlandı,100
NB-503 (Kuru Yük),BLK-086,Gövde,Erdemir,Kızak 2,148,Kesim,Taşeron - Beta,48,75,61272,63036,Geçti,2025-10-07,2025-10-13,2025-10-07,2025-10-16,3,İşgücü Yetersizliği,Tamamlandı,100
NB-503 (Kuru Yük),BLK-086,Gövde,Erdemir,Kızak 2,148,Ön Montaj,Taşeron - Omega,360,360,151848,151848,Geçti,2025-10-18,2025-11-05,2025-10-18,2025-11-05,0,Yok,Tamamlandı,100
NB-503 (Kuru Yük),BLK-086,Gövde,Erdemir,Kızak 2,148,Montaj,Taşeron - Alfa,304,402,205276,208979,Geçti,2025-11-07,2025-11-26,2025-11-07,2025-12-03,7,Ekipman/Vinç Arızası,Tamamlandı,100
NB-503 (Kuru Yük),BLK-086,Gövde,Erdemir,Kızak 2,148,Kaynak,Taşeron - Omega,140,140,59052,59052,Geçti,2025-12-05,2025-12-12,2025-12-05,2025-12-12,0,Yok,Tamamlandı,100
NB-503 (Kuru Yük),BLK-086,Gövde,Erdemir,Kızak 2,148,Boyama,Dahili Ekip,204,354,138528,144558,Muaf,2025-12-13,2025-12-25,2025-12-13,2026-01-04,10,Malzeme Eksikliği,Tamamlandı,100
NB-503 (Kuru Yük),BLK-086,Gövde,Erdemir,Kızak 2,148,Donatım,Dahili Ekip,240,240,88800,88800,Muaf,2026-01-05,2026-01-15,2026-01-05,2026-01-15,0,Yok,Tamamlandı,100
NB-503 (Kuru Yük),BLK-087,Tank,Yerel Tedarikçi A.Ş.,Kızak 2,170,Kesim,Dahili Ekip,57,93,33660,37008,Geçti,2025-11-13,2025-11-16,2025-11-13,2025-11-19,3,Hava Muhalefeti,Tamamlandı,100
NB-503 (Kuru Yük),BLK-087,Tank,Yerel Tedarikçi A.Ş.,Kızak 2,170,Ön Montaj,Taşeron - Beta,300,300,160650,160650,Geçti,2025-11-20,2025-12-05,2025-11-20,2025-12-05,0,Yok,Tamamlandı,100
NB-503 (Kuru Yük),BLK-087,Tank,Yerel Tedarikçi A.Ş.,Kızak 2,170,Montaj,Dahili Ekip,140,210,134300,139400,Geçti,2025-12-06,2025-12-16,2025-12-06,2025-12-21,5,İşgücü Yetersizliği,Tamamlandı,100
NB-503 (Kuru Yük),BLK-087,Tank,Yerel Tedarikçi A.Ş.,Kızak 2,170,Kaynak,Taşeron - Omega,276,276,128520,128520,Geçti,2025-12-23,2026-01-04,2025-12-23,2026-01-04,0,Yok,Tamamlandı,100
NB-503 (Kuru Yük),BLK-087,Tank,Yerel Tedarikçi A.Ş.,Kızak 2,170,Boyama,Taşeron - Omega,210,210,132600,132600,Muaf,2026-01-05,2026-01-20,2026-01-05,2026-01-20,0,Yok,Tamamlandı,100
NB-503 (Kuru Yük),BLK-087,Tank,Yerel Tedarikçi A.Ş.,Kızak 2,170,Donatım,Taşeron - Omega,153,228,161840,165625,Geçti,2026-01-22,2026-02-08,2026-01-22,2026-02-13,5,Kalite Reddi (NDT),Tamamlandı,100
NB-503 (Kuru Yük),BLK-088,Tank,Kardemir,Açık Saha Donatım,118,Kesim,Dahili Ekip,54,54,26904,26904,Muaf,2025-11-28,2025-12-01,2025-11-28,2025-12-01,0,Yok,Tamamlandı,100
NB-503 (Kuru Yük),BLK-088,Tank,Kardemir,Açık Saha Donatım,118,Ön Montaj,Taşeron - Alfa,200,200,125080,125080,Geçti,2025-12-02,2025-12-22,2025-12-02,2025-12-22,0,Yok,Tamamlandı,100
NB-503 (Kuru Yük),BLK-088,Tank,Kardemir,Açık Saha Donatım,118,Montaj,Taşeron - Omega,208,208,145376,145376,Geçti,2025-12-23,2026-01-08,2025-12-23,2026-01-08,0,Yok,Tamamlandı,100
NB-503 (Kuru Yük),BLK-088,Tank,Kardemir,Açık Saha Donatım,118,Kaynak,Dahili Ekip,120,120,50032,50032,Geçti,2026-01-09,2026-01-17,2026-01-09,2026-01-17,0,Yok,Tamamlandı,100
NB-503 (Kuru Yük),BLK-088,Tank,Kardemir,Açık Saha Donatım,118,Boyama,Taşeron - Omega,224,380,126496,136864,Muaf,2026-01-19,2026-02-04,2026-01-19,2026-02-16,12,Hava Muhalefeti,Tamamlandı,100
NB-503 (Kuru Yük),BLK-088,Tank,Kardemir,Açık Saha Donatım,118,Donatım,Taşeron - Beta,150,150,93810,93810,Muaf,2026-02-17,2026-03-04,2026-02-17,2026-03-04,0,Yok,Tamamlandı,100
NB-501 (Kimyasal Tanker),BLK-089,Çift Dip (Double Bottom),Erdemir,Kuru Havuz B,21,Kesim,Taşeron - Beta,115,115,6615,6615,Muaf,2025-11-19,2025-11-24,2025-11-19,2025-11-24,0,Yok,Tamamlandı,100
NB-501 (Kimyasal Tanker),BLK-089,Çift Dip (Double Bottom),Erdemir,Kuru Havuz B,21,Ön Montaj,Taşeron - Omega,238,238,14700,14700,Geçti,2025-11-26,2025-12-10,2025-11-26,2025-12-10,0,Yok,Tamamlandı,100
NB-501 (Kimyasal Tanker),BLK-089,Çift Dip (Double Bottom),Erdemir,Kuru Havuz B,21,Montaj,Taşeron - Alfa,154,154,16758,16758,Geçti,2025-12-12,2025-12-26,2025-12-12,2025-12-26,0,Yok,Tamamlandı,100
NB-501 (Kimyasal Tanker),BLK-089,Çift Dip (Double Bottom),Erdemir,Kuru Havuz B,21,Kaynak,Taşeron - Beta,198,310,14322,19663,Kaldı - Yeniden İşlem,2025-12-28,2026-01-08,2025-12-28,2026-01-15,7,Kalite Reddi (NDT),Tamamlandı,100
NB-501 (Kimyasal Tanker),BLK-089,Çift Dip (Double Bottom),Erdemir,Kuru Havuz B,21,Boyama,Taşeron - Beta,264,264,15372,15372,Muaf,2026-01-17,2026-01-29,2026-01-17,2026-01-29,0,Yok,Tamamlandı,100
NB-501 (Kimyasal Tanker),BLK-089,Çift Dip (Double Bottom),Erdemir,Kuru Havuz B,21,Donatım,Taşeron - Alfa,112,112,21756,21756,Muaf,2026-01-30,2026-02-13,2026-01-30,2026-02-13,0,Yok,Tamamlandı,100
NB-503 (Kuru Yük),BLK-090,Gövde,Yerel Tedarikçi A.Ş.,Kızak 2,175,Kesim,Dahili Ekip,72,72,36400,36400,Muaf,2025-10-20,2025-10-24,2025-10-20,2025-10-24,0,Yok,Tamamlandı,100
NB-503 (Kuru Yük),BLK-090,Gövde,Yerel Tedarikçi A.Ş.,Kızak 2,175,Ön Montaj,Taşeron - Beta,340,483,266000,274679,Geçti,2025-10-26,2025-11-15,2025-10-26,2025-11-26,11,Malzeme Eksikliği,Tamamlandı,100
NB-503 (Kuru Yük),BLK-090,Gövde,Yerel Tedarikçi A.Ş.,Kızak 2,175,Montaj,Taşeron - Omega,264,264,138600,138600,Geçti,2025-11-27,2025-12-09,2025-11-27,2025-12-09,0,Yok,Tamamlandı,100
NB-503 (Kuru Yük),BLK-090,Gövde,Yerel Tedarikçi A.Ş.,Kızak 2,175,Kaynak,Taşeron - Alfa,168,168,110600,110600,Geçti,2025-12-11,2025-12-19,2025-12-11,2025-12-19,0,Yok,Tamamlandı,100
NB-503 (Kuru Yük),BLK-090,Gövde,Yerel Tedarikçi A.Ş.,Kızak 2,175,Boyama,Taşeron - Beta,132,132,121800,121800,Muaf,2025-12-21,2026-01-02,2025-12-21,2026-01-02,0,Yok,Tamamlandı,100
NB-503 (Kuru Yük),BLK-090,Gövde,Yerel Tedarikçi A.Ş.,Kızak 2,175,Donatım,Taşeron - Alfa,192,272,168000,178350,Geçti,2026-01-03,2026-01-19,2026-01-03,2026-01-29,10,Kalite Reddi (NDT),Tamamlandı,100
NB-501 (Kimyasal Tanker),BLK-091,Üst Bina,Erdemir,Kızak 1,118,Kesim,Taşeron - Beta,80,150,24072,33319,Geçti,2025-12-31,2026-01-04,2025-12-31,2026-01-11,7,Malzeme Eksikliği,Tamamlandı,100
NB-501 (Kimyasal Tanker),BLK-091,Üst Bina,Erdemir,Kızak 1,118,Ön Montaj,Dahili Ekip,288,288,70800,70800,Geçti,2026-01-12,2026-01-24,2026-01-12,2026-01-24,0,Yok,Tamamlandı,100
NB-501 (Kimyasal Tanker),BLK-091,Üst Bina,Erdemir,Kızak 1,118,Montaj,Taşeron - Alfa,144,284,145376,156336,Geçti,2026-01-25,2026-02-10,2026-01-25,2026-02-20,10,Kalite Reddi (NDT),Tamamlandı,100
NB-501 (Kimyasal Tanker),BLK-091,Üst Bina,Erdemir,Kızak 1,118,Kaynak,Taşeron - Alfa,110,110,70092,70092,Geçti,2026-02-22,2026-03-05,2026-02-22,2026-03-05,0,Yok,Tamamlandı,100
NB-501 (Kimyasal Tanker),BLK-091,Üst Bina,Erdemir,Kızak 1,118,Boyama,Dahili Ekip,187,219,103840,105500,Muaf,2026-03-07,2026-03-18,2026-03-07,2026-03-20,2,Hava Muhalefeti,Tamamlandı,100
NB-501 (Kimyasal Tanker),BLK-091,Üst Bina,Erdemir,Kızak 1,118,Donatım,Taşeron - Omega,196,286,125552,134024,Geçti,2026-03-21,2026-04-04,2026-03-21,2026-04-10,6,Kalite Reddi (NDT),Tamamlandı,100
NB-501 (Kimyasal Tanker),BLK-092,Tank,ThyssenKrupp,Kızak 2,105,Kesim,Dahili Ekip,40,94,28875,35061,Geçti,2025-11-24,2025-11-29,2025-11-24,2025-12-05,6,İşgücü Yetersizliği,Tamamlandı,100
NB-501 (Kimyasal Tanker),BLK-092,Tank,ThyssenKrupp,Kızak 2,105,Ön Montaj,Taşeron - Omega,88,88,65835,65835,Geçti,2025-12-06,2025-12-17,2025-12-06,2025-12-17,0,Yok,Tamamlandı,100
NB-501 (Kimyasal Tanker),BLK-092,Tank,ThyssenKrupp,Kızak 2,105,Montaj,Dahili Ekip,384,384,132720,132720,Geçti,2025-12-19,2026-01-04,2025-12-19,2026-01-04,0,Yok,Tamamlandı,100
NB-501 (Kimyasal Tanker),BLK-092,Tank,ThyssenKrupp,Kızak 2,105,Kaynak,Taşeron - Omega,221,365,80535,92355,Kaldı - Yeniden İşlem,2026-01-05,2026-01-18,2026-01-05,2026-01-30,12,Kalite Reddi (NDT),Tamamlandı,100
NB-501 (Kimyasal Tanker),BLK-092,Tank,ThyssenKrupp,Kızak 2,105,Boyama,Taşeron - Beta,228,228,83160,83160,Muaf,2026-02-01,2026-02-13,2026-02-01,2026-02-13,0,Yok,Tamamlandı,100
NB-501 (Kimyasal Tanker),BLK-092,Tank,ThyssenKrupp,Kızak 2,105,Donatım,Taşeron - Alfa,160,325,115920,123763,Geçti,2026-02-15,2026-03-03,2026-02-15,2026-03-14,11,Hava Muhalefeti,Tamamlandı,100
NB-501 (Kimyasal Tanker),BLK-093,Gövde,SSAB,Kuru Havuz A,77,Kesim,Taşeron - Beta,80,80,26565,26565,Muaf,2026-01-05,2026-01-10,2026-01-05,2026-01-10,0,Yok,Tamamlandı,100
NB-501 (Kimyasal Tanker),BLK-093,Gövde,SSAB,Kuru Havuz A,77,Ön Montaj,Taşeron - Beta,272,322,79849,86129,Geçti,2026-01-12,2026-01-29,2026-01-12,2026-02-03,5,Ekipman/Vinç Arızası,Tamamlandı,100
NB-501 (Kimyasal Tanker),BLK-093,Gövde,SSAB,Kuru Havuz A,77,Montaj,Taşeron - Alfa,400,532,81620,89972,Geçti,2026-02-05,2026-02-25,2026-02-05,2026-03-09,12,Malzeme Eksikliği,Tamamlandı,100
NB-501 (Kimyasal Tanker),BLK-093,Gövde,SSAB,Kuru Havuz A,77,Kaynak,Taşeron - Alfa,220,220,60060,60060,Geçti,2026-03-11,2026-03-21,2026-03-11,2026-03-21,0,Yok,Tamamlandı,100
NB-501 (Kimyasal Tanker),BLK-093,Gövde,SSAB,Kuru Havuz A,77,Boyama,Taşeron - Alfa,252,332,88704,96880,Muaf,2026-03-22,2026-04-09,2026-03-22,2026-04-17,8,Malzeme Eksikliği,Tamamlandı,100
NB-501 (Kimyasal Tanker),BLK-093,Gövde,SSAB,Kuru Havuz A,77,Donatım,Taşeron - Omega,216,216,106722,106722,Bekliyor,2026-04-19,2026-05-07,2026-04-19,,0,Yok,Devam Ediyor,31
NB-504 (Askeri Gemi),BLK-094,Çift Dip (Double Bottom),Kardemir,Kuru Havuz A,112,Kesim,Taşeron - Beta,69,69,18480,18480,Muaf,2026-01-03,2026-01-06,2026-01-03,2026-01-06,0,Yok,Tamamlandı,100
NB-504 (Askeri Gemi),BLK-094,Çift Dip (Double Bottom),Kardemir,Kuru Havuz A,112,Ön Montaj,Taşeron - Alfa,108,108,91392,91392,Geçti,2026-01-08,2026-01-20,2026-01-08,2026-01-20,0,Yok,Tamamlandı,100
NB-504 (Askeri Gemi),BLK-094,Çift Dip (Double Bottom),Kardemir,Kuru Havuz A,112,Montaj,Taşeron - Beta,221,221,148512,148512,Geçti,2026-01-21,2026-02-07,2026-01-21,2026-02-07,0,Yok,Tamamlandı,100
NB-504 (Askeri Gemi),BLK-094,Çift Dip (Double Bottom),Kardemir,Kuru Havuz A,112,Kaynak,Taşeron - Omega,187,187,70224,70224,Geçti,2026-02-08,2026-02-19,2026-02-08,2026-02-19,0,Yok,Tamamlandı,100
NB-504 (Askeri Gemi),BLK-094,Çift Dip (Double Bottom),Kardemir,Kuru Havuz A,112,Boyama,Taşeron - Beta,240,320,125440,132488,Muaf,2026-02-21,2026-03-13,2026-02-21,2026-03-21,8,Hava Muhalefeti,Tamamlandı,100
NB-504 (Askeri Gemi),BLK-094,Çift Dip (Double Bottom),Kardemir,Kuru Havuz A,112,Donatım,Dahili Ekip,154,154,92400,92400,Muaf,2026-03-23,2026-04-03,2026-03-23,2026-04-03,0,Yok,Tamamlandı,100
NB-504 (Askeri Gemi),BLK-095,Çift Dip (Double Bottom),ThyssenKrupp,Açık Saha Donatım,149,Kesim,Dahili Ekip,133,133,54236,54236,Muaf,2025-11-04,2025-11-11,2025-11-04,2025-11-11,0,Yok,Tamamlandı,100
NB-504 (Askeri Gemi),BLK-095,Çift Dip (Double Bottom),ThyssenKrupp,Açık Saha Donatım,149,Ön Montaj,Taşeron - Omega,135,135,131865,131865,Geçti,2025-11-12,2025-11-27,2025-11-12,2025-11-27,0,Yok,Tamamlandı,100
NB-504 (Askeri Gemi),BLK-095,Çift Dip (Double Bottom),ThyssenKrupp,Açık Saha Donatım,149,Montaj,Taşeron - Alfa,234,234,116220,116220,Geçti,2025-11-29,2025-12-12,2025-11-29,2025-12-12,0,Yok,Tamamlandı,100
NB-504 (Askeri Gemi),BLK-095,Çift Dip (Double Bottom),ThyssenKrupp,Açık Saha Donatım,149,Kaynak,Dahili Ekip,133,133,74053,74053,Geçti,2025-12-13,2025-12-20,2025-12-13,2025-12-20,0,Yok,Tamamlandı,100
NB-504 (Askeri Gemi),BLK-095,Çift Dip (Double Bottom),ThyssenKrupp,Açık Saha Donatım,149,Boyama,Taşeron - Omega,160,160,164496,164496,Muaf,2025-12-21,2026-01-06,2025-12-21,2026-01-06,0,Yok,Tamamlandı,100
NB-504 (Askeri Gemi),BLK-095,Çift Dip (Double Bottom),ThyssenKrupp,Açık Saha Donatım,149,Donatım,Taşeron - Omega,196,292,166880,180476,Geçti,2026-01-08,2026-01-22,2026-01-08,2026-02-03,12,İşgücü Yetersizliği,Tamamlandı,100
NB-501 (Kimyasal Tanker),BLK-096,Çift Dip (Double Bottom),Yerel Tedarikçi A.Ş.,Kızak 1,130,Kesim,Dahili Ekip,56,56,62790,62790,Muaf,2025-11-18,2025-11-25,2025-11-18,2025-11-25,0,Yok,Tamamlandı,100
NB-501 (Kimyasal Tanker),BLK-096,Çift Dip (Double Bottom),Yerel Tedarikçi A.Ş.,Kızak 1,130,Ön Montaj,Dahili Ekip,195,195,138450,138450,Geçti,2025-11-26,2025-12-11,2025-11-26,2025-12-11,0,Yok,Tamamlandı,100
NB-501 (Kimyasal Tanker),BLK-096,Çift Dip (Double Bottom),Yerel Tedarikçi A.Ş.,Kızak 1,130,Montaj,Taşeron - Beta,288,336,110760,114708,Geçti,2025-12-12,2025-12-24,2025-12-12,2025-12-27,3,Malzeme Eksikliği,Tamamlandı,100
NB-501 (Kimyasal Tanker),BLK-096,Çift Dip (Double Bottom),Yerel Tedarikçi A.Ş.,Kızak 1,130,Kaynak,Dahili Ekip,104,120,99710,101524,Geçti,2025-12-28,2026-01-10,2025-12-28,2026-01-12,2,Malzeme Eksikliği,Tamamlandı,100
NB-501 (Kimyasal Tanker),BLK-096,Çift Dip (Double Bottom),Yerel Tedarikçi A.Ş.,Kızak 1,130,Boyama,Taşeron - Beta,126,153,123760,125287,Muaf,2026-01-14,2026-01-28,2026-01-14,2026-01-31,3,Hava Muhalefeti,Tamamlandı,100
NB-501 (Kimyasal Tanker),BLK-096,Çift Dip (Double Bottom),Yerel Tedarikçi A.Ş.,Kızak 1,130,Donatım,Taşeron - Alfa,299,371,131820,135036,Geçti,2026-02-02,2026-02-15,2026-02-02,2026-02-21,6,İşgücü Yetersizliği,Tamamlandı,100
NB-501 (Kimyasal Tanker),BLK-097,Gövde,Erdemir,Kızak 1,116,Kesim,Dahili Ekip,44,165,30160,41776,Geçti,2025-10-12,2025-10-16,2025-10-12,2025-10-27,11,Ekipman/Vinç Arızası,Tamamlandı,100
NB-501 (Kimyasal Tanker),BLK-097,Gövde,Erdemir,Kızak 1,116,Ön Montaj,Taşeron - Omega,288,330,121104,123075,Geçti,2025-10-28,2025-11-15,2025-10-28,2025-11-18,3,Kalite Reddi (NDT),Tamamlandı,100
NB-501 (Kimyasal Tanker),BLK-097,Gövde,Erdemir,Kızak 1,116,Montaj,Dahili Ekip,242,332,74008,82928,Geçti,2025-11-20,2025-12-01,2025-11-20,2025-12-11,10,Malzeme Eksikliği,Tamamlandı,100
NB-501 (Kimyasal Tanker),BLK-097,Gövde,Erdemir,Kızak 1,116,Kaynak,Taşeron - Alfa,169,169,95004,95004,Geçti,2025-12-13,2025-12-26,2025-12-13,2025-12-26,0,Yok,Tamamlandı,100
NB-501 (Kimyasal Tanker),BLK-097,Gövde,Erdemir,Kızak 1,116,Boyama,Dahili Ekip,208,208,82940,82940,Muaf,2025-12-27,2026-01-09,2025-12-27,2026-01-09,0,Yok,Tamamlandı,100
NB-501 (Kimyasal Tanker),BLK-097,Gövde,Erdemir,Kızak 1,116,Donatım,Taşeron - Omega,273,338,105560,111760,Geçti,2026-01-11,2026-01-24,2026-01-11,2026-01-29,5,Kalite Reddi (NDT),Tamamlandı,100
NB-504 (Askeri Gemi),BLK-098,Üst Bina,Kardemir,Kuru Havuz A,56,Kesim,Dahili Ekip,84,84,22512,22512,Muaf,2025-10-12,2025-10-18,2025-10-12,2025-10-18,0,Yok,Tamamlandı,100
NB-504 (Askeri Gemi),BLK-098,Üst Bina,Kardemir,Kuru Havuz A,56,Ön Montaj,Taşeron - Alfa,437,437,58520,58520,Geçti,2025-10-19,2025-11-07,2025-10-19,2025-11-07,0,Yok,Tamamlandı,100
NB-504 (Askeri Gemi),BLK-098,Üst Bina,Kardemir,Kuru Havuz A,56,Montaj,Dahili Ekip,378,378,57456,57456,Geçti,2025-11-09,2025-11-27,2025-11-09,2025-11-27,0,Yok,Tamamlandı,100
NB-504 (Askeri Gemi),BLK-098,Üst Bina,Kardemir,Kuru Havuz A,56,Kaynak,Taşeron - Beta,80,248,27776,37724,Geçti,2025-11-28,2025-12-06,2025-11-28,2025-12-18,12,Malzeme Eksikliği,Tamamlandı,100
NB-504 (Askeri Gemi),BLK-098,Üst Bina,Kardemir,Kuru Havuz A,56,Boyama,Taşeron - Alfa,182,182,48776,48776,Muaf,2025-12-20,2026-01-02,2025-12-20,2026-01-02,0,Yok,Tamamlandı,100
NB-504 (Askeri Gemi),BLK-098,Üst Bina,Kardemir,Kuru Havuz A,56,Donatım,Taşeron - Beta,150,150,48720,48720,Muaf,2026-01-03,2026-01-18,2026-01-03,2026-01-18,0,Yok,Tamamlandı,100
NB-503 (Kuru Yük),BLK-099,Makine Dairesi,ThyssenKrupp,Açık Saha Donatım,68,Kesim,Taşeron - Alfa,80,80,17340,17340,Muaf,2025-11-25,2025-11-30,2025-11-25,2025-11-30,0,Yok,Tamamlandı,100
NB-503 (Kuru Yük),BLK-099,Makine Dairesi,ThyssenKrupp,Açık Saha Donatım,68,Ön Montaj,Taşeron - Beta,255,255,56100,56100,Geçti,2025-12-02,2025-12-17,2025-12-02,2025-12-17,0,Yok,Tamamlandı,100
NB-503 (Kuru Yük),BLK-099,Makine Dairesi,ThyssenKrupp,Açık Saha Donatım,68,Montaj,Taşeron - Alfa,121,193,47124,51210,Geçti,2025-12-19,2025-12-30,2025-12-19,2026-01-05,6,Hava Muhalefeti,Tamamlandı,100
NB-503 (Kuru Yük),BLK-099,Makine Dairesi,ThyssenKrupp,Açık Saha Donatım,68,Kaynak,Taşeron - Alfa,72,72,29920,29920,Geçti,2026-01-06,2026-01-14,2026-01-06,2026-01-14,0,Yok,Tamamlandı,100
NB-503 (Kuru Yük),BLK-099,Makine Dairesi,ThyssenKrupp,Açık Saha Donatım,68,Boyama,Taşeron - Alfa,240,240,77248,77248,Muaf,2026-01-15,2026-01-31,2026-01-15,2026-01-31,0,Yok,Tamamlandı,100
NB-503 (Kuru Yük),BLK-099,Makine Dairesi,ThyssenKrupp,Açık Saha Donatım,68,Donatım,Taşeron - Omega,256,436,63104,73208,Geçti,2026-02-01,2026-02-17,2026-02-01,2026-03-01,12,Hava Muhalefeti,Tamamlandı,100
NB-502 (Römorkör),BLK-100,Tank,Erdemir,Kuru Havuz B,126,Kesim,Dahili Ekip,60,60,52164,52164,Muaf,2025-12-23,2025-12-29,2025-12-23,2025-12-29,0,Yok,Tamamlandı,100
NB-502 (Römorkör),BLK-100,Tank,Erdemir,Kuru Havuz B,126,Ön Montaj,Dahili Ekip,180,180,199080,199080,Geçti,2025-12-31,2026-01-20,2025-12-31,2026-01-20,0,Yok,Tamamlandı,100
NB-502 (Römorkör),BLK-100,Tank,Erdemir,Kuru Havuz B,126,Montaj,Taşeron - Alfa,210,354,86940,94860,Geçti,2026-01-21,2026-01-31,2026-01-21,2026-02-12,12,Ekipman/Vinç Arızası,Tamamlandı,100
NB-502 (Römorkör),BLK-100,Tank,Erdemir,Kuru Havuz B,126,Kaynak,Taşeron - Omega,198,363,92862,101937,Geçti,2026-02-13,2026-02-24,2026-02-13,2026-03-07,11,İşgücü Yetersizliği,Tamamlandı,100
NB-502 (Römorkör),BLK-100,Tank,Erdemir,Kuru Havuz B,126,Boyama,Dahili Ekip,266,266,167580,167580,Muaf,2026-03-09,2026-03-28,2026-03-09,2026-03-28,0,Yok,Tamamlandı,100
NB-502 (Römorkör),BLK-100,Tank,Erdemir,Kuru Havuz B,126,Donatım,Taşeron - Beta,210,237,73080,74586,Geçti,2026-03-29,2026-04-08,2026-03-29,2026-04-11,3,Malzeme Eksikliği,Tamamlandı,100
NB-503 (Kuru Yük),BLK-101,Makine Dairesi,ThyssenKrupp,Kızak 2,72,Kesim,Taşeron - Omega,126,191,33264,39669,Geçti,2025-12-21,2025-12-28,2025-12-21,2026-01-02,5,Malzeme Eksikliği,Tamamlandı,100
NB-503 (Kuru Yük),BLK-101,Makine Dairesi,ThyssenKrupp,Kızak 2,72,Ön Montaj,Taşeron - Omega,289,289,79560,79560,Geçti,2026-01-04,2026-01-21,2026-01-04,2026-01-21,0,Yok,Tamamlandı,100
NB-503 (Kuru Yük),BLK-101,Makine Dairesi,ThyssenKrupp,Kızak 2,72,Montaj,Taşeron - Beta,270,270,72360,72360,Geçti,2026-01-23,2026-02-07,2026-01-23,2026-02-07,0,Yok,Tamamlandı,100
NB-503 (Kuru Yük),BLK-101,Makine Dairesi,ThyssenKrupp,Kızak 2,72,Kaynak,Taşeron - Omega,198,198,42768,42768,Geçti,2026-02-09,2026-02-18,2026-02-09,2026-02-18,0,Yok,Tamamlandı,100
NB-503 (Kuru Yük),BLK-101,Makine Dairesi,ThyssenKrupp,Kızak 2,72,Boyama,Taşeron - Alfa,266,266,60480,60480,Muaf,2026-02-20,2026-03-06,2026-02-20,2026-03-06,0,Yok,Tamamlandı,100
NB-503 (Kuru Yük),BLK-101,Makine Dairesi,ThyssenKrupp,Kızak 2,72,Donatım,Taşeron - Alfa,304,385,58752,67338,Geçti,2026-03-08,2026-03-24,2026-03-08,2026-04-02,9,İşgücü Yetersizliği,Tamamlandı,100
NB-501 (Kimyasal Tanker),BLK-102,Tank,Erdemir,Kuru Havuz A,150,Kesim,Taşeron - Omega,84,84,31200,31200,Muaf,2025-10-13,2025-10-17,2025-10-13,2025-10-17,0,Yok,Tamamlandı,100
NB-501 (Kimyasal Tanker),BLK-102,Tank,Erdemir,Kuru Havuz A,150,Ön Montaj,Dahili Ekip,110,110,120450,120450,Geçti,2025-10-18,2025-10-29,2025-10-18,2025-10-29,0,Yok,Tamamlandı,100
NB-501 (Kimyasal Tanker),BLK-102,Tank,Erdemir,Kuru Havuz A,150,Montaj,Taşeron - Alfa,440,440,162000,162000,Geçti,2025-10-31,2025-11-20,2025-10-31,2025-11-20,0,Yok,Tamamlandı,100
NB-501 (Kimyasal Tanker),BLK-102,Tank,Erdemir,Kuru Havuz A,150,Kaynak,Taşeron - Beta,160,160,76500,76500,Geçti,2025-11-22,2025-12-02,2025-11-22,2025-12-02,0,Yok,Tamamlandı,100
NB-501 (Kimyasal Tanker),BLK-102,Tank,Erdemir,Kuru Havuz A,150,Boyama,Taşeron - Alfa,286,385,144300,150861,Muaf,2025-12-04,2025-12-17,2025-12-04,2025-12-26,9,Hava Muhalefeti,Tamamlandı,100
NB-501 (Kimyasal Tanker),BLK-102,Tank,Erdemir,Kuru Havuz A,150,Donatım,Taşeron - Alfa,264,264,90000,90000,Muaf,2025-12-27,2026-01-08,2025-12-27,2026-01-08,0,Yok,Tamamlandı,100
NB-503 (Kuru Yük),BLK-103,Çift Dip (Double Bottom),SSAB,Kuru Havuz B,130,Kesim,Taşeron - Beta,48,228,61620,70704,Geçti,2025-10-06,2025-10-12,2025-10-06,2025-10-24,12,İşgücü Yetersizliği,Tamamlandı,100
NB-503 (Kuru Yük),BLK-103,Çift Dip (Double Bottom),SSAB,Kuru Havuz B,130,Ön Montaj,Taşeron - Beta,80,128,94900,97096,Geçti,2025-10-26,2025-11-05,2025-10-26,2025-11-09,4,Malzeme Eksikliği,Tamamlandı,100
NB-503 (Kuru Yük),BLK-103,Çift Dip (Double Bottom),SSAB,Kuru Havuz B,130,Montaj,Dahili Ekip,225,225,115050,115050,Geçti,2025-11-10,2025-11-25,2025-11-10,2025-11-25,0,Yok,Tamamlandı,100
NB-503 (Kuru Yük),BLK-103,Çift Dip (Double Bottom),SSAB,Kuru Havuz B,130,Kaynak,Taşeron - Omega,182,182,101400,101400,Geçti,2025-11-26,2025-12-09,2025-11-26,2025-12-09,0,Yok,Tamamlandı,100
NB-503 (Kuru Yük),BLK-103,Çift Dip (Double Bottom),SSAB,Kuru Havuz B,130,Boyama,Taşeron - Omega,228,228,96720,96720,Muaf,2025-12-11,2025-12-23,2025-12-11,2025-12-23,0,Yok,Tamamlandı,100
NB-503 (Kuru Yük),BLK-103,Çift Dip (Double Bottom),SSAB,Kuru Havuz B,130,Donatım,Dahili Ekip,204,204,134810,134810,Muaf,2025-12-25,2026-01-11,2025-12-25,2026-01-11,0,Yok,Tamamlandı,100
NB-501 (Kimyasal Tanker),BLK-104,Tank,Erdemir,Kuru Havuz A,32,Kesim,Taşeron - Beta,66,66,11520,11520,Muaf,2025-11-27,2025-12-03,2025-11-27,2025-12-03,0,Yok,Tamamlandı,100
NB-501 (Kimyasal Tanker),BLK-104,Tank,Erdemir,Kuru Havuz A,32,Ön Montaj,Taşeron - Alfa,399,399,35872,35872,Geçti,2025-12-05,2025-12-24,2025-12-05,2025-12-24,0,Yok,Tamamlandı,100
NB-501 (Kimyasal Tanker),BLK-104,Tank,Erdemir,Kuru Havuz A,32,Montaj,Dahili Ekip,220,350,47360,52560,Geçti,2025-12-25,2026-01-14,2025-12-25,2026-01-24,10,İşgücü Yetersizliği,Tamamlandı,100
NB-501 (Kimyasal Tanker),BLK-104,Tank,Erdemir,Kuru Havuz A,32,Kaynak,Dahili Ekip,156,156,30368,30368,Geçti,2026-01-26,2026-02-08,2026-01-26,2026-02-08,0,Yok,Tamamlandı,100
NB-501 (Kimyasal Tanker),BLK-104,Tank,Erdemir,Kuru Havuz A,32,Boyama,Taşeron - Beta,378,398,42048,44962,Muaf,2026-02-09,2026-02-27,2026-02-09,2026-03-01,2,Hava Muhalefeti,Tamamlandı,100
NB-501 (Kimyasal Tanker),BLK-104,Tank,Erdemir,Kuru Havuz A,32,Donatım,Taşeron - Omega,208,208,34816,34816,Muaf,2026-03-02,2026-03-18,2026-03-02,2026-03-18,0,Yok,Tamamlandı,100
NB-503 (Kuru Yük),BLK-105,Üst Bina,Yerel Tedarikçi A.Ş.,Kuru Havuz B,120,Kesim,Taşeron - Alfa,78,78,36000,36000,Muaf,2025-12-04,2025-12-10,2025-12-04,2025-12-10,0,Yok,Tamamlandı,100
NB-503 (Kuru Yük),BLK-105,Üst Bina,Yerel Tedarikçi A.Ş.,Kuru Havuz B,120,Ön Montaj,Taşeron - Alfa,225,329,144000,150312,Geçti,2025-12-11,2025-12-26,2025-12-11,2026-01-03,8,Kalite Reddi (NDT),Tamamlandı,100
NB-503 (Kuru Yük),BLK-105,Üst Bina,Yerel Tedarikçi A.Ş.,Kuru Havuz B,120,Montaj,Taşeron - Alfa,242,242,89760,89760,Geçti,2026-01-04,2026-01-15,2026-01-04,2026-01-15,0,Yok,Tamamlandı,100
NB-503 (Kuru Yük),BLK-105,Üst Bina,Yerel Tedarikçi A.Ş.,Kuru Havuz B,120,Kaynak,Taşeron - Alfa,161,161,47040,47040,Geçti,2026-01-16,2026-01-23,2026-01-16,2026-01-23,0,Yok,Tamamlandı,100
NB-503 (Kuru Yük),BLK-105,Üst Bina,Yerel Tedarikçi A.Ş.,Kuru Havuz B,120,Boyama,Dahili Ekip,136,264,148920,160056,Muaf,2026-01-25,2026-02-11,2026-01-25,2026-02-19,8,Ekipman/Vinç Arızası,Tamamlandı,100
NB-503 (Kuru Yük),BLK-105,Üst Bina,Yerel Tedarikçi A.Ş.,Kuru Havuz B,120,Donatım,Taşeron - Beta,299,389,101400,113712,Geçti,2026-02-21,2026-03-06,2026-02-21,2026-03-15,9,Malzeme Eksikliği,Tamamlandı,100
NB-503 (Kuru Yük),BLK-106,Çift Dip (Double Bottom),Yerel Tedarikçi A.Ş.,Kızak 2,169,Kesim,Taşeron - Alfa,60,60,25857,25857,Muaf,2025-10-03,2025-10-06,2025-10-03,2025-10-06,0,Yok,Tamamlandı,100
NB-503 (Kuru Yük),BLK-106,Çift Dip (Double Bottom),Yerel Tedarikçi A.Ş.,Kızak 2,169,Ön Montaj,Dahili Ekip,252,288,120666,123009,Geçti,2025-10-08,2025-10-22,2025-10-08,2025-10-25,3,İşgücü Yetersizliği,Tamamlandı,100
NB-503 (Kuru Yük),BLK-106,Çift Dip (Double Bottom),Yerel Tedarikçi A.Ş.,Kızak 2,169,Montaj,Taşeron - Alfa,299,299,127426,127426,Geçti,2025-10-26,2025-11-08,2025-10-26,2025-11-08,0,Yok,Tamamlandı,100
NB-503 (Kuru Yük),BLK-106,Çift Dip (Double Bottom),Yerel Tedarikçi A.Ş.,Kızak 2,169,Kaynak,Taşeron - Omega,198,225,128271,131637,Geçti,2025-11-09,2025-11-20,2025-11-09,2025-11-23,3,Malzeme Eksikliği,Tamamlandı,100
NB-503 (Kuru Yük),BLK-106,Çift Dip (Double Bottom),Yerel Tedarikçi A.Ş.,Kızak 2,169,Boyama,Taşeron - Beta,198,237,161226,163644,Muaf,2025-11-24,2025-12-12,2025-11-24,2025-12-15,3,İşgücü Yetersizliği,Tamamlandı,100
NB-503 (Kuru Yük),BLK-106,Çift Dip (Double Bottom),Yerel Tedarikçi A.Ş.,Kızak 2,169,Donatım,Taşeron - Omega,247,391,205504,212965,Kaldı - Yeniden İşlem,2025-12-16,2026-01-04,2025-12-16,2026-01-13,9,Ekipman/Vinç Arızası,Tamamlandı,100
NB-502 (Römorkör),BLK-107,Tank,Yerel Tedarikçi A.Ş.,Kuru Havuz A,102,Kesim,Taşeron - Omega,120,120,48960,48960,Muaf,2025-12-10,2025-12-16,2025-12-10,2025-12-16,0,Yok,Tamamlandı,100
NB-502 (Römorkör),BLK-107,Tank,Yerel Tedarikçi A.Ş.,Kuru Havuz A,102,Ön Montaj,Taşeron - Omega,255,255,86700,86700,Geçti,2025-12-18,2026-01-04,2025-12-18,2026-01-04,0,Yok,Tamamlandı,100
NB-502 (Römorkör),BLK-107,Tank,Yerel Tedarikçi A.Ş.,Kuru Havuz A,102,Montaj,Taşeron - Omega,460,460,142800,142800,Geçti,2026-01-06,2026-01-26,2026-01-06,2026-01-26,0,Yok,Tamamlandı,100
NB-502 (Römorkör),BLK-107,Tank,Yerel Tedarikçi A.Ş.,Kuru Havuz A,102,Kaynak,Dahili Ekip,266,266,71400,71400,Geçti,2026-01-27,2026-02-10,2026-01-27,2026-02-10,0,Yok,Tamamlandı,100
NB-502 (Römorkör),BLK-107,Tank,Yerel Tedarikçi A.Ş.,Kuru Havuz A,102,Boyama,Taşeron - Beta,143,143,63954,63954,Muaf,2026-02-12,2026-02-23,2026-02-12,2026-02-23,0,Yok,Tamamlandı,100
NB-502 (Römorkör),BLK-107,Tank,Yerel Tedarikçi A.Ş.,Kuru Havuz A,102,Donatım,Dahili Ekip,136,136,124848,124848,Muaf,2026-02-24,2026-03-13,2026-02-24,2026-03-13,0,Yok,Tamamlandı,100
NB-504 (Askeri Gemi),BLK-108,Üst Bina,SSAB,Kuru Havuz B,72,Kesim,Taşeron - Alfa,90,90,32832,32832,Muaf,2025-11-30,2025-12-06,2025-11-30,2025-12-06,0,Yok,Tamamlandı,100
NB-504 (Askeri Gemi),BLK-108,Üst Bina,SSAB,Kuru Havuz B,72,Ön Montaj,Taşeron - Beta,378,476,97200,102170,Geçti,2025-12-07,2025-12-25,2025-12-07,2026-01-01,7,İşgücü Yetersizliği,Tamamlandı,100
NB-504 (Askeri Gemi),BLK-108,Üst Bina,SSAB,Kuru Havuz B,72,Montaj,Dahili Ekip,240,240,79920,79920,Geçti,2026-01-02,2026-01-17,2026-01-02,2026-01-17,0,Yok,Tamamlandı,100
NB-504 (Askeri Gemi),BLK-108,Üst Bina,SSAB,Kuru Havuz B,72,Kaynak,Taşeron - Alfa,150,210,38880,41340,Geçti,2026-01-18,2026-01-28,2026-01-18,2026-02-01,4,Malzeme Eksikliği,Tamamlandı,100
NB-504 (Askeri Gemi),BLK-108,Üst Bina,SSAB,Kuru Havuz B,72,Boyama,Taşeron - Beta,130,130,72072,72072,Muaf,2026-02-03,2026-02-16,2026-02-03,2026-02-16,0,Yok,Tamamlandı,100
NB-504 (Askeri Gemi),BLK-108,Üst Bina,SSAB,Kuru Havuz B,72,Donatım,Taşeron - Beta,480,480,80640,80640,Muaf,2026-02-17,2026-03-09,2026-02-17,2026-03-09,0,Yok,Tamamlandı,100
NB-501 (Kimyasal Tanker),BLK-109,Üst Bina,SSAB,Kızak 1,88,Kesim,Dahili Ekip,133,133,35112,35112,Muaf,2025-11-03,2025-11-10,2025-11-03,2025-11-10,0,Yok,Tamamlandı,100
NB-501 (Kimyasal Tanker),BLK-109,Üst Bina,SSAB,Kızak 1,88,Ön Montaj,Taşeron - Omega,153,285,112200,124102,Geçti,2025-11-12,2025-11-29,2025-11-12,2025-12-10,11,İşgücü Yetersizliği,Tamamlandı,100
NB-501 (Kimyasal Tanker),BLK-109,Üst Bina,SSAB,Kızak 1,88,Montaj,Taşeron - Alfa,209,389,90288,106452,Geçti,2025-12-12,2025-12-31,2025-12-12,2026-01-12,12,İşgücü Yetersizliği,Tamamlandı,100
NB-501 (Kimyasal Tanker),BLK-109,Üst Bina,SSAB,Kızak 1,88,Kaynak,Dahili Ekip,150,150,69520,69520,Geçti,2026-01-14,2026-01-24,2026-01-14,2026-01-24,0,Yok,Tamamlandı,100
NB-501 (Kimyasal Tanker),BLK-109,Üst Bina,SSAB,Kızak 1,88,Boyama,Taşeron - Beta,160,160,130240,130240,Muaf,2026-01-26,2026-02-15,2026-01-26,2026-02-15,0,Yok,Tamamlandı,100
NB-501 (Kimyasal Tanker),BLK-109,Üst Bina,SSAB,Kızak 1,88,Donatım,Taşeron - Beta,140,140,96096,96096,Muaf,2026-02-16,2026-03-02,2026-02-16,2026-03-02,0,Yok,Tamamlandı,100
NB-504 (Askeri Gemi),BLK-110,Üst Bina,Kardemir,Kuru Havuz A,56,Kesim,Taşeron - Omega,66,66,20832,20832,Muaf,2025-10-19,2025-10-25,2025-10-19,2025-10-25,0,Yok,Tamamlandı,100
NB-504 (Askeri Gemi),BLK-110,Üst Bina,Kardemir,Kuru Havuz A,56,Ön Montaj,Taşeron - Omega,140,140,28560,28560,Geçti,2025-10-26,2025-11-05,2025-10-26,2025-11-05,0,Yok,Tamamlandı,100
NB-504 (Askeri Gemi),BLK-110,Üst Bina,Kardemir,Kuru Havuz A,56,Montaj,Taşeron - Beta,242,242,38192,38192,Geçti,2025-11-06,2025-11-17,2025-11-06,2025-11-17,0,Yok,Tamamlandı,100
NB-504 (Askeri Gemi),BLK-110,Üst Bina,Kardemir,Kuru Havuz A,56,Kaynak,Dahili Ekip,180,180,35280,35280,Geçti,2025-11-19,2025-11-28,2025-11-19,2025-11-28,0,Yok,Tamamlandı,100
NB-504 (Askeri Gemi),BLK-110,Üst Bina,Kardemir,Kuru Havuz A,56,Boyama,Taşeron - Omega,170,170,29680,29680,Muaf,2025-11-29,2025-12-09,2025-11-29,2025-12-09,0,Yok,Tamamlandı,100
NB-504 (Askeri Gemi),BLK-110,Üst Bina,Kardemir,Kuru Havuz A,56,Donatım,Taşeron - Alfa,270,270,57120,57120,Muaf,2025-12-10,2025-12-25,2025-12-10,2025-12-25,0,Yok,Tamamlandı,100
NB-501 (Kimyasal Tanker),BLK-111,Makine Dairesi,SSAB,Kızak 2,20,Kesim,Taşeron - Alfa,90,90,5500,5500,Muaf,2025-10-22,2025-10-27,2025-10-22,2025-10-27,0,Yok,Tamamlandı,100
NB-501 (Kimyasal Tanker),BLK-111,Makine Dairesi,SSAB,Kızak 2,20,Ön Montaj,Taşeron - Omega,180,180,12720,12720,Geçti,2025-10-28,2025-11-09,2025-10-28,2025-11-09,0,Yok,Tamamlandı,100
NB-501 (Kimyasal Tanker),BLK-111,Makine Dairesi,SSAB,Kızak 2,20,Montaj,Taşeron - Alfa,276,336,12720,16830,Geçti,2025-11-11,2025-11-23,2025-11-11,2025-11-28,5,Kalite Reddi (NDT),Tamamlandı,100
NB-501 (Kimyasal Tanker),BLK-111,Makine Dairesi,SSAB,Kızak 2,20,Kaynak,Dahili Ekip,112,182,11060,16795,Geçti,2025-11-29,2025-12-06,2025-11-29,2025-12-11,5,Malzeme Eksikliği,Tamamlandı,100
NB-501 (Kimyasal Tanker),BLK-111,Makine Dairesi,SSAB,Kızak 2,20,Boyama,Taşeron - Beta,360,400,23040,28076,Muaf,2025-12-12,2025-12-30,2025-12-12,2026-01-03,4,Hava Muhalefeti,Tamamlandı,100
NB-501 (Kimyasal Tanker),BLK-111,Makine Dairesi,SSAB,Kızak 2,20,Donatım,Taşeron - Alfa,240,320,15000,19035,Geçti,2026-01-05,2026-01-20,2026-01-05,2026-01-25,5,Ekipman/Vinç Arızası,Tamamlandı,100
NB-503 (Kuru Yük),BLK-112,Üst Bina,Yerel Tedarikçi A.Ş.,Kuru Havuz A,94,Kesim,Taşeron - Omega,45,45,25850,25850,Muaf,2025-12-05,2025-12-10,2025-12-05,2025-12-10,0,Yok,Tamamlandı,100
NB-503 (Kuru Yük),BLK-112,Üst Bina,Yerel Tedarikçi A.Ş.,Kuru Havuz A,94,Ön Montaj,Taşeron - Beta,204,204,97478,97478,Geçti,2025-12-12,2025-12-29,2025-12-12,2025-12-29,0,Yok,Tamamlandı,100
NB-503 (Kuru Yük),BLK-112,Üst Bina,Yerel Tedarikçi A.Ş.,Kuru Havuz A,94,Montaj,Dahili Ekip,195,195,80652,80652,Geçti,2025-12-30,2026-01-12,2025-12-30,2026-01-12,0,Yok,Tamamlandı,100
NB-503 (Kuru Yük),BLK-112,Üst Bina,Yerel Tedarikçi A.Ş.,Kuru Havuz A,94,Kaynak,Dahili Ekip,84,84,34216,34216,Geçti,2026-01-14,2026-01-21,2026-01-14,2026-01-21,0,Yok,Tamamlandı,100
NB-503 (Kuru Yük),BLK-112,Üst Bina,Yerel Tedarikçi A.Ş.,Kuru Havuz A,94,Boyama,Taşeron - Alfa,360,360,141000,141000,Muaf,2026-01-22,2026-02-11,2026-01-22,2026-02-11,0,Yok,Tamamlandı,100
NB-503 (Kuru Yük),BLK-112,Üst Bina,Yerel Tedarikçi A.Ş.,Kuru Havuz A,94,Donatım,Taşeron - Alfa,399,426,121448,125600,Geçti,2026-02-12,2026-03-03,2026-02-12,2026-03-06,3,Hava Muhalefeti,Tamamlandı,100
NB-503 (Kuru Yük),BLK-113,Gövde,Erdemir,Açık Saha Donatım,149,Kesim,Dahili Ekip,70,70,39485,39485,Muaf,2025-11-11,2025-11-16,2025-11-11,2025-11-16,0,Yok,Tamamlandı,100
NB-503 (Kuru Yük),BLK-113,Gövde,Erdemir,Açık Saha Donatım,149,Ön Montaj,Taşeron - Beta,220,292,117710,122132,Geçti,2025-11-18,2025-11-28,2025-11-18,2025-12-04,6,Kalite Reddi (NDT),Tamamlandı,100
NB-503 (Kuru Yük),BLK-113,Gövde,Erdemir,Açık Saha Donatım,149,Montaj,Taşeron - Beta,169,169,118157,118157,Geçti,2025-12-06,2025-12-19,2025-12-06,2025-12-19,0,Yok,Tamamlandı,100
NB-503 (Kuru Yük),BLK-113,Gövde,Erdemir,Açık Saha Donatım,149,Kaynak,Taşeron - Omega,110,110,99979,99979,Geçti,2025-12-21,2026-01-01,2025-12-21,2026-01-01,0,Yok,Tamamlandı,100
NB-503 (Kuru Yük),BLK-113,Gövde,Erdemir,Açık Saha Donatım,149,Boyama,Taşeron - Omega,187,187,131120,131120,Muaf,2026-01-02,2026-01-13,2026-01-02,2026-01-13,0,Yok,Tamamlandı,100
NB-503 (Kuru Yük),BLK-113,Gövde,Erdemir,Açık Saha Donatım,149,Donatım,Dahili Ekip,182,230,104598,110760,Geçti,2026-01-14,2026-01-27,2026-01-14,2026-02-02,6,Kalite Reddi (NDT),Tamamlandı,100
NB-502 (Römorkör),BLK-114,Tank,ThyssenKrupp,Kuru Havuz A,70,Kesim,Taşeron - Omega,105,105,34790,34790,Muaf,2025-10-16,2025-10-23,2025-10-16,2025-10-23,0,Yok,Tamamlandı,100
NB-502 (Römorkör),BLK-114,Tank,ThyssenKrupp,Kuru Havuz A,70,Ön Montaj,Taşeron - Omega,160,160,86800,86800,Geçti,2025-10-24,2025-11-13,2025-10-24,2025-11-13,0,Yok,Tamamlandı,100
NB-502 (Römorkör),BLK-114,Tank,ThyssenKrupp,Kuru Havuz A,70,Montaj,Taşeron - Omega,209,264,60060,67310,Geçti,2025-11-14,2025-11-25,2025-11-14,2025-11-30,5,Malzeme Eksikliği,Tamamlandı,100
NB-502 (Römorkör),BLK-114,Tank,ThyssenKrupp,Kuru Havuz A,70,Kaynak,Taşeron - Omega,126,270,26950,36850,Kaldı - Yeniden İşlem,2025-12-02,2025-12-09,2025-12-02,2025-12-21,12,Kalite Reddi (NDT),Tamamlandı,100
NB-502 (Römorkör),BLK-114,Tank,ThyssenKrupp,Kuru Havuz A,70,Boyama,Taşeron - Omega,252,252,65520,65520,Muaf,2025-12-23,2026-01-04,2025-12-23,2026-01-04,0,Yok,Tamamlandı,100
NB-502 (Römorkör),BLK-114,Tank,ThyssenKrupp,Kuru Havuz A,70,Donatım,Taşeron - Omega,280,280,95200,95200,Muaf,2026-01-06,2026-01-26,2026-01-06,2026-01-26,0,Yok,Tamamlandı,100
NB-503 (Kuru Yük),BLK-115,Çift Dip (Double Bottom),ThyssenKrupp,Açık Saha Donatım,89,Kesim,Dahili Ekip,40,40,25810,25810,Muaf,2026-01-06,2026-01-11,2026-01-06,2026-01-11,0,Yok,Tamamlandı,100
NB-503 (Kuru Yük),BLK-115,Çift Dip (Double Bottom),ThyssenKrupp,Açık Saha Donatım,89,Ön Montaj,Dahili Ekip,180,180,105465,105465,Geçti,2026-01-13,2026-01-28,2026-01-13,2026-01-28,0,Yok,Tamamlandı,100
NB-503 (Kuru Yük),BLK-115,Çift Dip (Double Bottom),ThyssenKrupp,Açık Saha Donatım,89,Montaj,Taşeron - Alfa,345,345,100125,100125,Geçti,2026-01-30,2026-02-14,2026-01-30,2026-02-14,0,Yok,Tamamlandı,100
NB-503 (Kuru Yük),BLK-115,Çift Dip (Double Bottom),ThyssenKrupp,Açık Saha Donatım,89,Kaynak,Taşeron - Beta,169,289,60164,74234,Kaldı - Yeniden İşlem,2026-02-15,2026-02-28,2026-02-15,2026-03-10,10,Kalite Reddi (NDT),Tamamlandı,100
NB-503 (Kuru Yük),BLK-115,Çift Dip (Double Bottom),ThyssenKrupp,Açık Saha Donatım,89,Boyama,Taşeron - Omega,286,286,78676,78676,Muaf,2026-03-12,2026-03-25,2026-03-12,2026-03-25,0,Yok,Tamamlandı,100
NB-503 (Kuru Yük),BLK-115,Çift Dip (Double Bottom),ThyssenKrupp,Açık Saha Donatım,89,Donatım,Taşeron - Beta,180,235,81168,86953,Geçti,2026-03-26,2026-04-07,2026-03-26,2026-04-12,5,İşgücü Yetersizliği,Tamamlandı,100
NB-501 (Kimyasal Tanker),BLK-116,Makine Dairesi,Erdemir,Kuru Havuz A,103,Kesim,Dahili Ekip,98,98,43260,43260,Muaf,2025-10-24,2025-10-31,2025-10-24,2025-10-31,0,Yok,Tamamlandı,100
NB-501 (Kimyasal Tanker),BLK-116,Makine Dairesi,Erdemir,Kuru Havuz A,103,Ön Montaj,Dahili Ekip,195,305,70967,85497,Geçti,2025-11-02,2025-11-15,2025-11-02,2025-11-25,10,Ekipman/Vinç Arızası,Tamamlandı,100
NB-501 (Kimyasal Tanker),BLK-116,Makine Dairesi,Erdemir,Kuru Havuz A,103,Montaj,Taşeron - Omega,168,308,64272,74672,Geçti,2025-11-26,2025-12-08,2025-11-26,2025-12-18,10,Kalite Reddi (NDT),Tamamlandı,100
NB-501 (Kimyasal Tanker),BLK-116,Makine Dairesi,Erdemir,Kuru Havuz A,103,Kaynak,Taşeron - Omega,280,440,82194,89544,Geçti,2025-12-19,2026-01-02,2025-12-19,2026-01-12,10,Malzeme Eksikliği,Tamamlandı,100
NB-501 (Kimyasal Tanker),BLK-116,Makine Dairesi,Erdemir,Kuru Havuz A,103,Boyama,Taşeron - Omega,225,225,117420,117420,Muaf,2026-01-13,2026-01-28,2026-01-13,2026-01-28,0,Yok,Tamamlandı,100
NB-501 (Kimyasal Tanker),BLK-116,Makine Dairesi,Erdemir,Kuru Havuz A,103,Donatım,Dahili Ekip,256,256,128544,128544,Muaf,2026-01-30,2026-02-15,2026-01-30,2026-02-15,0,Yok,Tamamlandı,100
NB-504 (Askeri Gemi),BLK-117,Çift Dip (Double Bottom),Erdemir,Kızak 1,83,Kesim,Taşeron - Alfa,48,48,26228,26228,Muaf,2025-10-22,2025-10-26,2025-10-22,2025-10-26,0,Yok,Tamamlandı,100
NB-504 (Askeri Gemi),BLK-117,Çift Dip (Double Bottom),Erdemir,Kızak 1,83,Ön Montaj,Taşeron - Alfa,196,196,92960,92960,Geçti,2025-10-28,2025-11-11,2025-10-28,2025-11-11,0,Yok,Tamamlandı,100
NB-504 (Askeri Gemi),BLK-117,Çift Dip (Double Bottom),Erdemir,Kızak 1,83,Montaj,Taşeron - Omega,299,299,84162,84162,Geçti,2025-11-13,2025-11-26,2025-11-13,2025-11-26,0,Yok,Tamamlandı,100
NB-504 (Askeri Gemi),BLK-117,Çift Dip (Double Bottom),Erdemir,Kızak 1,83,Kaynak,Taşeron - Omega,133,133,36603,36603,Geçti,2025-11-28,2025-12-05,2025-11-28,2025-12-05,0,Yok,Tamamlandı,100
NB-504 (Askeri Gemi),BLK-117,Çift Dip (Double Bottom),Erdemir,Kızak 1,83,Boyama,Dahili Ekip,256,312,92960,97111,Muaf,2025-12-07,2025-12-23,2025-12-07,2025-12-30,7,Malzeme Eksikliği,Tamamlandı,100
NB-504 (Askeri Gemi),BLK-117,Çift Dip (Double Bottom),Erdemir,Kızak 1,83,Donatım,Taşeron - Omega,342,402,100098,104110,Geçti,2026-01-01,2026-01-19,2026-01-01,2026-01-23,4,Kalite Reddi (NDT),Tamamlandı,100
NB-502 (Römorkör),BLK-118,Tank,Yerel Tedarikçi A.Ş.,Açık Saha Donatım,91,Kesim,Taşeron - Omega,55,55,35490,35490,Muaf,2025-10-26,2025-10-31,2025-10-26,2025-10-31,0,Yok,Tamamlandı,100
NB-502 (Römorkör),BLK-118,Tank,Yerel Tedarikçi A.Ş.,Açık Saha Donatım,91,Ön Montaj,Dahili Ekip,154,154,85358,85358,Geçti,2025-11-02,2025-11-16,2025-11-02,2025-11-16,0,Yok,Tamamlandı,100
NB-502 (Römorkör),BLK-118,Tank,Yerel Tedarikçi A.Ş.,Açık Saha Donatım,91,Montaj,Taşeron - Alfa,399,399,89908,89908,Geçti,2025-11-18,2025-12-07,2025-11-18,2025-12-07,0,Yok,Tamamlandı,100
NB-502 (Römorkör),BLK-118,Tank,Yerel Tedarikçi A.Ş.,Açık Saha Donatım,91,Kaynak,Taşeron - Omega,312,312,73346,73346,Geçti,2025-12-09,2025-12-22,2025-12-09,2025-12-22,0,Yok,Tamamlandı,100
NB-502 (Römorkör),BLK-118,Tank,Yerel Tedarikçi A.Ş.,Açık Saha Donatım,91,Boyama,Taşeron - Omega,220,240,62062,64206,Muaf,2025-12-23,2026-01-03,2025-12-23,2026-01-05,2,Hava Muhalefeti,Tamamlandı,100
NB-502 (Römorkör),BLK-118,Tank,Yerel Tedarikçi A.Ş.,Açık Saha Donatım,91,Donatım,Taşeron - Beta,160,280,143780,150652,Geçti,2026-01-07,2026-01-27,2026-01-07,2026-02-04,8,Malzeme Eksikliği,Tamamlandı,100
NB-503 (Kuru Yük),BLK-119,Tank,Yerel Tedarikçi A.Ş.,Kuru Havuz B,44,Kesim,Taşeron - Omega,96,138,20592,23610,Geçti,2025-12-22,2025-12-28,2025-12-22,2025-12-31,3,İşgücü Yetersizliği,Tamamlandı,100
NB-503 (Kuru Yük),BLK-119,Tank,Yerel Tedarikçi A.Ş.,Kuru Havuz B,44,Ön Montaj,Dahili Ekip,440,440,47520,47520,Geçti,2026-01-01,2026-01-21,2026-01-01,2026-01-21,0,Yok,Tamamlandı,100
NB-503 (Kuru Yük),BLK-119,Tank,Yerel Tedarikçi A.Ş.,Kuru Havuz B,44,Montaj,Taşeron - Beta,224,224,39424,39424,Geçti,2026-01-23,2026-02-08,2026-01-23,2026-02-08,0,Yok,Tamamlandı,100
NB-503 (Kuru Yük),BLK-119,Tank,Yerel Tedarikçi A.Ş.,Kuru Havuz B,44,Kaynak,Taşeron - Alfa,147,147,16016,16016,Geçti,2026-02-10,2026-02-17,2026-02-10,2026-02-17,0,Yok,Tamamlandı,100
NB-503 (Kuru Yük),BLK-119,Tank,Yerel Tedarikçi A.Ş.,Kuru Havuz B,44,Boyama,Taşeron - Beta,255,255,41140,41140,Muaf,2026-02-19,2026-03-08,2026-02-19,2026-03-08,0,Yok,Tamamlandı,100
NB-503 (Kuru Yük),BLK-119,Tank,Yerel Tedarikçi A.Ş.,Kuru Havuz B,44,Donatım,Dahili Ekip,130,130,30316,30316,Muaf,2026-03-09,2026-03-22,2026-03-09,2026-03-22,0,Yok,Tamamlandı,100
NB-501 (Kimyasal Tanker),BLK-120,Gövde,Yerel Tedarikçi A.Ş.,Kızak 1,123,Kesim,Taşeron - Omega,126,126,68880,68880,Muaf,2026-01-06,2026-01-13,2026-01-06,2026-01-13,0,Yok,Tamamlandı,100
NB-501 (Kimyasal Tanker),BLK-120,Gövde,Yerel Tedarikçi A.Ş.,Kızak 1,123,Ön Montaj,Dahili Ekip,220,220,127920,127920,Geçti,2026-01-14,2026-02-03,2026-01-14,2026-02-03,0,Yok,Tamamlandı,100
NB-501 (Kimyasal Tanker),BLK-120,Gövde,Yerel Tedarikçi A.Ş.,Kızak 1,123,Montaj,Taşeron - Omega,330,330,127305,127305,Geçti,2026-02-05,2026-02-20,2026-02-05,2026-02-20,0,Yok,Tamamlandı,100
NB-501 (Kimyasal Tanker),BLK-120,Gövde,Yerel Tedarikçi A.Ş.,Kızak 1,123,Kaynak,Taşeron - Beta,308,406,92988,102123,Geçti,2026-02-21,2026-03-07,2026-02-21,2026-03-14,7,Malzeme Eksikliği,Tamamlandı,100
NB-501 (Kimyasal Tanker),BLK-120,Gövde,Yerel Tedarikçi A.Ş.,Kızak 1,123,Boyama,Taşeron - Alfa,234,388,141696,156425,Muaf,2026-03-15,2026-04-02,2026-03-15,2026-04-13,11,Hava Muhalefeti,Tamamlandı,100
NB-501 (Kimyasal Tanker),BLK-120,Gövde,Yerel Tedarikçi A.Ş.,Kızak 1,123,Donatım,Dahili Ekip,216,216,110700,110700,Bekliyor,2026-04-15,2026-04-27,2026-04-15,,0,Yok,Devam Ediyor,77
NB-503 (Kuru Yük),BLK-121,Çift Dip (Double Bottom),ThyssenKrupp,Kızak 1,35,Kesim,Taşeron - Omega,56,56,10080,10080,Muaf,2026-01-05,2026-01-09,2026-01-05,2026-01-09,0,Yok,Tamamlandı,100
NB-503 (Kuru Yük),BLK-121,Çift Dip (Double Bottom),ThyssenKrupp,Kızak 1,35,Ön Montaj,Taşeron - Omega,320,320,39200,39200,Geçti,2026-01-11,2026-01-31,2026-01-11,2026-01-31,0,Yok,Tamamlandı,100
NB-503 (Kuru Yük),BLK-121,Çift Dip (Double Bottom),ThyssenKrupp,Kızak 1,35,Montaj,Taşeron - Alfa,210,210,27930,27930,Geçti,2026-02-02,2026-02-16,2026-02-02,2026-02-16,0,Yok,Tamamlandı,100
NB-503 (Kuru Yük),BLK-121,Çift Dip (Double Bottom),ThyssenKrupp,Kızak 1,35,Kaynak,Taşeron - Beta,117,117,21735,21735,Geçti,2026-02-18,2026-02-27,2026-02-18,2026-02-27,0,Yok,Tamamlandı,100
NB-503 (Kuru Yük),BLK-121,Çift Dip (Double Bottom),ThyssenKrupp,Kızak 1,35,Boyama,Taşeron - Beta,168,168,38220,38220,Muaf,2026-03-01,2026-03-15,2026-03-01,2026-03-15,0,Yok,Tamamlandı,100
NB-503 (Kuru Yük),BLK-121,Çift Dip (Double Bottom),ThyssenKrupp,Kızak 1,35,Donatım,Dahili Ekip,252,252,34650,34650,Muaf,2026-03-17,2026-04-04,2026-03-17,2026-04-04,0,Yok,Tamamlandı,100
NB-502 (Römorkör),BLK-122,Makine Dairesi,Kardemir,Kızak 2,176,Kesim,Dahili Ekip,60,60,38544,38544,Muaf,2025-12-07,2025-12-10,2025-12-07,2025-12-10,0,Yok,Tamamlandı,100
NB-502 (Römorkör),BLK-122,Makine Dairesi,Kardemir,Kızak 2,176,Ön Montaj,Dahili Ekip,96,96,160512,160512,Geçti,2025-12-11,2025-12-23,2025-12-11,2025-12-23,0,Yok,Tamamlandı,100
NB-502 (Römorkör),BLK-122,Makine Dairesi,Kardemir,Kızak 2,176,Montaj,Dahili Ekip,330,510,203280,216576,Kaldı - Yeniden İşlem,2025-12-25,2026-01-09,2025-12-25,2026-01-21,12,Malzeme Eksikliği,Tamamlandı,100
NB-502 (Römorkör),BLK-122,Makine Dairesi,Kardemir,Kızak 2,176,Kaynak,Taşeron - Alfa,168,252,112640,119444,Kaldı - Yeniden İşlem,2026-01-22,2026-01-30,2026-01-22,2026-02-05,6,Kalite Reddi (NDT),Tamamlandı,100
NB-502 (Römorkör),BLK-122,Makine Dairesi,Kardemir,Kızak 2,176,Boyama,Taşeron - Beta,378,466,234432,245520,Muaf,2026-02-06,2026-02-24,2026-02-06,2026-03-04,8,Ekipman/Vinç Arızası,Tamamlandı,100
NB-502 (Römorkör),BLK-122,Makine Dairesi,Kardemir,Kızak 2,176,Donatım,Dahili Ekip,266,266,183920,183920,Muaf,2026-03-06,2026-03-25,2026-03-06,2026-03-25,0,Yok,Tamamlandı,100
NB-503 (Kuru Yük),BLK-123,Üst Bina,Yerel Tedarikçi A.Ş.,Kuru Havuz A,64,Kesim,Taşeron - Omega,96,96,21120,21120,Muaf,2025-10-20,2025-10-26,2025-10-20,2025-10-26,0,Yok,Tamamlandı,100
NB-503 (Kuru Yük),BLK-123,Üst Bina,Yerel Tedarikçi A.Ş.,Kuru Havuz A,64,Ön Montaj,Dahili Ekip,225,225,48960,48960,Geçti,2025-10-28,2025-11-12,2025-10-28,2025-11-12,0,Yok,Tamamlandı,100
NB-503 (Kuru Yük),BLK-123,Üst Bina,Yerel Tedarikçi A.Ş.,Kuru Havuz A,64,Montaj,Taşeron - Beta,195,195,49088,49088,Geçti,2025-11-13,2025-11-26,2025-11-13,2025-11-26,0,Yok,Tamamlandı,100
NB-503 (Kuru Yük),BLK-123,Üst Bina,Yerel Tedarikçi A.Ş.,Kuru Havuz A,64,Kaynak,Taşeron - Alfa,221,221,51584,51584,Geçti,2025-11-27,2025-12-10,2025-11-27,2025-12-10,0,Yok,Tamamlandı,100
NB-503 (Kuru Yük),BLK-123,Üst Bina,Yerel Tedarikçi A.Ş.,Kuru Havuz A,64,Boyama,Dahili Ekip,99,99,56320,56320,Muaf,2025-12-11,2025-12-22,2025-12-11,2025-12-22,0,Yok,Tamamlandı,100
NB-503 (Kuru Yük),BLK-123,Üst Bina,Yerel Tedarikçi A.Ş.,Kuru Havuz A,64,Donatım,Taşeron - Alfa,247,247,97280,97280,Muaf,2025-12-24,2026-01-12,2025-12-24,2026-01-12,0,Yok,Tamamlandı,100
NB-503 (Kuru Yük),BLK-124,Makine Dairesi,Yerel Tedarikçi A.Ş.,Kızak 2,72,Kesim,Dahili Ekip,80,80,18144,18144,Muaf,2025-10-09,2025-10-13,2025-10-09,2025-10-13,0,Yok,Tamamlandı,100
NB-503 (Kuru Yük),BLK-124,Makine Dairesi,Yerel Tedarikçi A.Ş.,Kızak 2,72,Ön Montaj,Taşeron - Alfa,144,144,92016,92016,Geçti,2025-10-15,2025-11-02,2025-10-15,2025-11-02,0,Yok,Tamamlandı,100
NB-503 (Kuru Yük),BLK-124,Makine Dairesi,Yerel Tedarikçi A.Ş.,Kızak 2,72,Montaj,Taşeron - Omega,209,209,63360,63360,Geçti,2025-11-04,2025-11-15,2025-11-04,2025-11-15,0,Yok,Tamamlandı,100
NB-503 (Kuru Yük),BLK-124,Makine Dairesi,Yerel Tedarikçi A.Ş.,Kızak 2,72,Kaynak,Dahili Ekip,104,104,35712,35712,Geçti,2025-11-17,2025-11-25,2025-11-17,2025-11-25,0,Yok,Tamamlandı,100
NB-503 (Kuru Yük),BLK-124,Makine Dairesi,Yerel Tedarikçi A.Ş.,Kızak 2,72,Boyama,Taşeron - Omega,208,298,51480,59660,Muaf,2025-11-27,2025-12-10,2025-11-27,2025-12-20,10,Malzeme Eksikliği,Tamamlandı,100
NB-503 (Kuru Yük),BLK-124,Makine Dairesi,Yerel Tedarikçi A.Ş.,Kızak 2,72,Donatım,Taşeron - Alfa,240,240,67392,67392,Muaf,2025-12-21,2026-01-02,2025-12-21,2026-01-02,0,Yok,Tamamlandı,100
NB-504 (Askeri Gemi),BLK-125,Üst Bina,Kardemir,Açık Saha Donatım,116,Kesim,Taşeron - Alfa,133,133,62524,62524,Muaf,2026-01-01,2026-01-08,2026-01-01,2026-01-08,0,Yok,Tamamlandı,100
NB-504 (Askeri Gemi),BLK-125,Üst Bina,Kardemir,Açık Saha Donatım,116,Ön Montaj,Taşeron - Beta,228,372,130036,137284,Geçti,2026-01-09,2026-01-28,2026-01-09,2026-02-09,12,Ekipman/Vinç Arızası,Tamamlandı,100
NB-504 (Askeri Gemi),BLK-125,Üst Bina,Kardemir,Açık Saha Donatım,116,Montaj,Dahili Ekip,132,132,87696,87696,Geçti,2026-02-10,2026-02-22,2026-02-10,2026-02-22,0,Yok,Tamamlandı,100
NB-504 (Askeri Gemi),BLK-125,Üst Bina,Kardemir,Açık Saha Donatım,116,Kaynak,Taşeron - Alfa,187,187,66352,66352,Geçti,2026-02-24,2026-03-07,2026-02-24,2026-03-07,0,Yok,Tamamlandı,100
NB-504 (Askeri Gemi),BLK-125,Üst Bina,Kardemir,Açık Saha Donatım,116,Boyama,Taşeron - Beta,144,324,109504,122248,Muaf,2026-03-09,2026-03-25,2026-03-09,2026-04-06,12,Kalite Reddi (NDT),Tamamlandı,100
NB-504 (Askeri Gemi),BLK-125,Üst Bina,Kardemir,Açık Saha Donatım,116,Donatım,Taşeron - Alfa,132,132,97440,97440,Muaf,2026-04-07,2026-04-19,2026-04-07,2026-04-19,0,Yok,Tamamlandı,100
NB-501 (Kimyasal Tanker),BLK-126,Çift Dip (Double Bottom),Kardemir,Açık Saha Donatım,122,Kesim,Taşeron - Beta,102,102,54900,54900,Muaf,2025-12-03,2025-12-09,2025-12-03,2025-12-09,0,Yok,Tamamlandı,100
NB-501 (Kimyasal Tanker),BLK-126,Çift Dip (Double Bottom),Kardemir,Açık Saha Donatım,122,Ön Montaj,Taşeron - Omega,120,120,112728,112728,Geçti,2025-12-11,2025-12-23,2025-12-11,2025-12-23,0,Yok,Tamamlandı,100
NB-501 (Kimyasal Tanker),BLK-126,Çift Dip (Double Bottom),Kardemir,Açık Saha Donatım,122,Montaj,Dahili Ekip,182,182,99064,99064,Geçti,2025-12-25,2026-01-08,2025-12-25,2026-01-08,0,Yok,Tamamlandı,100
NB-501 (Kimyasal Tanker),BLK-126,Çift Dip (Double Bottom),Kardemir,Açık Saha Donatım,122,Kaynak,Taşeron - Omega,154,154,76494,76494,Geçti,2026-01-09,2026-01-20,2026-01-09,2026-01-20,0,Yok,Tamamlandı,100
NB-501 (Kimyasal Tanker),BLK-126,Çift Dip (Double Bottom),Kardemir,Açık Saha Donatım,122,Boyama,Taşeron - Omega,152,152,136762,136762,Muaf,2026-01-22,2026-02-10,2026-01-22,2026-02-10,0,Yok,Tamamlandı,100
NB-501 (Kimyasal Tanker),BLK-126,Çift Dip (Double Bottom),Kardemir,Açık Saha Donatım,122,Donatım,Taşeron - Beta,220,292,65880,79227,Geçti,2026-02-11,2026-02-21,2026-02-11,2026-03-02,9,Kalite Reddi (NDT),Tamamlandı,100
NB-502 (Römorkör),BLK-127,Makine Dairesi,Yerel Tedarikçi A.Ş.,Kızak 2,159,Kesim,Taşeron - Alfa,76,76,38160,38160,Muaf,2025-10-27,2025-10-31,2025-10-27,2025-10-31,0,Yok,Tamamlandı,100
NB-502 (Römorkör),BLK-127,Makine Dairesi,Yerel Tedarikçi A.Ş.,Kızak 2,159,Ön Montaj,Dahili Ekip,345,345,128790,128790,Geçti,2025-11-02,2025-11-17,2025-11-02,2025-11-17,0,Yok,Tamamlandı,100
NB-502 (Römorkör),BLK-127,Makine Dairesi,Yerel Tedarikçi A.Ş.,Kızak 2,159,Montaj,Taşeron - Omega,104,209,128154,136267,Geçti,2025-11-19,2025-12-02,2025-11-19,2025-12-09,7,Malzeme Eksikliği,Tamamlandı,100
NB-502 (Römorkör),BLK-127,Makine Dairesi,Yerel Tedarikçi A.Ş.,Kızak 2,159,Kaynak,Taşeron - Omega,190,229,93810,97629,Geçti,2025-12-10,2025-12-20,2025-12-10,2025-12-23,3,Ekipman/Vinç Arızası,Tamamlandı,100
NB-502 (Römorkör),BLK-127,Makine Dairesi,Yerel Tedarikçi A.Ş.,Kızak 2,159,Boyama,Taşeron - Beta,112,112,129108,129108,Muaf,2025-12-24,2026-01-07,2025-12-24,2026-01-07,0,Yok,Tamamlandı,100
NB-502 (Römorkör),BLK-127,Makine Dairesi,Yerel Tedarikçi A.Ş.,Kızak 2,159,Donatım,Taşeron - Alfa,210,210,120204,120204,Muaf,2026-01-09,2026-01-23,2026-01-09,2026-01-23,0,Yok,Tamamlandı,100
NB-503 (Kuru Yük),BLK-128,Çift Dip (Double Bottom),Kardemir,Kuru Havuz A,39,Kesim,Dahili Ekip,85,85,9945,9945,Muaf,2025-11-19,2025-11-24,2025-11-19,2025-11-24,0,Yok,Tamamlandı,100
NB-503 (Kuru Yük),BLK-128,Çift Dip (Double Bottom),Kardemir,Kuru Havuz A,39,Ön Montaj,Taşeron - Omega,396,396,43524,43524,Geçti,2025-11-25,2025-12-13,2025-11-25,2025-12-13,0,Yok,Tamamlandı,100
NB-503 (Kuru Yük),BLK-128,Çift Dip (Double Bottom),Kardemir,Kuru Havuz A,39,Montaj,Dahili Ekip,130,200,26130,30204,Geçti,2025-12-14,2025-12-24,2025-12-14,2025-12-31,7,Kalite Reddi (NDT),Tamamlandı,100
NB-503 (Kuru Yük),BLK-128,Çift Dip (Double Bottom),Kardemir,Kuru Havuz A,39,Kaynak,Dahili Ekip,190,262,24180,29346,Geçti,2026-01-01,2026-01-11,2026-01-01,2026-01-17,6,Malzeme Eksikliği,Tamamlandı,100
NB-503 (Kuru Yük),BLK-128,Çift Dip (Double Bottom),Kardemir,Kuru Havuz A,39,Boyama,Taşeron - Beta,272,272,48399,48399,Muaf,2026-01-18,2026-02-04,2026-01-18,2026-02-04,0,Yok,Tamamlandı,100
NB-503 (Kuru Yük),BLK-128,Çift Dip (Double Bottom),Kardemir,Kuru Havuz A,39,Donatım,Taşeron - Alfa,437,437,46683,46683,Muaf,2026-02-06,2026-02-25,2026-02-06,2026-02-25,0,Yok,Tamamlandı,100
NB-504 (Askeri Gemi),BLK-129,Üst Bina,ThyssenKrupp,Kuru Havuz B,90,Kesim,Taşeron - Alfa,40,40,36000,36000,Muaf,2025-10-20,2025-10-25,2025-10-20,2025-10-25,0,Yok,Tamamlandı,100
NB-504 (Askeri Gemi),BLK-129,Üst Bina,ThyssenKrupp,Kuru Havuz B,90,Ön Montaj,Taşeron - Alfa,160,160,102600,102600,Geçti,2025-10-26,2025-11-15,2025-10-26,2025-11-15,0,Yok,Tamamlandı,100
NB-504 (Askeri Gemi),BLK-129,Üst Bina,ThyssenKrupp,Kuru Havuz B,90,Montaj,Taşeron - Alfa,104,104,67860,67860,Geçti,2025-11-17,2025-11-30,2025-11-17,2025-11-30,0,Yok,Tamamlandı,100
NB-504 (Askeri Gemi),BLK-129,Üst Bina,ThyssenKrupp,Kuru Havuz B,90,Kaynak,Taşeron - Beta,144,254,76680,87328,Geçti,2025-12-01,2025-12-13,2025-12-01,2025-12-24,11,Malzeme Eksikliği,Tamamlandı,100
NB-504 (Askeri Gemi),BLK-129,Üst Bina,ThyssenKrupp,Kuru Havuz B,90,Boyama,Taşeron - Alfa,128,158,92160,94454,Muaf,2025-12-26,2026-01-11,2025-12-26,2026-01-13,2,Malzeme Eksikliği,Tamamlandı,100
NB-504 (Askeri Gemi),BLK-129,Üst Bina,ThyssenKrupp,Kuru Havuz B,90,Donatım,Taşeron - Beta,260,260,66690,66690,Muaf,2026-01-15,2026-01-28,2026-01-15,2026-01-28,0,Yok,Tamamlandı,100
NB-503 (Kuru Yük),BLK-130,Üst Bina,ThyssenKrupp,Kuru Havuz B,40,Kesim,Dahili Ekip,63,63,6720,6720,Muaf,2025-10-10,2025-10-13,2025-10-10,2025-10-13,0,Yok,Tamamlandı,100
NB-503 (Kuru Yük),BLK-130,Üst Bina,ThyssenKrupp,Kuru Havuz B,40,Ön Montaj,Taşeron - Beta,153,303,43520,51270,Geçti,2025-10-14,2025-10-31,2025-10-14,2025-11-10,10,Malzeme Eksikliği,Tamamlandı,100
NB-503 (Kuru Yük),BLK-130,Üst Bina,ThyssenKrupp,Kuru Havuz B,40,Montaj,Taşeron - Omega,252,285,54720,57345,Geçti,2025-11-12,2025-11-30,2025-11-12,2025-12-03,3,Hava Muhalefeti,Tamamlandı,100
NB-503 (Kuru Yük),BLK-130,Üst Bina,ThyssenKrupp,Kuru Havuz B,40,Kaynak,Taşeron - Beta,90,90,28800,28800,Geçti,2025-12-05,2025-12-15,2025-12-05,2025-12-15,0,Yok,Tamamlandı,100
NB-503 (Kuru Yük),BLK-130,Üst Bina,ThyssenKrupp,Kuru Havuz B,40,Boyama,Taşeron - Beta,384,461,35200,43761,Muaf,2025-12-16,2026-01-01,2025-12-16,2026-01-08,7,İşgücü Yetersizliği,Tamamlandı,100
NB-503 (Kuru Yük),BLK-130,Üst Bina,ThyssenKrupp,Kuru Havuz B,40,Donatım,Dahili Ekip,220,220,22880,22880,Muaf,2026-01-10,2026-01-21,2026-01-10,2026-01-21,0,Yok,Tamamlandı,100
NB-504 (Askeri Gemi),BLK-131,Gövde,ThyssenKrupp,Açık Saha Donatım,176,Kesim,Dahili Ekip,140,140,82544,82544,Muaf,2025-12-03,2025-12-10,2025-12-03,2025-12-10,0,Yok,Tamamlandı,100
NB-504 (Askeri Gemi),BLK-131,Gövde,ThyssenKrupp,Açık Saha Donatım,176,Ön Montaj,Taşeron - Alfa,143,195,102608,108248,Geçti,2025-12-11,2025-12-22,2025-12-11,2025-12-26,4,Kalite Reddi (NDT),Tamamlandı,100
NB-504 (Askeri Gemi),BLK-131,Gövde,ThyssenKrupp,Açık Saha Donatım,176,Montaj,Dahili Ekip,169,334,151008,162613,Geçti,2025-12-27,2026-01-09,2025-12-27,2026-01-20,11,Malzeme Eksikliği,Tamamlandı,100
NB-504 (Askeri Gemi),BLK-131,Gövde,ThyssenKrupp,Açık Saha Donatım,176,Kaynak,Taşeron - Beta,204,380,141504,152053,Geçti,2026-01-22,2026-02-03,2026-01-22,2026-02-14,11,Malzeme Eksikliği,Tamamlandı,100
NB-504 (Askeri Gemi),BLK-131,Gövde,ThyssenKrupp,Açık Saha Donatım,176,Boyama,Taşeron - Beta,324,399,158400,164105,Muaf,2026-02-15,2026-03-05,2026-02-15,2026-03-10,5,Hava Muhalefeti,Tamamlandı,100
NB-504 (Askeri Gemi),BLK-131,Gövde,ThyssenKrupp,Açık Saha Donatım,176,Donatım,Dahili Ekip,156,156,123552,123552,Muaf,2026-03-11,2026-03-24,2026-03-11,2026-03-24,0,Yok,Tamamlandı,100
NB-501 (Kimyasal Tanker),BLK-132,Tank,ThyssenKrupp,Kuru Havuz A,31,Kesim,Taşeron - Alfa,72,182,6696,21205,Geçti,2025-11-02,2025-11-06,2025-11-02,2025-11-17,11,Ekipman/Vinç Arızası,Tamamlandı,100
NB-501 (Kimyasal Tanker),BLK-132,Tank,ThyssenKrupp,Kuru Havuz A,31,Ön Montaj,Dahili Ekip,320,476,37820,50468,Geçti,2025-11-19,2025-12-09,2025-11-19,2025-12-21,12,İşgücü Yetersizliği,Tamamlandı,100
NB-501 (Kimyasal Tanker),BLK-132,Tank,ThyssenKrupp,Kuru Havuz A,31,Montaj,Dahili Ekip,224,224,31248,31248,Geçti,2025-12-22,2026-01-05,2025-12-22,2026-01-05,0,Yok,Tamamlandı,100
NB-501 (Kimyasal Tanker),BLK-132,Tank,ThyssenKrupp,Kuru Havuz A,31,Kaynak,Taşeron - Omega,130,152,24800,26426,Geçti,2026-01-07,2026-01-17,2026-01-07,2026-01-19,2,İşgücü Yetersizliği,Tamamlandı,100
NB-501 (Kimyasal Tanker),BLK-132,Tank,ThyssenKrupp,Kuru Havuz A,31,Boyama,Taşeron - Omega,266,266,34751,34751,Muaf,2026-01-21,2026-02-09,2026-01-21,2026-02-09,0,Yok,Tamamlandı,100
NB-501 (Kimyasal Tanker),BLK-132,Tank,ThyssenKrupp,Kuru Havuz A,31,Donatım,Taşeron - Alfa,289,289,29512,29512,Muaf,2026-02-10,2026-02-27,2026-02-10,2026-02-27,0,Yok,Tamamlandı,100
NB-504 (Askeri Gemi),BLK-133,Tank,Kardemir,Kızak 2,172,Kesim,Taşeron - Alfa,76,76,55040,55040,Muaf,2026-01-03,2026-01-07,2026-01-03,2026-01-07,0,Yok,Tamamlandı,100
NB-504 (Askeri Gemi),BLK-133,Tank,Kardemir,Kızak 2,172,Ön Montaj,Dahili Ekip,280,352,185760,197109,Geçti,2026-01-08,2026-01-28,2026-01-08,2026-02-06,9,Ekipman/Vinç Arızası,Tamamlandı,100
NB-504 (Askeri Gemi),BLK-133,Tank,Kardemir,Kızak 2,172,Montaj,Taşeron - Alfa,272,317,165120,168760,Geçti,2026-02-08,2026-02-24,2026-02-08,2026-03-01,5,İşgücü Yetersizliği,Tamamlandı,100
NB-504 (Askeri Gemi),BLK-133,Tank,Kardemir,Kızak 2,172,Kaynak,Taşeron - Alfa,112,112,70176,70176,Geçti,2026-03-03,2026-03-11,2026-03-03,2026-03-11,0,Yok,Tamamlandı,100
NB-504 (Askeri Gemi),BLK-133,Tank,Kardemir,Kızak 2,172,Boyama,Dahili Ekip,160,244,203648,207162,Muaf,2026-03-13,2026-03-29,2026-03-13,2026-04-05,7,Hava Muhalefeti,Tamamlandı,100
NB-504 (Askeri Gemi),BLK-133,Tank,Kardemir,Kızak 2,172,Donatım,Taşeron - Alfa,260,330,251120,256040,Bekliyor,2026-04-06,2026-04-26,2026-04-06,,5,Kalite Reddi (NDT),Devam Ediyor,74
NB-504 (Askeri Gemi),BLK-134,Çift Dip (Double Bottom),Erdemir,Kızak 1,97,Kesim,Taşeron - Beta,70,145,33465,40515,Geçti,2025-12-15,2025-12-20,2025-12-15,2025-12-25,5,Ekipman/Vinç Arızası,Tamamlandı,100
NB-504 (Askeri Gemi),BLK-134,Çift Dip (Double Bottom),Erdemir,Kızak 1,97,Ön Montaj,Taşeron - Alfa,200,200,126100,126100,Geçti,2025-12-26,2026-01-15,2025-12-26,2026-01-15,0,Yok,Tamamlandı,100
NB-504 (Askeri Gemi),BLK-134,Çift Dip (Double Bottom),Erdemir,Kızak 1,97,Montaj,Taşeron - Omega,240,240,117952,117952,Geçti,2026-01-16,2026-02-01,2026-01-16,2026-02-01,0,Yok,Tamamlandı,100
NB-504 (Askeri Gemi),BLK-134,Çift Dip (Double Bottom),Erdemir,Kızak 1,97,Kaynak,Taşeron - Alfa,207,207,48015,48015,Geçti,2026-02-03,2026-02-12,2026-02-03,2026-02-12,0,Yok,Tamamlandı,100
NB-504 (Askeri Gemi),BLK-134,Çift Dip (Double Bottom),Erdemir,Kızak 1,97,Boyama,Taşeron - Beta,128,128,90016,90016,Muaf,2026-02-14,2026-03-02,2026-02-14,2026-03-02,0,Yok,Tamamlandı,100
NB-504 (Askeri Gemi),BLK-134,Çift Dip (Double Bottom),Erdemir,Kızak 1,97,Donatım,Dahili Ekip,396,396,115236,115236,Muaf,2026-03-03,2026-03-21,2026-03-03,2026-03-21,0,Yok,Tamamlandı,100
NB-502 (Römorkör),BLK-135,Gövde,Kardemir,Açık Saha Donatım,29,Kesim,Taşeron - Alfa,161,289,15834,26634,Geçti,2025-10-30,2025-11-06,2025-10-30,2025-11-14,8,Hava Muhalefeti,Tamamlandı,100
NB-502 (Römorkör),BLK-135,Gövde,Kardemir,Açık Saha Donatım,29,Ön Montaj,Taşeron - Alfa,210,287,25172,31626,Geçti,2025-11-15,2025-11-29,2025-11-15,2025-12-06,7,Ekipman/Vinç Arızası,Tamamlandı,100
NB-502 (Römorkör),BLK-135,Gövde,Kardemir,Açık Saha Donatım,29,Montaj,Dahili Ekip,154,154,21692,21692,Geçti,2025-12-07,2025-12-18,2025-12-07,2025-12-18,0,Yok,Tamamlandı,100
NB-502 (Römorkör),BLK-135,Gövde,Kardemir,Açık Saha Donatım,29,Kaynak,Dahili Ekip,108,164,18792,21724,Kaldı - Yeniden İşlem,2025-12-19,2025-12-31,2025-12-19,2026-01-04,4,Kalite Reddi (NDT),Tamamlandı,100
NB-502 (Römorkör),BLK-135,Gövde,Kardemir,Açık Saha Donatım,29,Boyama,Taşeron - Alfa,210,273,26100,32120,Muaf,2026-01-05,2026-01-20,2026-01-05,2026-01-27,7,Hava Muhalefeti,Tamamlandı,100
NB-502 (Römorkör),BLK-135,Gövde,Kardemir,Açık Saha Donatım,29,Donatım,Taşeron - Alfa,255,300,31059,34761,Geçti,2026-01-29,2026-02-15,2026-01-29,2026-02-18,3,Ekipman/Vinç Arızası,Tamamlandı,100
NB-503 (Kuru Yük),BLK-136,Tank,Kardemir,Açık Saha Donatım,138,Kesim,Taşeron - Alfa,154,154,72450,72450,Muaf,2025-10-31,2025-11-07,2025-10-31,2025-11-07,0,Yok,Tamamlandı,100
NB-503 (Kuru Yük),BLK-136,Tank,Kardemir,Açık Saha Donatım,138,Ön Montaj,Taşeron - Beta,285,420,132480,144045,Kaldı - Yeniden İşlem,2025-11-09,2025-11-24,2025-11-09,2025-12-03,9,İşgücü Yetersizliği,Tamamlandı,100
NB-503 (Kuru Yük),BLK-136,Tank,Kardemir,Açık Saha Donatım,138,Montaj,Taşeron - Alfa,180,180,80040,80040,Geçti,2025-12-05,2025-12-15,2025-12-05,2025-12-15,0,Yok,Tamamlandı,100
NB-503 (Kuru Yük),BLK-136,Tank,Kardemir,Açık Saha Donatım,138,Kaynak,Taşeron - Omega,308,308,125580,125580,Geçti,2025-12-17,2025-12-31,2025-12-17,2025-12-31,0,Yok,Tamamlandı,100
NB-503 (Kuru Yük),BLK-136,Tank,Kardemir,Açık Saha Donatım,138,Boyama,Taşeron - Beta,140,140,100740,100740,Muaf,2026-01-02,2026-01-12,2026-01-02,2026-01-12,0,Yok,Tamamlandı,100
NB-503 (Kuru Yük),BLK-136,Tank,Kardemir,Açık Saha Donatım,138,Donatım,Dahili Ekip,104,104,127374,127374,Muaf,2026-01-13,2026-01-26,2026-01-13,2026-01-26,0,Yok,Tamamlandı,100
NB-503 (Kuru Yük),BLK-137,Tank,Erdemir,Açık Saha Donatım,24,Kesim,Dahili Ekip,60,60,8400,8400,Muaf,2025-10-03,2025-10-08,2025-10-03,2025-10-08,0,Yok,Tamamlandı,100
NB-503 (Kuru Yük),BLK-137,Tank,Erdemir,Açık Saha Donatım,24,Ön Montaj,Dahili Ekip,266,266,35568,35568,Geçti,2025-10-09,2025-10-28,2025-10-09,2025-10-28,0,Yok,Tamamlandı,100
NB-503 (Kuru Yük),BLK-137,Tank,Erdemir,Açık Saha Donatım,24,Montaj,Taşeron - Beta,247,247,19344,19344,Geçti,2025-10-29,2025-11-11,2025-10-29,2025-11-11,0,Yok,Tamamlandı,100
NB-503 (Kuru Yük),BLK-137,Tank,Erdemir,Açık Saha Donatım,24,Kaynak,Taşeron - Omega,130,274,23088,40920,Geçti,2025-11-12,2025-11-25,2025-11-12,2025-12-07,12,Malzeme Eksikliği,Tamamlandı,100
NB-503 (Kuru Yük),BLK-137,Tank,Erdemir,Açık Saha Donatım,24,Boyama,Dahili Ekip,99,99,17160,17160,Muaf,2025-12-08,2025-12-19,2025-12-08,2025-12-19,0,Yok,Tamamlandı,100
NB-503 (Kuru Yük),BLK-137,Tank,Erdemir,Açık Saha Donatım,24,Donatım,Taşeron - Omega,440,468,36960,39480,Geçti,2025-12-21,2026-01-10,2025-12-21,2026-01-12,2,Ekipman/Vinç Arızası,Tamamlandı,100
NB-501 (Kimyasal Tanker),BLK-138,Üst Bina,SSAB,Açık Saha Donatım,77,Kesim,Taşeron - Omega,80,161,21945,33870,Kaldı - Yeniden İşlem,2025-10-30,2025-11-04,2025-10-30,2025-11-13,9,Kalite Reddi (NDT),Tamamlandı,100
NB-501 (Kimyasal Tanker),BLK-138,Üst Bina,SSAB,Açık Saha Donatım,77,Ön Montaj,Taşeron - Alfa,266,266,67914,67914,Geçti,2025-11-14,2025-11-28,2025-11-14,2025-11-28,0,Yok,Tamamlandı,100
NB-501 (Kimyasal Tanker),BLK-138,Üst Bina,SSAB,Açık Saha Donatım,77,Montaj,Taşeron - Alfa,480,480,103180,103180,Geçti,2025-11-29,2025-12-19,2025-11-29,2025-12-19,0,Yok,Tamamlandı,100
NB-501 (Kimyasal Tanker),BLK-138,Üst Bina,SSAB,Açık Saha Donatım,77,Kaynak,Dahili Ekip,84,183,40964,47982,Kaldı - Yeniden İşlem,2025-12-20,2025-12-27,2025-12-20,2026-01-07,11,Kalite Reddi (NDT),Tamamlandı,100
NB-501 (Kimyasal Tanker),BLK-138,Üst Bina,SSAB,Açık Saha Donatım,77,Boyama,Taşeron - Alfa,165,165,70455,70455,Muaf,2026-01-09,2026-01-24,2026-01-09,2026-01-24,0,Yok,Tamamlandı,100
NB-501 (Kimyasal Tanker),BLK-138,Üst Bina,SSAB,Açık Saha Donatım,77,Donatım,Taşeron - Omega,195,231,78078,81338,Geçti,2026-01-25,2026-02-07,2026-01-25,2026-02-11,4,İşgücü Yetersizliği,Tamamlandı,100
NB-503 (Kuru Yük),BLK-139,Çift Dip (Double Bottom),Yerel Tedarikçi A.Ş.,Kızak 2,170,Kesim,Taşeron - Omega,91,91,78540,78540,Muaf,2025-11-17,2025-11-24,2025-11-17,2025-11-24,0,Yok,Tamamlandı,100
NB-503 (Kuru Yük),BLK-139,Çift Dip (Double Bottom),Yerel Tedarikçi A.Ş.,Kızak 2,170,Ön Montaj,Taşeron - Beta,432,432,195840,195840,Geçti,2025-11-25,2025-12-13,2025-11-25,2025-12-13,0,Yok,Tamamlandı,100
NB-503 (Kuru Yük),BLK-139,Çift Dip (Double Bottom),Yerel Tedarikçi A.Ş.,Kızak 2,170,Montaj,Taşeron - Beta,322,430,147560,161060,Geçti,2025-12-15,2025-12-29,2025-12-15,2026-01-07,9,Ekipman/Vinç Arızası,Tamamlandı,100
NB-503 (Kuru Yük),BLK-139,Çift Dip (Double Bottom),Yerel Tedarikçi A.Ş.,Kızak 2,170,Kaynak,Taşeron - Omega,140,140,74970,74970,Geçti,2026-01-08,2026-01-15,2026-01-08,2026-01-15,0,Yok,Tamamlandı,100
NB-503 (Kuru Yük),BLK-139,Çift Dip (Double Bottom),Yerel Tedarikçi A.Ş.,Kızak 2,170,Boyama,Taşeron - Beta,288,288,136680,136680,Muaf,2026-01-17,2026-01-29,2026-01-17,2026-01-29,0,Yok,Tamamlandı,100
NB-503 (Kuru Yük),BLK-139,Çift Dip (Double Bottom),Yerel Tedarikçi A.Ş.,Kızak 2,170,Donatım,Taşeron - Beta,324,324,235620,235620,Muaf,2026-01-30,2026-02-17,2026-01-30,2026-02-17,0,Yok,Tamamlandı,100
NB-501 (Kimyasal Tanker),BLK-140,Tank,Kardemir,Kuru Havuz A,44,Kesim,Taşeron - Alfa,154,208,15708,22974,Geçti,2025-10-28,2025-11-04,2025-10-28,2025-11-10,6,Malzeme Eksikliği,Tamamlandı,100
NB-501 (Kimyasal Tanker),BLK-140,Tank,Kardemir,Kuru Havuz A,44,Ön Montaj,Taşeron - Alfa,204,372,56848,73096,Geçti,2025-11-12,2025-11-29,2025-11-12,2025-12-11,12,Ekipman/Vinç Arızası,Tamamlandı,100
NB-501 (Kimyasal Tanker),BLK-140,Tank,Kardemir,Kuru Havuz A,44,Montaj,Taşeron - Beta,345,345,47520,47520,Geçti,2025-12-13,2025-12-28,2025-12-13,2025-12-28,0,Yok,Tamamlandı,100
NB-501 (Kimyasal Tanker),BLK-140,Tank,Kardemir,Kuru Havuz A,44,Kaynak,Taşeron - Alfa,140,140,33000,33000,Geçti,2025-12-30,2026-01-09,2025-12-30,2026-01-09,0,Yok,Tamamlandı,100
NB-501 (Kimyasal Tanker),BLK-140,Tank,Kardemir,Kuru Havuz A,44,Boyama,Dahili Ekip,209,209,25652,25652,Muaf,2026-01-11,2026-01-22,2026-01-11,2026-01-22,0,Yok,Tamamlandı,100
NB-501 (Kimyasal Tanker),BLK-140,Tank,Kardemir,Kuru Havuz A,44,Donatım,Taşeron - Omega,414,414,43560,43560,Muaf,2026-01-23,2026-02-10,2026-01-23,2026-02-10,0,Yok,Tamamlandı,100
NB-503 (Kuru Yük),BLK-141,Üst Bina,SSAB,Kızak 2,173,Kesim,Dahili Ekip,48,120,28545,34215,Kaldı - Yeniden İşlem,2025-10-03,2025-10-06,2025-10-03,2025-10-15,9,Ekipman/Vinç Arızası,Tamamlandı,100
NB-503 (Kuru Yük),BLK-141,Üst Bina,SSAB,Kızak 2,173,Ön Montaj,Dahili Ekip,220,220,138400,138400,Geçti,2025-10-16,2025-10-26,2025-10-16,2025-10-26,0,Yok,Tamamlandı,100
NB-503 (Kuru Yük),BLK-141,Üst Bina,SSAB,Kızak 2,173,Montaj,Taşeron - Alfa,361,361,174211,174211,Geçti,2025-10-28,2025-11-16,2025-10-28,2025-11-16,0,Yok,Tamamlandı,100
NB-503 (Kuru Yük),BLK-141,Üst Bina,SSAB,Kızak 2,173,Kaynak,Taşeron - Alfa,216,351,123003,133821,Kaldı - Yeniden İşlem,2025-11-17,2025-11-26,2025-11-17,2025-12-05,9,Kalite Reddi (NDT),Tamamlandı,100
NB-503 (Kuru Yük),BLK-141,Üst Bina,SSAB,Kızak 2,173,Boyama,Dahili Ekip,360,360,228360,228360,Muaf,2025-12-07,2025-12-27,2025-12-07,2025-12-27,0,Yok,Tamamlandı,100
NB-503 (Kuru Yük),BLK-141,Üst Bina,SSAB,Kızak 2,173,Donatım,Taşeron - Omega,168,168,179228,179228,Muaf,2025-12-29,2026-01-12,2025-12-29,2026-01-12,0,Yok,Tamamlandı,100
NB-501 (Kimyasal Tanker),BLK-142,Gövde,Erdemir,Açık Saha Donatım,89,Kesim,Taşeron - Alfa,120,219,38982,49188,Geçti,2025-11-06,2025-11-12,2025-11-06,2025-11-21,9,Kalite Reddi (NDT),Tamamlandı,100
NB-501 (Kimyasal Tanker),BLK-142,Gövde,Erdemir,Açık Saha Donatım,89,Ön Montaj,Taşeron - Omega,143,143,63635,63635,Geçti,2025-11-23,2025-12-06,2025-11-23,2025-12-06,0,Yok,Tamamlandı,100
NB-501 (Kimyasal Tanker),BLK-142,Gövde,Erdemir,Açık Saha Donatım,89,Montaj,Taşeron - Alfa,230,230,63190,63190,Geçti,2025-12-07,2025-12-17,2025-12-07,2025-12-17,0,Yok,Tamamlandı,100
NB-501 (Kimyasal Tanker),BLK-142,Gövde,Erdemir,Açık Saha Donatım,89,Kaynak,Taşeron - Alfa,195,303,84461,92837,Kaldı - Yeniden İşlem,2025-12-18,2025-12-31,2025-12-18,2026-01-12,12,Kalite Reddi (NDT),Tamamlandı,100
NB-501 (Kimyasal Tanker),BLK-142,Gövde,Erdemir,Açık Saha Donatım,89,Boyama,Taşeron - Beta,231,231,68530,68530,Muaf,2026-01-14,2026-01-25,2026-01-14,2026-01-25,0,Yok,Tamamlandı,100
NB-501 (Kimyasal Tanker),BLK-142,Gövde,Erdemir,Açık Saha Donatım,89,Donatım,Dahili Ekip,228,228,111606,111606,Muaf,2026-01-26,2026-02-14,2026-01-26,2026-02-14,0,Yok,Tamamlandı,100
NB-503 (Kuru Yük),BLK-143,Çift Dip (Double Bottom),Yerel Tedarikçi A.Ş.,Kızak 2,168,Kesim,Taşeron - Beta,75,75,46200,46200,Muaf,2025-11-06,2025-11-11,2025-11-06,2025-11-11,0,Yok,Tamamlandı,100
NB-503 (Kuru Yük),BLK-143,Çift Dip (Double Bottom),Yerel Tedarikçi A.Ş.,Kızak 2,168,Ön Montaj,Dahili Ekip,228,228,217056,217056,Geçti,2025-11-12,2025-12-01,2025-11-12,2025-12-01,0,Yok,Tamamlandı,100
NB-503 (Kuru Yük),BLK-143,Çift Dip (Double Bottom),Yerel Tedarikçi A.Ş.,Kızak 2,168,Montaj,Dahili Ekip,208,208,142464,142464,Geçti,2025-12-03,2025-12-19,2025-12-03,2025-12-19,0,Yok,Tamamlandı,100
NB-503 (Kuru Yük),BLK-143,Çift Dip (Double Bottom),Yerel Tedarikçi A.Ş.,Kızak 2,168,Kaynak,Taşeron - Omega,154,154,181104,181104,Geçti,2025-12-21,2026-01-04,2025-12-21,2026-01-04,0,Yok,Tamamlandı,100
NB-503 (Kuru Yük),BLK-143,Çift Dip (Double Bottom),Yerel Tedarikçi A.Ş.,Kızak 2,168,Boyama,Dahili Ekip,225,279,176400,181620,Muaf,2026-01-06,2026-01-21,2026-01-06,2026-01-27,6,Malzeme Eksikliği,Tamamlandı,100
NB-503 (Kuru Yük),BLK-143,Çift Dip (Double Bottom),Yerel Tedarikçi A.Ş.,Kızak 2,168,Donatım,Taşeron - Omega,252,252,235872,235872,Muaf,2026-01-29,2026-02-16,2026-01-29,2026-02-16,0,Yok,Tamamlandı,100
NB-502 (Römorkör),BLK-144,Çift Dip (Double Bottom),Yerel Tedarikçi A.Ş.,Kızak 2,87,Kesim,Taşeron - Alfa,56,56,43239,43239,Muaf,2025-12-15,2025-12-22,2025-12-15,2025-12-22,0,Yok,Tamamlandı,100
NB-502 (Römorkör),BLK-144,Çift Dip (Double Bottom),Yerel Tedarikçi A.Ş.,Kızak 2,87,Ön Montaj,Taşeron - Alfa,100,100,59160,59160,Geçti,2025-12-24,2026-01-03,2025-12-24,2026-01-03,0,Yok,Tamamlandı,100
NB-502 (Römorkör),BLK-144,Çift Dip (Double Bottom),Yerel Tedarikçi A.Ş.,Kızak 2,87,Montaj,Dahili Ekip,154,154,65076,65076,Geçti,2026-01-04,2026-01-15,2026-01-04,2026-01-15,0,Yok,Tamamlandı,100
NB-502 (Römorkör),BLK-144,Çift Dip (Double Bottom),Yerel Tedarikçi A.Ş.,Kızak 2,87,Kaynak,Dahili Ekip,126,126,60291,60291,Geçti,2026-01-16,2026-01-25,2026-01-16,2026-01-25,0,Yok,Tamamlandı,100
NB-502 (Römorkör),BLK-144,Çift Dip (Double Bottom),Yerel Tedarikçi A.Ş.,Kızak 2,87,Boyama,Taşeron - Beta,299,299,78039,78039,Muaf,2026-01-26,2026-02-08,2026-01-26,2026-02-08,0,Yok,Tamamlandı,100
NB-502 (Römorkör),BLK-144,Çift Dip (Double Bottom),Yerel Tedarikçi A.Ş.,Kızak 2,87,Donatım,Taşeron - Beta,340,340,99180,99180,Muaf,2026-02-10,2026-03-02,2026-02-10,2026-03-02,0,Yok,Tamamlandı,100
NB-502 (Römorkör),BLK-145,Tank,ThyssenKrupp,Kızak 2,38,Kesim,Dahili Ekip,30,30,7866,7866,Muaf,2025-11-01,2025-11-04,2025-11-01,2025-11-04,0,Yok,Tamamlandı,100
NB-502 (Römorkör),BLK-145,Tank,ThyssenKrupp,Kızak 2,38,Ön Montaj,Taşeron - Omega,234,234,51300,51300,Geçti,2025-11-06,2025-11-24,2025-11-06,2025-11-24,0,Yok,Tamamlandı,100
NB-502 (Römorkör),BLK-145,Tank,ThyssenKrupp,Kızak 2,38,Montaj,Taşeron - Beta,399,399,51262,51262,Geçti,2025-11-26,2025-12-15,2025-11-26,2025-12-15,0,Yok,Tamamlandı,100
NB-502 (Römorkör),BLK-145,Tank,ThyssenKrupp,Kızak 2,38,Kaynak,Taşeron - Beta,110,110,23408,23408,Geçti,2025-12-17,2025-12-28,2025-12-17,2025-12-28,0,Yok,Tamamlandı,100
NB-502 (Römorkör),BLK-145,Tank,ThyssenKrupp,Kızak 2,38,Boyama,Taşeron - Beta,308,308,39900,39900,Muaf,2025-12-30,2026-01-13,2025-12-30,2026-01-13,0,Yok,Tamamlandı,100
NB-502 (Römorkör),BLK-145,Tank,ThyssenKrupp,Kızak 2,38,Donatım,Taşeron - Alfa,182,281,42560,52196,Geçti,2026-01-15,2026-01-29,2026-01-15,2026-02-09,11,Ekipman/Vinç Arızası,Tamamlandı,100
NB-503 (Kuru Yük),BLK-146,Gövde,SSAB,Açık Saha Donatım,161,Kesim,Taşeron - Omega,60,60,48300,48300,Muaf,2026-01-05,2026-01-10,2026-01-05,2026-01-10,0,Yok,Tamamlandı,100
NB-503 (Kuru Yük),BLK-146,Gövde,SSAB,Açık Saha Donatım,161,Ön Montaj,Dahili Ekip,240,240,162288,162288,Geçti,2026-01-12,2026-01-28,2026-01-12,2026-01-28,0,Yok,Tamamlandı,100
NB-503 (Kuru Yük),BLK-146,Gövde,SSAB,Açık Saha Donatım,161,Montaj,Taşeron - Beta,130,130,101430,101430,Geçti,2026-01-29,2026-02-08,2026-01-29,2026-02-08,0,Yok,Tamamlandı,100
NB-503 (Kuru Yük),BLK-146,Gövde,SSAB,Açık Saha Donatım,161,Kaynak,Dahili Ekip,121,201,132825,142665,Geçti,2026-02-09,2026-02-20,2026-02-09,2026-03-02,10,İşgücü Yetersizliği,Tamamlandı,100
NB-503 (Kuru Yük),BLK-146,Gövde,SSAB,Açık Saha Donatım,161,Boyama,Taşeron - Omega,130,280,136045,142825,Muaf,2026-03-03,2026-03-16,2026-03-03,2026-03-26,10,Kalite Reddi (NDT),Tamamlandı,100
NB-503 (Kuru Yük),BLK-146,Gövde,SSAB,Açık Saha Donatım,161,Donatım,Taşeron - Omega,345,393,120750,123522,Geçti,2026-03-28,2026-04-12,2026-03-28,2026-04-15,3,Ekipman/Vinç Arızası,Tamamlandı,100
NB-503 (Kuru Yük),BLK-147,Üst Bina,Erdemir,Kızak 2,102,Kesim,Dahili Ekip,90,90,33150,33150,Muaf,2025-10-13,2025-10-18,2025-10-13,2025-10-18,0,Yok,Tamamlandı,100
NB-503 (Kuru Yük),BLK-147,Üst Bina,Erdemir,Kızak 2,102,Ön Montaj,Dahili Ekip,209,209,139536,139536,Geçti,2025-10-19,2025-11-07,2025-10-19,2025-11-07,0,Yok,Tamamlandı,100
NB-503 (Kuru Yük),BLK-147,Üst Bina,Erdemir,Kızak 2,102,Montaj,Dahili Ekip,240,240,146880,146880,Geçti,2025-11-08,2025-11-28,2025-11-08,2025-11-28,0,Yok,Tamamlandı,100
NB-503 (Kuru Yük),BLK-147,Üst Bina,Erdemir,Kızak 2,102,Kaynak,Taşeron - Alfa,242,386,68442,77466,Kaldı - Yeniden İşlem,2025-11-29,2025-12-10,2025-11-29,2025-12-22,12,Kalite Reddi (NDT),Tamamlandı,100
NB-503 (Kuru Yük),BLK-147,Üst Bina,Erdemir,Kızak 2,102,Boyama,Taşeron - Omega,209,209,86394,86394,Muaf,2025-12-23,2026-01-03,2025-12-23,2026-01-03,0,Yok,Tamamlandı,100
NB-503 (Kuru Yük),BLK-147,Üst Bina,Erdemir,Kızak 2,102,Donatım,Dahili Ekip,240,328,102000,115343,Kaldı - Yeniden İşlem,2026-01-05,2026-01-25,2026-01-05,2026-02-05,11,Ekipman/Vinç Arızası,Tamamlandı,100
NB-503 (Kuru Yük),BLK-148,Gövde,Yerel Tedarikçi A.Ş.,Kuru Havuz B,22,Kesim,Taşeron - Alfa,110,110,6160,6160,Muaf,2025-12-07,2025-12-12,2025-12-07,2025-12-12,0,Yok,Tamamlandı,100
NB-503 (Kuru Yük),BLK-148,Gövde,Yerel Tedarikçi A.Ş.,Kuru Havuz B,22,Ön Montaj,Taşeron - Alfa,420,420,24200,24200,Geçti,2025-12-14,2026-01-03,2025-12-14,2026-01-03,0,Yok,Tamamlandı,100
NB-503 (Kuru Yük),BLK-148,Gövde,Yerel Tedarikçi A.Ş.,Kuru Havuz B,22,Montaj,Dahili Ekip,140,140,17380,17380,Geçti,2026-01-05,2026-01-15,2026-01-05,2026-01-15,0,Yok,Tamamlandı,100
NB-503 (Kuru Yük),BLK-148,Gövde,Yerel Tedarikçi A.Ş.,Kuru Havuz B,22,Kaynak,Taşeron - Beta,240,240,19800,19800,Geçti,2026-01-16,2026-01-28,2026-01-16,2026-01-28,0,Yok,Tamamlandı,100
NB-503 (Kuru Yük),BLK-148,Gövde,Yerel Tedarikçi A.Ş.,Kuru Havuz B,22,Boyama,Taşeron - Alfa,198,198,28116,28116,Muaf,2026-01-30,2026-02-17,2026-01-30,2026-02-17,0,Yok,Tamamlandı,100
NB-503 (Kuru Yük),BLK-148,Gövde,Yerel Tedarikçi A.Ş.,Kuru Havuz B,22,Donatım,Taşeron - Alfa,170,206,25058,26651,Kaldı - Yeniden İşlem,2026-02-19,2026-03-08,2026-02-19,2026-03-11,3,Ekipman/Vinç Arızası,Tamamlandı,100
NB-502 (Römorkör),BLK-149,Makine Dairesi,Erdemir,Kızak 2,145,Kesim,Dahili Ekip,66,66,30015,30015,Muaf,2025-10-04,2025-10-07,2025-10-04,2025-10-07,0,Yok,Tamamlandı,100
NB-502 (Römorkör),BLK-149,Makine Dairesi,Erdemir,Kızak 2,145,Ön Montaj,Taşeron - Alfa,304,376,171680,175944,Geçti,2025-10-08,2025-10-24,2025-10-08,2025-11-01,8,Ekipman/Vinç Arızası,Tamamlandı,100
NB-502 (Römorkör),BLK-149,Makine Dairesi,Erdemir,Kızak 2,145,Montaj,Taşeron - Omega,255,255,115275,115275,Geçti,2025-11-03,2025-11-18,2025-11-03,2025-11-18,0,Yok,Tamamlandı,100
NB-502 (Römorkör),BLK-149,Makine Dairesi,Erdemir,Kızak 2,145,Kaynak,Dahili Ekip,135,183,73080,76005,Geçti,2025-11-20,2025-11-29,2025-11-20,2025-12-02,3,Malzeme Eksikliği,Tamamlandı,100
NB-502 (Römorkör),BLK-149,Makine Dairesi,Erdemir,Kızak 2,145,Boyama,Taşeron - Beta,300,400,150800,159980,Muaf,2025-12-03,2025-12-23,2025-12-03,2026-01-02,10,Hava Muhalefeti,Tamamlandı,100
NB-502 (Römorkör),BLK-149,Makine Dairesi,Erdemir,Kızak 2,145,Donatım,Taşeron - Alfa,140,320,127890,138114,Kaldı - Yeniden İşlem,2026-01-04,2026-01-18,2026-01-04,2026-01-30,12,Ekipman/Vinç Arızası,Tamamlandı,100
NB-504 (Askeri Gemi),BLK-150,Çift Dip (Double Bottom),Kardemir,Kızak 1,50,Kesim,Dahili Ekip,98,98,24500,24500,Muaf,2026-01-07,2026-01-14,2026-01-07,2026-01-14,0,Yok,Tamamlandı,100
NB-504 (Askeri Gemi),BLK-150,Çift Dip (Double Bottom),Kardemir,Kızak 1,50,Ön Montaj,Dahili Ekip,224,308,42000,48293,Geçti,2026-01-16,2026-01-30,2026-01-16,2026-02-06,7,Hava Muhalefeti,Tamamlandı,100
NB-504 (Askeri Gemi),BLK-150,Çift Dip (Double Bottom),Kardemir,Kızak 1,50,Montaj,Dahili Ekip,374,374,65450,65450,Geçti,2026-02-07,2026-02-24,2026-02-07,2026-02-24,0,Yok,Tamamlandı,100
NB-504 (Askeri Gemi),BLK-150,Çift Dip (Double Bottom),Kardemir,Kızak 1,50,Kaynak,Taşeron - Beta,171,171,30600,30600,Geçti,2026-02-25,2026-03-06,2026-02-25,2026-03-06,0,Yok,Tamamlandı,100
NB-504 (Askeri Gemi),BLK-150,Çift Dip (Double Bottom),Kardemir,Kızak 1,50,Boyama,Dahili Ekip,260,260,64000,64000,Muaf,2026-03-07,2026-03-27,2026-03-07,2026-03-27,0,Yok,Tamamlandı,100
NB-504 (Askeri Gemi),BLK-150,Çift Dip (Double Bottom),Kardemir,Kızak 1,50,Donatım,Taşeron - Alfa,216,216,61200,61200,Muaf,2026-03-28,2026-04-15,2026-03-28,2026-04-15,0,Yok,Tamamlandı,100
NB-504 (Askeri Gemi),BLK-151,Çift Dip (Double Bottom),Kardemir,Kuru Havuz B,60,Kesim,Dahili Ekip,24,168,12060,22446,Geçti,2025-12-07,2025-12-10,2025-12-07,2025-12-19,9,Kalite Reddi (NDT),Tamamlandı,100
NB-504 (Askeri Gemi),BLK-151,Çift Dip (Double Bottom),Kardemir,Kuru Havuz B,60,Ön Montaj,Dahili Ekip,182,182,58500,58500,Geçti,2025-12-21,2026-01-03,2025-12-21,2026-01-03,0,Yok,Tamamlandı,100
NB-504 (Askeri Gemi),BLK-151,Çift Dip (Double Bottom),Kardemir,Kuru Havuz B,60,Montaj,Taşeron - Alfa,299,299,60060,60060,Geçti,2026-01-05,2026-01-18,2026-01-05,2026-01-18,0,Yok,Tamamlandı,100
NB-504 (Askeri Gemi),BLK-151,Çift Dip (Double Bottom),Kardemir,Kuru Havuz B,60,Kaynak,Taşeron - Beta,132,132,43200,43200,Geçti,2026-01-20,2026-02-01,2026-01-20,2026-02-01,0,Yok,Tamamlandı,100
NB-504 (Askeri Gemi),BLK-151,Çift Dip (Double Bottom),Kardemir,Kuru Havuz B,60,Boyama,Taşeron - Omega,221,221,64260,64260,Muaf,2026-02-02,2026-02-19,2026-02-02,2026-02-19,0,Yok,Tamamlandı,100
NB-504 (Askeri Gemi),BLK-151,Çift Dip (Double Bottom),Kardemir,Kuru Havuz B,60,Donatım,Taşeron - Alfa,260,260,64800,64800,Muaf,2026-02-21,2026-03-13,2026-02-21,2026-03-13,0,Yok,Tamamlandı,100
NB-504 (Askeri Gemi),BLK-152,Tank,ThyssenKrupp,Açık Saha Donatım,84,Kesim,Taşeron - Beta,70,166,45276,53376,Geçti,2025-10-17,2025-10-24,2025-10-17,2025-11-05,12,Ekipman/Vinç Arızası,Tamamlandı,100
NB-504 (Askeri Gemi),BLK-152,Tank,ThyssenKrupp,Açık Saha Donatım,84,Ön Montaj,Taşeron - Alfa,152,152,100548,100548,Geçti,2025-11-06,2025-11-25,2025-11-06,2025-11-25,0,Yok,Tamamlandı,100
NB-504 (Askeri Gemi),BLK-152,Tank,ThyssenKrupp,Açık Saha Donatım,84,Montaj,Dahili Ekip,480,506,109200,111694,Geçti,2025-11-26,2025-12-16,2025-11-26,2025-12-18,2,Ekipman/Vinç Arızası,Tamamlandı,100
NB-504 (Askeri Gemi),BLK-152,Tank,ThyssenKrupp,Açık Saha Donatım,84,Kaynak,Dahili Ekip,231,231,72996,72996,Geçti,2025-12-19,2025-12-30,2025-12-19,2025-12-30,0,Yok,Tamamlandı,100
NB-504 (Askeri Gemi),BLK-152,Tank,ThyssenKrupp,Açık Saha Donatım,84,Boyama,Taşeron - Alfa,240,240,69888,69888,Muaf,2026-01-01,2026-01-17,2026-01-01,2026-01-17,0,Yok,Tamamlandı,100
NB-504 (Askeri Gemi),BLK-152,Tank,ThyssenKrupp,Açık Saha Donatım,84,Donatım,Dahili Ekip,208,208,63336,63336,Muaf,2026-01-19,2026-02-01,2026-01-19,2026-02-01,0,Yok,Tamamlandı,100
NB-503 (Kuru Yük),BLK-153,Makine Dairesi,Erdemir,Kuru Havuz B,156,Kesim,Dahili Ekip,60,100,47580,49688,Geçti,2025-12-23,2025-12-28,2025-12-23,2026-01-01,4,Kalite Reddi (NDT),Tamamlandı,100
NB-503 (Kuru Yük),BLK-153,Makine Dairesi,Erdemir,Kuru Havuz B,156,Ön Montaj,Taşeron - Alfa,144,184,164736,170456,Geçti,2026-01-03,2026-01-19,2026-01-03,2026-01-23,4,Kalite Reddi (NDT),Tamamlandı,100
NB-503 (Kuru Yük),BLK-153,Makine Dairesi,Erdemir,Kuru Havuz B,156,Montaj,Taşeron - Alfa,104,104,143988,143988,Geçti,2026-01-24,2026-02-06,2026-01-24,2026-02-06,0,Yok,Tamamlandı,100
NB-503 (Kuru Yük),BLK-153,Makine Dairesi,Erdemir,Kuru Havuz B,156,Kaynak,Dahili Ekip,110,166,111540,117016,Geçti,2026-02-08,2026-02-19,2026-02-08,2026-02-23,4,Malzeme Eksikliği,Tamamlandı,100
NB-503 (Kuru Yük),BLK-153,Makine Dairesi,Erdemir,Kuru Havuz B,156,Boyama,Taşeron - Omega,360,456,154440,159018,Muaf,2026-02-24,2026-03-11,2026-02-24,2026-03-17,6,Hava Muhalefeti,Tamamlandı,100
NB-503 (Kuru Yük),BLK-153,Makine Dairesi,Erdemir,Kuru Havuz B,156,Donatım,Taşeron - Beta,200,320,98280,106080,Geçti,2026-03-19,2026-03-29,2026-03-19,2026-04-10,12,Ekipman/Vinç Arızası,Tamamlandı,100
NB-504 (Askeri Gemi),BLK-154,Üst Bina,ThyssenKrupp,Kızak 1,112,Kesim,Taşeron - Beta,45,201,22512,38256,Geçti,2025-10-23,2025-10-26,2025-10-23,2025-11-07,12,Hava Muhalefeti,Tamamlandı,100
NB-504 (Askeri Gemi),BLK-154,Üst Bina,ThyssenKrupp,Kızak 1,112,Ön Montaj,Taşeron - Omega,216,216,131040,131040,Geçti,2025-11-09,2025-11-27,2025-11-09,2025-11-27,0,Yok,Tamamlandı,100
NB-504 (Askeri Gemi),BLK-154,Üst Bina,ThyssenKrupp,Kızak 1,112,Montaj,Taşeron - Beta,320,320,127680,127680,Geçti,2025-11-28,2025-12-18,2025-11-28,2025-12-18,0,Yok,Tamamlandı,100
NB-504 (Askeri Gemi),BLK-154,Üst Bina,ThyssenKrupp,Kızak 1,112,Kaynak,Taşeron - Beta,117,117,94640,94640,Geçti,2025-12-20,2026-01-02,2025-12-20,2026-01-02,0,Yok,Tamamlandı,100
NB-504 (Askeri Gemi),BLK-154,Üst Bina,ThyssenKrupp,Kızak 1,112,Boyama,Taşeron - Alfa,110,110,87360,87360,Muaf,2026-01-03,2026-01-13,2026-01-03,2026-01-13,0,Yok,Tamamlandı,100
NB-504 (Askeri Gemi),BLK-154,Üst Bina,ThyssenKrupp,Kızak 1,112,Donatım,Taşeron - Alfa,408,408,125664,125664,Muaf,2026-01-14,2026-01-31,2026-01-14,2026-01-31,0,Yok,Tamamlandı,100
NB-501 (Kimyasal Tanker),BLK-155,Gövde,SSAB,Kızak 2,152,Kesim,Taşeron - Alfa,66,194,59280,64336,Geçti,2025-12-31,2026-01-06,2025-12-31,2026-01-14,8,Kalite Reddi (NDT),Tamamlandı,100
NB-501 (Kimyasal Tanker),BLK-155,Gövde,SSAB,Kızak 2,152,Ön Montaj,Dahili Ekip,144,144,218880,218880,Geçti,2026-01-16,2026-02-03,2026-01-16,2026-02-03,0,Yok,Tamamlandı,100
NB-501 (Kimyasal Tanker),BLK-155,Gövde,SSAB,Kızak 2,152,Montaj,Taşeron - Alfa,380,380,216600,216600,Geçti,2026-02-05,2026-02-24,2026-02-05,2026-02-24,0,Yok,Tamamlandı,100
NB-501 (Kimyasal Tanker),BLK-155,Gövde,SSAB,Kızak 2,152,Kaynak,Taşeron - Alfa,169,169,114608,114608,Geçti,2026-02-26,2026-03-11,2026-02-26,2026-03-11,0,Yok,Tamamlandı,100
NB-501 (Kimyasal Tanker),BLK-155,Gövde,SSAB,Kızak 2,152,Boyama,Taşeron - Omega,169,169,152152,152152,Muaf,2026-03-12,2026-03-25,2026-03-12,2026-03-25,0,Yok,Tamamlandı,100
NB-501 (Kimyasal Tanker),BLK-155,Gövde,SSAB,Kızak 2,152,Donatım,Dahili Ekip,231,336,105336,111223,Geçti,2026-03-27,2026-04-07,2026-03-27,2026-04-14,7,Malzeme Eksikliği,Tamamlandı,100
NB-502 (Römorkör),BLK-156,Makine Dairesi,SSAB,Kızak 1,114,Kesim,Dahili Ekip,60,60,38304,38304,Muaf,2025-11-20,2025-11-26,2025-11-20,2025-11-26,0,Yok,Tamamlandı,100
NB-502 (Römorkör),BLK-156,Makine Dairesi,SSAB,Kızak 1,114,Ön Montaj,Dahili Ekip,360,360,143640,143640,Geçti,2025-11-28,2025-12-18,2025-11-28,2025-12-18,0,Yok,Tamamlandı,100
NB-502 (Römorkör),BLK-156,Makine Dairesi,SSAB,Kızak 1,114,Montaj,Taşeron - Beta,286,440,108186,121606,Geçti,2025-12-19,2026-01-01,2025-12-19,2026-01-12,11,Kalite Reddi (NDT),Tamamlandı,100
NB-502 (Römorkör),BLK-156,Makine Dairesi,SSAB,Kızak 1,114,Kaynak,Taşeron - Omega,192,264,88920,93024,Kaldı - Yeniden İşlem,2026-01-13,2026-01-25,2026-01-13,2026-02-02,8,Kalite Reddi (NDT),Tamamlandı,100
NB-502 (Römorkör),BLK-156,Makine Dairesi,SSAB,Kızak 1,114,Boyama,Taşeron - Alfa,380,380,168948,168948,Muaf,2026-02-03,2026-02-22,2026-02-03,2026-02-22,0,Yok,Tamamlandı,100
NB-502 (Römorkör),BLK-156,Makine Dairesi,SSAB,Kızak 1,114,Donatım,Taşeron - Beta,308,348,95760,99710,Geçti,2026-02-23,2026-03-09,2026-02-23,2026-03-14,5,Malzeme Eksikliği,Tamamlandı,100
NB-504 (Askeri Gemi),BLK-157,Makine Dairesi,SSAB,Açık Saha Donatım,178,Kesim,Taşeron - Omega,90,90,61410,61410,Muaf,2026-01-05,2026-01-10,2026-01-05,2026-01-10,0,Yok,Tamamlandı,100
NB-504 (Askeri Gemi),BLK-157,Makine Dairesi,SSAB,Açık Saha Donatım,178,Ön Montaj,Taşeron - Beta,399,449,182628,186663,Geçti,2026-01-11,2026-01-30,2026-01-11,2026-02-04,5,Hava Muhalefeti,Tamamlandı,100
NB-504 (Askeri Gemi),BLK-157,Makine Dairesi,SSAB,Açık Saha Donatım,178,Montaj,Taşeron - Alfa,150,315,200250,213263,Geçti,2026-02-06,2026-02-21,2026-02-06,2026-03-04,11,Kalite Reddi (NDT),Tamamlandı,100
NB-504 (Askeri Gemi),BLK-157,Makine Dairesi,SSAB,Açık Saha Donatım,178,Kaynak,Dahili Ekip,140,140,144536,144536,Geçti,2026-03-05,2026-03-19,2026-03-05,2026-03-19,0,Yok,Tamamlandı,100
NB-504 (Askeri Gemi),BLK-157,Makine Dairesi,SSAB,Açık Saha Donatım,178,Boyama,Taşeron - Alfa,330,410,194910,199930,Muaf,2026-03-21,2026-04-05,2026-03-21,2026-04-15,10,İşgücü Yetersizliği,Tamamlandı,100
NB-504 (Askeri Gemi),BLK-157,Makine Dairesi,SSAB,Açık Saha Donatım,178,Donatım,Taşeron - Beta,112,112,129584,129584,Bekliyor,2026-04-17,2026-05-01,2026-04-17,,0,Yok,Devam Ediyor,39
NB-504 (Askeri Gemi),BLK-158,Üst Bina,Kardemir,Kızak 2,69,Kesim,Taşeron - Beta,161,161,27531,27531,Muaf,2025-10-03,2025-10-10,2025-10-03,2025-10-10,0,Yok,Tamamlandı,100
NB-504 (Askeri Gemi),BLK-158,Üst Bina,Kardemir,Kızak 2,69,Ön Montaj,Taşeron - Alfa,288,431,50508,64401,Geçti,2025-10-12,2025-10-24,2025-10-12,2025-11-04,11,İşgücü Yetersizliği,Tamamlandı,100
NB-504 (Askeri Gemi),BLK-158,Üst Bina,Kardemir,Kızak 2,69,Montaj,Taşeron - Omega,220,256,55200,57752,Geçti,2025-11-05,2025-11-15,2025-11-05,2025-11-19,4,İşgücü Yetersizliği,Tamamlandı,100
NB-504 (Askeri Gemi),BLK-158,Üst Bina,Kardemir,Kızak 2,69,Kaynak,Taşeron - Omega,140,140,66654,66654,Geçti,2025-11-20,2025-12-04,2025-11-20,2025-12-04,0,Yok,Tamamlandı,100
NB-504 (Askeri Gemi),BLK-158,Üst Bina,Kardemir,Kızak 2,69,Boyama,Taşeron - Alfa,190,190,35190,35190,Muaf,2025-12-06,2025-12-16,2025-12-06,2025-12-16,0,Yok,Tamamlandı,100
NB-504 (Askeri Gemi),BLK-158,Üst Bina,Kardemir,Kızak 2,69,Donatım,Dahili Ekip,180,180,62100,62100,Muaf,2025-12-18,2026-01-02,2025-12-18,2026-01-02,0,Yok,Tamamlandı,100
NB-502 (Römorkör),BLK-159,Tank,Erdemir,Kızak 2,126,Kesim,Taşeron - Alfa,45,45,29862,29862,Muaf,2025-10-10,2025-10-13,2025-10-10,2025-10-13,0,Yok,Tamamlandı,100
NB-502 (Römorkör),BLK-159,Tank,Erdemir,Kızak 2,126,Ön Montaj,Taşeron - Omega,368,368,102816,102816,Geçti,2025-10-15,2025-10-31,2025-10-15,2025-10-31,0,Yok,Tamamlandı,100
NB-502 (Römorkör),BLK-159,Tank,Erdemir,Kızak 2,126,Montaj,Dahili Ekip,240,240,75600,75600,Geçti,2025-11-02,2025-11-12,2025-11-02,2025-11-12,0,Yok,Tamamlandı,100
NB-502 (Römorkör),BLK-159,Tank,Erdemir,Kızak 2,126,Kaynak,Taşeron - Beta,198,198,72576,72576,Geçti,2025-11-13,2025-11-22,2025-11-13,2025-11-22,0,Yok,Tamamlandı,100
NB-502 (Römorkör),BLK-159,Tank,Erdemir,Kızak 2,126,Boyama,Dahili Ekip,190,190,150822,150822,Muaf,2025-11-23,2025-12-12,2025-11-23,2025-12-12,0,Yok,Tamamlandı,100
NB-502 (Römorkör),BLK-159,Tank,Erdemir,Kızak 2,126,Donatım,Taşeron - Alfa,128,128,149184,149184,Muaf,2025-12-14,2025-12-30,2025-12-14,2025-12-30,0,Yok,Tamamlandı,100
NB-501 (Kimyasal Tanker),BLK-160,Makine Dairesi,ThyssenKrupp,Açık Saha Donatım,172,Kesim,Taşeron - Omega,126,216,89096,101696,Geçti,2025-11-23,2025-11-30,2025-11-23,2025-12-09,9,Malzeme Eksikliği,Tamamlandı,100
NB-501 (Kimyasal Tanker),BLK-160,Makine Dairesi,ThyssenKrupp,Açık Saha Donatım,172,Ön Montaj,Dahili Ekip,130,130,152048,152048,Geçti,2025-12-10,2025-12-23,2025-12-10,2025-12-23,0,Yok,Tamamlandı,100
NB-501 (Kimyasal Tanker),BLK-160,Makine Dairesi,ThyssenKrupp,Açık Saha Donatım,172,Montaj,Taşeron - Omega,224,240,144480,146828,Kaldı - Yeniden İşlem,2025-12-24,2026-01-07,2025-12-24,2026-01-09,2,Ekipman/Vinç Arızası,Tamamlandı,100
NB-501 (Kimyasal Tanker),BLK-160,Makine Dairesi,ThyssenKrupp,Açık Saha Donatım,172,Kaynak,Taşeron - Alfa,216,348,80496,97548,Kaldı - Yeniden İşlem,2026-01-10,2026-01-19,2026-01-10,2026-01-31,12,Kalite Reddi (NDT),Tamamlandı,100
NB-501 (Kimyasal Tanker),BLK-160,Makine Dairesi,ThyssenKrupp,Açık Saha Donatım,172,Boyama,Taşeron - Alfa,357,381,172516,175210,Muaf,2026-02-02,2026-02-19,2026-02-02,2026-02-22,3,Ekipman/Vinç Arızası,Tamamlandı,100
NB-501 (Kimyasal Tanker),BLK-160,Makine Dairesi,ThyssenKrupp,Açık Saha Donatım,172,Donatım,Taşeron - Omega,266,266,199348,199348,Muaf,2026-02-23,2026-03-14,2026-02-23,2026-03-14,0,Yok,Tamamlandı,100
NB-504 (Askeri Gemi),BLK-161,Makine Dairesi,ThyssenKrupp,Kızak 1,64,Kesim,Taşeron - Beta,161,231,25536,32461,Geçti,2026-01-06,2026-01-13,2026-01-06,2026-01-18,5,İşgücü Yetersizliği,Tamamlandı,100
NB-504 (Askeri Gemi),BLK-161,Makine Dairesi,ThyssenKrupp,Kızak 1,64,Ön Montaj,Taşeron - Alfa,182,182,46592,46592,Geçti,2026-01-20,2026-02-02,2026-01-20,2026-02-02,0,Yok,Tamamlandı,100
NB-504 (Askeri Gemi),BLK-161,Makine Dairesi,ThyssenKrupp,Kızak 1,64,Montaj,Taşeron - Omega,221,221,81600,81600,Geçti,2026-02-03,2026-02-20,2026-02-03,2026-02-20,0,Yok,Tamamlandı,100
NB-504 (Askeri Gemi),BLK-161,Makine Dairesi,ThyssenKrupp,Kızak 1,64,Kaynak,Dahili Ekip,104,104,47424,47424,Geçti,2026-02-22,2026-03-07,2026-02-22,2026-03-07,0,Yok,Tamamlandı,100
NB-504 (Askeri Gemi),BLK-161,Makine Dairesi,ThyssenKrupp,Kızak 1,64,Boyama,Dahili Ekip,260,260,47424,47424,Muaf,2026-03-08,2026-03-21,2026-03-08,2026-03-21,0,Yok,Tamamlandı,100
NB-504 (Askeri Gemi),BLK-161,Makine Dairesi,ThyssenKrupp,Kızak 1,64,Donatım,Taşeron - Omega,160,277,73728,85662,Geçti,2026-03-22,2026-04-07,2026-03-22,2026-04-16,9,Malzeme Eksikliği,Tamamlandı,100
NB-503 (Kuru Yük),BLK-162,Tank,Yerel Tedarikçi A.Ş.,Kızak 2,171,Kesim,Taşeron - Alfa,77,77,70623,70623,Muaf,2025-10-24,2025-10-31,2025-10-24,2025-10-31,0,Yok,Tamamlandı,100
NB-503 (Kuru Yük),BLK-162,Tank,Yerel Tedarikçi A.Ş.,Kızak 2,171,Ön Montaj,Taşeron - Alfa,255,255,176985,176985,Geçti,2025-11-02,2025-11-17,2025-11-02,2025-11-17,0,Yok,Tamamlandı,100
NB-503 (Kuru Yük),BLK-162,Tank,Yerel Tedarikçi A.Ş.,Kızak 2,171,Montaj,Taşeron - Beta,170,170,136800,136800,Geçti,2025-11-18,2025-11-28,2025-11-18,2025-11-28,0,Yok,Tamamlandı,100
NB-503 (Kuru Yük),BLK-162,Tank,Yerel Tedarikçi A.Ş.,Kızak 2,171,Kaynak,Taşeron - Omega,160,160,76608,76608,Geçti,2025-11-29,2025-12-07,2025-11-29,2025-12-07,0,Yok,Tamamlandı,100
NB-503 (Kuru Yük),BLK-162,Tank,Yerel Tedarikçi A.Ş.,Kızak 2,171,Boyama,Taşeron - Alfa,374,374,220932,220932,Muaf,2025-12-09,2025-12-26,2025-12-09,2025-12-26,0,Yok,Tamamlandı,100
NB-503 (Kuru Yük),BLK-162,Tank,Yerel Tedarikçi A.Ş.,Kızak 2,171,Donatım,Dahili Ekip,162,162,206226,206226,Muaf,2025-12-28,2026-01-15,2025-12-28,2026-01-15,0,Yok,Tamamlandı,100
NB-503 (Kuru Yük),BLK-163,Tank,ThyssenKrupp,Kızak 1,156,Kesim,Taşeron - Alfa,48,48,33696,33696,Muaf,2025-10-20,2025-10-24,2025-10-20,2025-10-24,0,Yok,Tamamlandı,100
NB-503 (Kuru Yük),BLK-163,Tank,ThyssenKrupp,Kızak 1,156,Ön Montaj,Taşeron - Beta,220,220,118560,118560,Geçti,2025-10-26,2025-11-05,2025-10-26,2025-11-05,0,Yok,Tamamlandı,100
NB-503 (Kuru Yük),BLK-163,Tank,ThyssenKrupp,Kızak 1,156,Montaj,Taşeron - Omega,196,196,122304,122304,Geçti,2025-11-07,2025-11-21,2025-11-07,2025-11-21,0,Yok,Tamamlandı,100
NB-503 (Kuru Yük),BLK-163,Tank,ThyssenKrupp,Kızak 1,156,Kaynak,Taşeron - Beta,210,210,139776,139776,Geçti,2025-11-22,2025-12-06,2025-11-22,2025-12-06,0,Yok,Tamamlandı,100
NB-503 (Kuru Yük),BLK-163,Tank,ThyssenKrupp,Kızak 1,156,Boyama,Taşeron - Omega,112,112,133224,133224,Muaf,2025-12-08,2025-12-22,2025-12-08,2025-12-22,0,Yok,Tamamlandı,100
NB-503 (Kuru Yük),BLK-163,Tank,ThyssenKrupp,Kızak 1,156,Donatım,Taşeron - Alfa,140,140,109200,109200,Muaf,2025-12-24,2026-01-07,2025-12-24,2026-01-07,0,Yok,Tamamlandı,100
NB-503 (Kuru Yük),BLK-164,Makine Dairesi,ThyssenKrupp,Açık Saha Donatım,64,Kesim,Taşeron - Beta,76,76,18688,18688,Muaf,2025-10-09,2025-10-13,2025-10-09,2025-10-13,0,Yok,Tamamlandı,100
NB-503 (Kuru Yük),BLK-164,Makine Dairesi,ThyssenKrupp,Açık Saha Donatım,64,Ön Montaj,Taşeron - Alfa,143,241,56320,60653,Geçti,2025-10-15,2025-10-26,2025-10-15,2025-11-02,7,Hava Muhalefeti,Tamamlandı,100
NB-503 (Kuru Yük),BLK-164,Makine Dairesi,ThyssenKrupp,Açık Saha Donatım,64,Montaj,Taşeron - Beta,221,281,53248,60436,Geçti,2025-11-04,2025-11-17,2025-11-04,2025-11-23,6,Hava Muhalefeti,Tamamlandı,100
NB-503 (Kuru Yük),BLK-164,Makine Dairesi,ThyssenKrupp,Açık Saha Donatım,64,Kaynak,Dahili Ekip,210,254,62720,65052,Geçti,2025-11-25,2025-12-09,2025-11-25,2025-12-13,4,Ekipman/Vinç Arızası,Tamamlandı,100
NB-503 (Kuru Yük),BLK-164,Makine Dairesi,ThyssenKrupp,Açık Saha Donatım,64,Boyama,Taşeron - Alfa,190,288,63232,72283,Muaf,2025-12-14,2026-01-02,2025-12-14,2026-01-09,7,Kalite Reddi (NDT),Tamamlandı,100
NB-503 (Kuru Yük),BLK-164,Makine Dairesi,ThyssenKrupp,Açık Saha Donatım,64,Donatım,Dahili Ekip,117,117,61568,61568,Muaf,2026-01-11,2026-01-24,2026-01-11,2026-01-24,0,Yok,Tamamlandı,100
NB-502 (Römorkör),BLK-165,Tank,Erdemir,Kuru Havuz A,120,Kesim,Taşeron - Beta,60,60,24840,24840,Muaf,2026-01-09,2026-01-12,2026-01-09,2026-01-12,0,Yok,Tamamlandı,100
NB-502 (Römorkör),BLK-165,Tank,Erdemir,Kuru Havuz A,120,Ön Montaj,Taşeron - Beta,132,172,112320,119125,Geçti,2026-01-14,2026-01-26,2026-01-14,2026-01-31,5,Malzeme Eksikliği,Tamamlandı,100
NB-502 (Römorkör),BLK-165,Tank,Erdemir,Kuru Havuz A,120,Montaj,Taşeron - Alfa,104,104,79560,79560,Geçti,2026-02-01,2026-02-14,2026-02-01,2026-02-14,0,Yok,Tamamlandı,100
NB-502 (Römorkör),BLK-165,Tank,Erdemir,Kuru Havuz A,120,Kaynak,Taşeron - Beta,196,271,134400,139160,Kaldı - Yeniden İşlem,2026-02-16,2026-03-02,2026-02-16,2026-03-07,5,Kalite Reddi (NDT),Tamamlandı,100
NB-502 (Römorkör),BLK-165,Tank,Erdemir,Kuru Havuz A,120,Boyama,Taşeron - Alfa,272,360,108120,116792,Muaf,2026-03-08,2026-03-25,2026-03-08,2026-04-02,8,Hava Muhalefeti,Tamamlandı,100
NB-502 (Römorkör),BLK-165,Tank,Erdemir,Kuru Havuz A,120,Donatım,Taşeron - Beta,460,460,124800,124800,Bekliyor,2026-04-03,2026-04-23,2026-04-03,,0,Yok,Devam Ediyor,77
NB-501 (Kimyasal Tanker),BLK-166,Makine Dairesi,Yerel Tedarikçi A.Ş.,Kızak 1,104,Kesim,Taşeron - Beta,120,120,49920,49920,Muaf,2025-10-16,2025-10-22,2025-10-16,2025-10-22,0,Yok,Tamamlandı,100
NB-501 (Kimyasal Tanker),BLK-166,Makine Dairesi,Yerel Tedarikçi A.Ş.,Kızak 1,104,Ön Montaj,Dahili Ekip,190,190,122512,122512,Geçti,2025-10-23,2025-11-11,2025-10-23,2025-11-11,0,Yok,Tamamlandı,100
NB-501 (Kimyasal Tanker),BLK-166,Makine Dairesi,Yerel Tedarikçi A.Ş.,Kızak 1,104,Montaj,Dahili Ekip,126,126,116480,116480,Geçti,2025-11-12,2025-11-26,2025-11-12,2025-11-26,0,Yok,Tamamlandı,100
NB-501 (Kimyasal Tanker),BLK-166,Makine Dairesi,Yerel Tedarikçi A.Ş.,Kızak 1,104,Kaynak,Taşeron - Omega,228,228,87360,87360,Geçti,2025-11-28,2025-12-10,2025-11-28,2025-12-10,0,Yok,Tamamlandı,100
NB-501 (Kimyasal Tanker),BLK-166,Makine Dairesi,Yerel Tedarikçi A.Ş.,Kızak 1,104,Boyama,Dahili Ekip,117,177,106808,110456,Muaf,2025-12-12,2025-12-25,2025-12-12,2025-12-31,6,Hava Muhalefeti,Tamamlandı,100
NB-501 (Kimyasal Tanker),BLK-166,Makine Dairesi,Yerel Tedarikçi A.Ş.,Kızak 1,104,Donatım,Taşeron - Alfa,378,378,127296,127296,Muaf,2026-01-01,2026-01-19,2026-01-01,2026-01-19,0,Yok,Tamamlandı,100
NB-502 (Römorkör),BLK-167,Üst Bina,SSAB,Açık Saha Donatım,79,Kesim,Taşeron - Omega,168,168,34839,34839,Muaf,2026-01-04,2026-01-11,2026-01-04,2026-01-11,0,Yok,Tamamlandı,100
NB-502 (Römorkör),BLK-167,Üst Bina,SSAB,Açık Saha Donatım,79,Ön Montaj,Taşeron - Beta,306,306,92430,92430,Geçti,2026-01-13,2026-01-31,2026-01-13,2026-01-31,0,Yok,Tamamlandı,100
NB-502 (Römorkör),BLK-167,Üst Bina,SSAB,Açık Saha Donatım,79,Montaj,Taşeron - Alfa,238,238,94010,94010,Geçti,2026-02-01,2026-02-18,2026-02-01,2026-02-18,0,Yok,Tamamlandı,100
NB-502 (Römorkör),BLK-167,Üst Bina,SSAB,Açık Saha Donatım,79,Kaynak,Taşeron - Alfa,252,252,68572,68572,Geçti,2026-02-20,2026-03-06,2026-02-20,2026-03-06,0,Yok,Tamamlandı,100
NB-502 (Römorkör),BLK-167,Üst Bina,SSAB,Açık Saha Donatım,79,Boyama,Taşeron - Alfa,96,128,48348,50206,Muaf,2026-03-07,2026-03-19,2026-03-07,2026-03-21,2,Hava Muhalefeti,Tamamlandı,100
NB-502 (Römorkör),BLK-167,Üst Bina,SSAB,Açık Saha Donatım,79,Donatım,Taşeron - Beta,180,180,47400,47400,Muaf,2026-03-22,2026-04-01,2026-03-22,2026-04-01,0,Yok,Tamamlandı,100
NB-502 (Römorkör),BLK-168,Tank,Kardemir,Kızak 2,143,Kesim,Taşeron - Omega,50,50,41470,41470,Muaf,2025-10-24,2025-10-29,2025-10-24,2025-10-29,0,Yok,Tamamlandı,100
NB-502 (Römorkör),BLK-168,Tank,Kardemir,Kızak 2,143,Ön Montaj,Taşeron - Beta,132,180,123552,128040,Geçti,2025-10-30,2025-11-11,2025-10-30,2025-11-17,6,Malzeme Eksikliği,Tamamlandı,100
NB-502 (Römorkör),BLK-168,Tank,Kardemir,Kızak 2,143,Montaj,Taşeron - Beta,384,384,151008,151008,Geçti,2025-11-18,2025-12-04,2025-11-18,2025-12-04,0,Yok,Tamamlandı,100
NB-502 (Römorkör),BLK-168,Tank,Kardemir,Kızak 2,143,Kaynak,Taşeron - Beta,170,230,90090,94320,Geçti,2025-12-06,2025-12-16,2025-12-06,2025-12-21,5,İşgücü Yetersizliği,Tamamlandı,100
NB-502 (Römorkör),BLK-168,Tank,Kardemir,Kızak 2,143,Boyama,Taşeron - Omega,180,330,128700,139100,Muaf,2025-12-22,2026-01-09,2025-12-22,2026-01-19,10,Ekipman/Vinç Arızası,Tamamlandı,100
NB-502 (Römorkör),BLK-168,Tank,Kardemir,Kızak 2,143,Donatım,Dahili Ekip,399,399,182039,182039,Muaf,2026-01-20,2026-02-08,2026-01-20,2026-02-08,0,Yok,Tamamlandı,100
NB-502 (Römorkör),BLK-169,Tank,Erdemir,Açık Saha Donatım,99,Kesim,Taşeron - Beta,33,33,23166,23166,Muaf,2025-11-05,2025-11-08,2025-11-05,2025-11-08,0,Yok,Tamamlandı,100
NB-502 (Römorkör),BLK-169,Tank,Erdemir,Açık Saha Donatım,99,Ön Montaj,Taşeron - Omega,270,270,89100,89100,Geçti,2025-11-09,2025-11-27,2025-11-09,2025-11-27,0,Yok,Tamamlandı,100
NB-502 (Römorkör),BLK-169,Tank,Erdemir,Açık Saha Donatım,99,Montaj,Taşeron - Alfa,240,240,87912,87912,Geçti,2025-11-28,2025-12-10,2025-11-28,2025-12-10,0,Yok,Tamamlandı,100
NB-502 (Römorkör),BLK-169,Tank,Erdemir,Açık Saha Donatım,99,Kaynak,Taşeron - Omega,168,168,45738,45738,Geçti,2025-12-11,2025-12-18,2025-12-11,2025-12-18,0,Yok,Tamamlandı,100
NB-502 (Römorkör),BLK-169,Tank,Erdemir,Açık Saha Donatım,99,Boyama,Taşeron - Alfa,224,224,98208,98208,Muaf,2025-12-20,2026-01-05,2025-12-20,2026-01-05,0,Yok,Tamamlandı,100
NB-502 (Römorkör),BLK-169,Tank,Erdemir,Açık Saha Donatım,99,Donatım,Taşeron - Alfa,120,120,76230,76230,Muaf,2026-01-07,2026-01-17,2026-01-07,2026-01-17,0,Yok,Tamamlandı,100
NB-504 (Askeri Gemi),BLK-170,Gövde,ThyssenKrupp,Kızak 2,41,Kesim,Dahili Ekip,36,148,12956,24908,Geçti,2025-12-31,2026-01-04,2025-12-31,2026-01-12,8,Hava Muhalefeti,Tamamlandı,100
NB-504 (Askeri Gemi),BLK-170,Gövde,ThyssenKrupp,Kızak 2,41,Ön Montaj,Taşeron - Beta,320,320,62320,62320,Geçti,2026-01-14,2026-02-03,2026-01-14,2026-02-03,0,Yok,Tamamlandı,100
NB-504 (Askeri Gemi),BLK-170,Gövde,ThyssenKrupp,Kızak 2,41,Montaj,Taşeron - Beta,160,270,45100,60764,Geçti,2026-02-05,2026-02-25,2026-02-05,2026-03-08,11,Ekipman/Vinç Arızası,Tamamlandı,100
NB-504 (Askeri Gemi),BLK-170,Gövde,ThyssenKrupp,Kızak 2,41,Kaynak,Taşeron - Beta,154,154,33866,33866,Geçti,2026-03-10,2026-03-24,2026-03-10,2026-03-24,0,Yok,Tamamlandı,100
NB-504 (Askeri Gemi),BLK-170,Gövde,ThyssenKrupp,Kızak 2,41,Boyama,Taşeron - Omega,209,209,41287,41287,Muaf,2026-03-26,2026-04-14,2026-03-26,2026-04-14,0,Yok,Tamamlandı,100
NB-504 (Askeri Gemi),BLK-170,Gövde,ThyssenKrupp,Kızak 2,41,Donatım,Taşeron - Alfa,304,454,34768,45188,Bekliyor,2026-04-16,2026-05-02,2026-04-16,,10,Ekipman/Vinç Arızası,Devam Ediyor,38
NB-502 (Römorkör),BLK-171,Tank,ThyssenKrupp,Kuru Havuz B,71,Kesim,Taşeron - Alfa,154,154,33299,33299,Muaf,2025-10-13,2025-10-20,2025-10-13,2025-10-20,0,Yok,Tamamlandı,100
NB-502 (Römorkör),BLK-171,Tank,ThyssenKrupp,Kuru Havuz B,71,Ön Montaj,Taşeron - Beta,408,408,82076,82076,Geçti,2025-10-21,2025-11-07,2025-10-21,2025-11-07,0,Yok,Tamamlandı,100
NB-502 (Römorkör),BLK-171,Tank,ThyssenKrupp,Kuru Havuz B,71,Montaj,Dahili Ekip,198,263,48422,51532,Geçti,2025-11-09,2025-11-20,2025-11-09,2025-11-25,5,Kalite Reddi (NDT),Tamamlandı,100
NB-502 (Römorkör),BLK-171,Tank,ThyssenKrupp,Kuru Havuz B,71,Kaynak,Taşeron - Omega,288,288,63900,63900,Geçti,2025-11-27,2025-12-09,2025-11-27,2025-12-09,0,Yok,Tamamlandı,100
NB-502 (Römorkör),BLK-171,Tank,ThyssenKrupp,Kuru Havuz B,71,Boyama,Dahili Ekip,288,288,81792,81792,Muaf,2025-12-11,2025-12-29,2025-12-11,2025-12-29,0,Yok,Tamamlandı,100
NB-502 (Römorkör),BLK-171,Tank,ThyssenKrupp,Kuru Havuz B,71,Donatım,Taşeron - Omega,221,221,71071,71071,Muaf,2025-12-30,2026-01-12,2025-12-30,2026-01-12,0,Yok,Tamamlandı,100
NB-504 (Askeri Gemi),BLK-172,Çift Dip (Double Bottom),Yerel Tedarikçi A.Ş.,Kızak 2,27,Kesim,Taşeron - Omega,65,65,9045,9045,Muaf,2025-12-14,2025-12-19,2025-12-14,2025-12-19,0,Yok,Tamamlandı,100
NB-504 (Askeri Gemi),BLK-172,Çift Dip (Double Bottom),Yerel Tedarikçi A.Ş.,Kızak 2,27,Ön Montaj,Taşeron - Omega,216,234,37422,40420,Geçti,2025-12-20,2026-01-07,2025-12-20,2026-01-09,2,Hava Muhalefeti,Tamamlandı,100
NB-504 (Askeri Gemi),BLK-172,Çift Dip (Double Bottom),Yerel Tedarikçi A.Ş.,Kızak 2,27,Montaj,Dahili Ekip,252,252,29484,29484,Geçti,2026-01-10,2026-01-24,2026-01-10,2026-01-24,0,Yok,Tamamlandı,100
NB-504 (Askeri Gemi),BLK-172,Çift Dip (Double Bottom),Yerel Tedarikçi A.Ş.,Kızak 2,27,Kaynak,Taşeron - Omega,98,148,14742,20097,Geçti,2026-01-26,2026-02-02,2026-01-26,2026-02-07,5,Malzeme Eksikliği,Tamamlandı,100
NB-504 (Askeri Gemi),BLK-172,Çift Dip (Double Bottom),Yerel Tedarikçi A.Ş.,Kızak 2,27,Boyama,Taşeron - Omega,130,214,21600,30910,Muaf,2026-02-08,2026-02-18,2026-02-08,2026-02-25,7,İşgücü Yetersizliği,Tamamlandı,100
NB-504 (Askeri Gemi),BLK-172,Çift Dip (Double Bottom),Yerel Tedarikçi A.Ş.,Kızak 2,27,Donatım,Taşeron - Omega,360,360,31590,31590,Muaf,2026-02-27,2026-03-17,2026-02-27,2026-03-17,0,Yok,Tamamlandı,100
NB-501 (Kimyasal Tanker),BLK-173,Üst Bina,Yerel Tedarikçi A.Ş.,Kızak 2,162,Kesim,Taşeron - Beta,133,133,66906,66906,Muaf,2025-12-21,2025-12-28,2025-12-21,2025-12-28,0,Yok,Tamamlandı,100
NB-501 (Kimyasal Tanker),BLK-173,Üst Bina,Yerel Tedarikçi A.Ş.,Kızak 2,162,Ön Montaj,Dahili Ekip,112,280,176904,187620,Geçti,2025-12-30,2026-01-13,2025-12-30,2026-01-25,12,Hava Muhalefeti,Tamamlandı,100
NB-501 (Kimyasal Tanker),BLK-173,Üst Bina,Yerel Tedarikçi A.Ş.,Kızak 2,162,Montaj,Dahili Ekip,300,405,153090,162533,Geçti,2026-01-27,2026-02-11,2026-01-27,2026-02-18,7,Hava Muhalefeti,Tamamlandı,100
NB-501 (Kimyasal Tanker),BLK-173,Üst Bina,Yerel Tedarikçi A.Ş.,Kızak 2,162,Kaynak,Dahili Ekip,221,365,128466,137502,Kaldı - Yeniden İşlem,2026-02-19,2026-03-04,2026-02-19,2026-03-16,12,Kalite Reddi (NDT),Tamamlandı,100
NB-501 (Kimyasal Tanker),BLK-173,Üst Bina,Yerel Tedarikçi A.Ş.,Kızak 2,162,Boyama,Dahili Ekip,253,253,117612,117612,Muaf,2026-03-18,2026-03-29,2026-03-18,2026-03-29,0,Yok,Tamamlandı,100
NB-501 (Kimyasal Tanker),BLK-173,Üst Bina,Yerel Tedarikçi A.Ş.,Kızak 2,162,Donatım,Taşeron - Beta,294,294,165564,165564,Muaf,2026-03-31,2026-04-14,2026-03-31,2026-04-14,0,Yok,Tamamlandı,100
NB-504 (Askeri Gemi),BLK-174,Çift Dip (Double Bottom),Kardemir,Kuru Havuz B,176,Kesim,Dahili Ekip,126,126,59136,59136,Muaf,2025-10-02,2025-10-08,2025-10-02,2025-10-08,0,Yok,Tamamlandı,100
NB-504 (Askeri Gemi),BLK-174,Çift Dip (Double Bottom),Kardemir,Kuru Havuz B,176,Ön Montaj,Taşeron - Omega,418,418,214016,214016,Geçti,2025-10-10,2025-10-29,2025-10-10,2025-10-29,0,Yok,Tamamlandı,100
NB-504 (Askeri Gemi),BLK-174,Çift Dip (Double Bottom),Kardemir,Kuru Havuz B,176,Montaj,Taşeron - Alfa,300,300,242880,242880,Geçti,2025-10-31,2025-11-20,2025-10-31,2025-11-20,0,Yok,Tamamlandı,100
NB-504 (Askeri Gemi),BLK-174,Çift Dip (Double Bottom),Kardemir,Kuru Havuz B,176,Kaynak,Taşeron - Alfa,120,237,93280,105673,Kaldı - Yeniden İşlem,2025-11-22,2025-12-02,2025-11-22,2025-12-11,9,Kalite Reddi (NDT),Tamamlandı,100
NB-504 (Askeri Gemi),BLK-174,Çift Dip (Double Bottom),Kardemir,Kuru Havuz B,176,Boyama,Dahili Ekip,374,410,200464,204112,Muaf,2025-12-12,2025-12-29,2025-12-12,2026-01-02,4,Hava Muhalefeti,Tamamlandı,100
NB-504 (Askeri Gemi),BLK-174,Çift Dip (Double Bottom),Kardemir,Kuru Havuz B,176,Donatım,Dahili Ekip,288,398,126720,137753,Geçti,2026-01-04,2026-01-16,2026-01-04,2026-01-27,11,Hava Muhalefeti,Tamamlandı,100
NB-504 (Askeri Gemi),BLK-175,Makine Dairesi,ThyssenKrupp,Kızak 1,171,Kesim,Taşeron - Beta,54,54,55404,55404,Muaf,2025-11-29,2025-12-05,2025-11-29,2025-12-05,0,Yok,Tamamlandı,100
NB-504 (Askeri Gemi),BLK-175,Makine Dairesi,ThyssenKrupp,Kızak 1,171,Ön Montaj,Taşeron - Beta,280,376,177840,182824,Kaldı - Yeniden İşlem,2025-12-07,2025-12-27,2025-12-07,2026-01-04,8,Hava Muhalefeti,Tamamlandı,100
NB-504 (Askeri Gemi),BLK-175,Makine Dairesi,ThyssenKrupp,Kızak 1,171,Montaj,Taşeron - Omega,440,566,270180,282474,Geçti,2026-01-06,2026-01-26,2026-01-06,2026-02-04,9,Ekipman/Vinç Arızası,Tamamlandı,100
NB-504 (Askeri Gemi),BLK-175,Makine Dairesi,ThyssenKrupp,Kızak 1,171,Kaynak,Taşeron - Omega,176,176,95931,95931,Geçti,2026-02-06,2026-02-17,2026-02-06,2026-02-17,0,Yok,Tamamlandı,100
NB-504 (Askeri Gemi),BLK-175,Makine Dairesi,ThyssenKrupp,Kızak 1,171,Boyama,Taşeron - Beta,391,391,154071,154071,Muaf,2026-02-18,2026-03-07,2026-02-18,2026-03-07,0,Yok,Tamamlandı,100
NB-504 (Askeri Gemi),BLK-175,Makine Dairesi,ThyssenKrupp,Kızak 1,171,Donatım,Taşeron - Alfa,299,349,135603,141933,Geçti,2026-03-09,2026-03-22,2026-03-09,2026-03-27,5,Hava Muhalefeti,Tamamlandı,100
NB-502 (Römorkör),BLK-176,Üst Bina,Erdemir,Kızak 1,137,Kesim,Taşeron - Omega,48,48,21372,21372,Muaf,2025-11-18,2025-11-21,2025-11-18,2025-11-21,0,Yok,Tamamlandı,100
NB-502 (Römorkör),BLK-176,Üst Bina,Erdemir,Kızak 1,137,Ön Montaj,Taşeron - Alfa,280,280,197280,197280,Geçti,2025-11-23,2025-12-13,2025-11-23,2025-12-13,0,Yok,Tamamlandı,100
NB-502 (Römorkör),BLK-176,Üst Bina,Erdemir,Kızak 1,137,Montaj,Taşeron - Beta,190,190,98640,98640,Geçti,2025-12-14,2025-12-24,2025-12-14,2025-12-24,0,Yok,Tamamlandı,100
NB-502 (Römorkör),BLK-176,Üst Bina,Erdemir,Kızak 1,137,Kaynak,Taşeron - Beta,224,224,101654,101654,Geçti,2025-12-25,2026-01-08,2025-12-25,2026-01-08,0,Yok,Tamamlandı,100
NB-502 (Römorkör),BLK-176,Üst Bina,Erdemir,Kızak 1,137,Boyama,Taşeron - Beta,220,220,161660,161660,Muaf,2026-01-09,2026-01-29,2026-01-09,2026-01-29,0,Yok,Tamamlandı,100
NB-502 (Römorkör),BLK-176,Üst Bina,Erdemir,Kızak 1,137,Donatım,Taşeron - Beta,140,140,147686,147686,Muaf,2026-01-30,2026-02-13,2026-01-30,2026-02-13,0,Yok,Tamamlandı,100
NB-503 (Kuru Yük),BLK-177,Tank,Yerel Tedarikçi A.Ş.,Kuru Havuz B,106,Kesim,Taşeron - Omega,60,60,26712,26712,Muaf,2025-10-27,2025-10-31,2025-10-27,2025-10-31,0,Yok,Tamamlandı,100
NB-503 (Kuru Yük),BLK-177,Tank,Yerel Tedarikçi A.Ş.,Kuru Havuz B,106,Ön Montaj,Dahili Ekip,380,380,150520,150520,Geçti,2025-11-01,2025-11-21,2025-11-01,2025-11-21,0,Yok,Tamamlandı,100
NB-503 (Kuru Yük),BLK-177,Tank,Yerel Tedarikçi A.Ş.,Kuru Havuz B,106,Montaj,Taşeron - Omega,256,274,115328,118010,Kaldı - Yeniden İşlem,2025-11-23,2025-12-09,2025-11-23,2025-12-11,2,İşgücü Yetersizliği,Tamamlandı,100
NB-503 (Kuru Yük),BLK-177,Tank,Yerel Tedarikçi A.Ş.,Kuru Havuz B,106,Kaynak,Taşeron - Alfa,99,99,59466,59466,Geçti,2025-12-13,2025-12-24,2025-12-13,2025-12-24,0,Yok,Tamamlandı,100
NB-503 (Kuru Yük),BLK-177,Tank,Yerel Tedarikçi A.Ş.,Kuru Havuz B,106,Boyama,Dahili Ekip,240,240,57240,57240,Muaf,2025-12-26,2026-01-05,2025-12-26,2026-01-05,0,Yok,Tamamlandı,100
NB-503 (Kuru Yük),BLK-177,Tank,Yerel Tedarikçi A.Ş.,Kuru Havuz B,106,Donatım,Taşeron - Beta,304,304,104728,104728,Muaf,2026-01-06,2026-01-25,2026-01-06,2026-01-25,0,Yok,Tamamlandı,100
NB-503 (Kuru Yük),BLK-178,Üst Bina,Erdemir,Kuru Havuz A,37,Kesim,Dahili Ekip,24,54,7326,9690,Geçti,2026-01-05,2026-01-08,2026-01-05,2026-01-11,3,İşgücü Yetersizliği,Tamamlandı,100
NB-503 (Kuru Yük),BLK-178,Üst Bina,Erdemir,Kuru Havuz A,37,Ön Montaj,Dahili Ekip,342,342,43290,43290,Geçti,2026-01-13,2026-01-31,2026-01-13,2026-01-31,0,Yok,Tamamlandı,100
NB-503 (Kuru Yük),BLK-178,Üst Bina,Erdemir,Kuru Havuz A,37,Montaj,Taşeron - Omega,143,179,25974,28143,Geçti,2026-02-01,2026-02-14,2026-02-01,2026-02-17,3,Hava Muhalefeti,Tamamlandı,100
NB-503 (Kuru Yük),BLK-178,Üst Bina,Erdemir,Kuru Havuz A,37,Kaynak,Taşeron - Beta,130,130,27010,27010,Geçti,2026-02-19,2026-03-01,2026-02-19,2026-03-01,0,Yok,Tamamlandı,100
NB-503 (Kuru Yük),BLK-178,Üst Bina,Erdemir,Kuru Havuz A,37,Boyama,Dahili Ekip,231,258,22792,24694,Muaf,2026-03-02,2026-03-13,2026-03-02,2026-03-16,3,Ekipman/Vinç Arızası,Tamamlandı,100
NB-503 (Kuru Yük),BLK-178,Üst Bina,Erdemir,Kuru Havuz A,37,Donatım,Taşeron - Omega,432,576,39294,47223,Geçti,2026-03-18,2026-04-05,2026-03-18,2026-04-14,9,İşgücü Yetersizliği,Tamamlandı,100
NB-504 (Askeri Gemi),BLK-179,Çift Dip (Double Bottom),Kardemir,Kızak 1,124,Kesim,Taşeron - Alfa,88,88,34224,34224,Muaf,2025-10-14,2025-10-18,2025-10-14,2025-10-18,0,Yok,Tamamlandı,100
NB-504 (Askeri Gemi),BLK-179,Çift Dip (Double Bottom),Kardemir,Kızak 1,124,Ön Montaj,Taşeron - Alfa,144,288,95232,105870,Geçti,2025-10-20,2025-11-01,2025-10-20,2025-11-10,9,İşgücü Yetersizliği,Tamamlandı,100
NB-504 (Askeri Gemi),BLK-179,Çift Dip (Double Bottom),Kardemir,Kızak 1,124,Montaj,Taşeron - Omega,210,210,130200,130200,Geçti,2025-11-12,2025-11-27,2025-11-12,2025-11-27,0,Yok,Tamamlandı,100
NB-504 (Askeri Gemi),BLK-179,Çift Dip (Double Bottom),Kardemir,Kızak 1,124,Kaynak,Taşeron - Beta,253,253,102300,102300,Geçti,2025-11-28,2025-12-09,2025-11-28,2025-12-09,0,Yok,Tamamlandı,100
NB-504 (Askeri Gemi),BLK-179,Çift Dip (Double Bottom),Kardemir,Kızak 1,124,Boyama,Taşeron - Alfa,144,144,120528,120528,Muaf,2025-12-11,2025-12-29,2025-12-11,2025-12-29,0,Yok,Tamamlandı,100
NB-504 (Askeri Gemi),BLK-179,Çift Dip (Double Bottom),Kardemir,Kızak 1,124,Donatım,Taşeron - Alfa,216,348,116064,125392,Geçti,2025-12-30,2026-01-17,2025-12-30,2026-01-28,11,Hava Muhalefeti,Tamamlandı,100
NB-501 (Kimyasal Tanker),BLK-180,Tank,Kardemir,Kızak 2,106,Kesim,Taşeron - Omega,98,98,51198,51198,Muaf,2025-10-02,2025-10-09,2025-10-02,2025-10-09,0,Yok,Tamamlandı,100
NB-501 (Kimyasal Tanker),BLK-180,Tank,Kardemir,Kızak 2,106,Ön Montaj,Taşeron - Alfa,126,166,80136,84991,Geçti,2025-10-10,2025-10-24,2025-10-10,2025-10-29,5,Hava Muhalefeti,Tamamlandı,100
NB-501 (Kimyasal Tanker),BLK-180,Tank,Kardemir,Kızak 2,106,Montaj,Taşeron - Alfa,437,437,102714,102714,Geçti,2025-10-31,2025-11-19,2025-10-31,2025-11-19,0,Yok,Tamamlandı,100
NB-501 (Kimyasal Tanker),BLK-180,Tank,Kardemir,Kızak 2,106,Kaynak,Dahili Ekip,192,192,61056,61056,Geçti,2025-11-20,2025-11-28,2025-11-20,2025-11-28,0,Yok,Tamamlandı,100
NB-501 (Kimyasal Tanker),BLK-180,Tank,Kardemir,Kızak 2,106,Boyama,Taşeron - Beta,210,360,87450,94610,Muaf,2025-11-30,2025-12-15,2025-11-30,2025-12-25,10,Hava Muhalefeti,Tamamlandı,100
NB-501 (Kimyasal Tanker),BLK-180,Tank,Kardemir,Kızak 2,106,Donatım,Taşeron - Alfa,187,187,135150,135150,Muaf,2025-12-27,2026-01-13,2025-12-27,2026-01-13,0,Yok,Tamamlandı,100
NB-503 (Kuru Yük),BLK-181,Üst Bina,SSAB,Açık Saha Donatım,158,Kesim,Taşeron - Alfa,72,124,32864,35392,Geçti,2025-11-30,2025-12-04,2025-11-30,2025-12-08,4,Hava Muhalefeti,Tamamlandı,100
NB-503 (Kuru Yük),BLK-181,Üst Bina,SSAB,Açık Saha Donatım,158,Ön Montaj,Taşeron - Beta,130,130,149942,149942,Geçti,2025-12-09,2025-12-22,2025-12-09,2025-12-22,0,Yok,Tamamlandı,100
NB-503 (Kuru Yük),BLK-181,Üst Bina,SSAB,Açık Saha Donatım,158,Montaj,Taşeron - Omega,330,360,158790,160798,Geçti,2025-12-23,2026-01-07,2025-12-23,2026-01-09,2,Ekipman/Vinç Arızası,Tamamlandı,100
NB-503 (Kuru Yük),BLK-181,Üst Bina,SSAB,Açık Saha Donatım,158,Kaynak,Taşeron - Omega,180,180,107440,107440,Geçti,2026-01-10,2026-01-20,2026-01-10,2026-01-20,0,Yok,Tamamlandı,100
NB-503 (Kuru Yük),BLK-181,Üst Bina,SSAB,Açık Saha Donatım,158,Boyama,Dahili Ekip,209,300,195130,199281,Muaf,2026-01-22,2026-02-10,2026-01-22,2026-02-17,7,Hava Muhalefeti,Tamamlandı,100
NB-503 (Kuru Yük),BLK-181,Üst Bina,SSAB,Açık Saha Donatım,158,Donatım,Taşeron - Alfa,180,250,147888,152578,Geçti,2026-02-18,2026-03-08,2026-02-18,2026-03-15,7,Kalite Reddi (NDT),Tamamlandı,100
NB-502 (Römorkör),BLK-182,Gövde,ThyssenKrupp,Kuru Havuz B,140,Kesim,Dahili Ekip,84,84,56840,56840,Muaf,2025-12-15,2025-12-22,2025-12-15,2025-12-22,0,Yok,Tamamlandı,100
NB-502 (Römorkör),BLK-182,Gövde,ThyssenKrupp,Kuru Havuz B,140,Ön Montaj,Taşeron - Beta,190,190,146300,146300,Geçti,2025-12-23,2026-01-11,2025-12-23,2026-01-11,0,Yok,Tamamlandı,100
NB-502 (Römorkör),BLK-182,Gövde,ThyssenKrupp,Kuru Havuz B,140,Montaj,Dahili Ekip,208,208,118300,118300,Geçti,2026-01-13,2026-01-26,2026-01-13,2026-01-26,0,Yok,Tamamlandı,100
NB-502 (Römorkör),BLK-182,Gövde,ThyssenKrupp,Kuru Havuz B,140,Kaynak,Taşeron - Omega,140,179,62720,64739,Kaldı - Yeniden İşlem,2026-01-27,2026-02-03,2026-01-27,2026-02-06,3,Kalite Reddi (NDT),Tamamlandı,100
NB-502 (Römorkör),BLK-182,Gövde,ThyssenKrupp,Kuru Havuz B,140,Boyama,Taşeron - Omega,270,270,138600,138600,Muaf,2026-02-07,2026-02-22,2026-02-07,2026-02-22,0,Yok,Tamamlandı,100
NB-502 (Römorkör),BLK-182,Gövde,ThyssenKrupp,Kuru Havuz B,140,Donatım,Dahili Ekip,154,154,131320,131320,Muaf,2026-02-23,2026-03-09,2026-02-23,2026-03-09,0,Yok,Tamamlandı,100
NB-503 (Kuru Yük),BLK-183,Tank,Yerel Tedarikçi A.Ş.,Kuru Havuz B,63,Kesim,Taşeron - Beta,77,77,26019,26019,Muaf,2025-10-21,2025-10-28,2025-10-21,2025-10-28,0,Yok,Tamamlandı,100
NB-503 (Kuru Yük),BLK-183,Tank,Yerel Tedarikçi A.Ş.,Kuru Havuz B,63,Ön Montaj,Taşeron - Beta,216,316,54432,65002,Geçti,2025-10-29,2025-11-10,2025-10-29,2025-11-20,10,Hava Muhalefeti,Tamamlandı,100
NB-503 (Kuru Yük),BLK-183,Tank,Yerel Tedarikçi A.Ş.,Kuru Havuz B,63,Montaj,Taşeron - Omega,176,176,42966,42966,Geçti,2025-11-22,2025-12-03,2025-11-22,2025-12-03,0,Yok,Tamamlandı,100
NB-503 (Kuru Yük),BLK-183,Tank,Yerel Tedarikçi A.Ş.,Kuru Havuz B,63,Kaynak,Dahili Ekip,273,273,45864,45864,Geçti,2025-12-04,2025-12-17,2025-12-04,2025-12-17,0,Yok,Tamamlandı,100
NB-503 (Kuru Yük),BLK-183,Tank,Yerel Tedarikçi A.Ş.,Kuru Havuz B,63,Boyama,Dahili Ekip,323,383,61047,67019,Muaf,2025-12-19,2026-01-05,2025-12-19,2026-01-09,4,İşgücü Yetersizliği,Tamamlandı,100
NB-503 (Kuru Yük),BLK-183,Tank,Yerel Tedarikçi A.Ş.,Kuru Havuz B,63,Donatım,Taşeron - Alfa,252,252,43092,43092,Muaf,2026-01-11,2026-01-23,2026-01-11,2026-01-23,0,Yok,Tamamlandı,100
NB-502 (Römorkör),BLK-184,Tank,Kardemir,Kuru Havuz B,59,Kesim,Taşeron - Beta,132,204,24780,30594,Geçti,2025-12-22,2025-12-28,2025-12-22,2026-01-06,9,İşgücü Yetersizliği,Tamamlandı,100
NB-502 (Römorkör),BLK-184,Tank,Kardemir,Kuru Havuz B,59,Ön Montaj,Taşeron - Alfa,80,130,43660,46800,Geçti,2026-01-08,2026-01-18,2026-01-08,2026-01-23,5,Hava Muhalefeti,Tamamlandı,100
NB-502 (Römorkör),BLK-184,Tank,Kardemir,Kuru Havuz B,59,Montaj,Dahili Ekip,323,323,82954,82954,Geçti,2026-01-25,2026-02-13,2026-01-25,2026-02-13,0,Yok,Tamamlandı,100
NB-502 (Römorkör),BLK-184,Tank,Kardemir,Kuru Havuz B,59,Kaynak,Taşeron - Beta,100,100,38350,38350,Geçti,2026-02-14,2026-02-24,2026-02-14,2026-02-24,0,Yok,Tamamlandı,100
NB-502 (Römorkör),BLK-184,Tank,Kardemir,Kuru Havuz B,59,Boyama,Taşeron - Alfa,285,285,73986,73986,Muaf,2026-02-26,2026-03-17,2026-02-26,2026-03-17,0,Yok,Tamamlandı,100
NB-502 (Römorkör),BLK-184,Tank,Kardemir,Kuru Havuz B,59,Donatım,Dahili Ekip,154,154,33099,33099,Muaf,2026-03-19,2026-03-30,2026-03-19,2026-03-30,0,Yok,Tamamlandı,100
NB-501 (Kimyasal Tanker),BLK-185,Tank,Yerel Tedarikçi A.Ş.,Kuru Havuz B,86,Kesim,Dahili Ekip,39,39,20382,20382,Muaf,2025-12-17,2025-12-20,2025-12-17,2025-12-20,0,Yok,Tamamlandı,100
NB-501 (Kimyasal Tanker),BLK-185,Tank,Yerel Tedarikçi A.Ş.,Kuru Havuz B,86,Ön Montaj,Taşeron - Alfa,216,288,72240,81864,Geçti,2025-12-22,2026-01-03,2025-12-22,2026-01-11,8,Kalite Reddi (NDT),Tamamlandı,100
NB-501 (Kimyasal Tanker),BLK-185,Tank,Yerel Tedarikçi A.Ş.,Kuru Havuz B,86,Montaj,Dahili Ekip,198,270,72842,78224,Geçti,2026-01-13,2026-01-24,2026-01-13,2026-02-02,9,İşgücü Yetersizliği,Tamamlandı,100
NB-501 (Kimyasal Tanker),BLK-185,Tank,Yerel Tedarikçi A.Ş.,Kuru Havuz B,86,Kaynak,Dahili Ekip,252,252,53664,53664,Geçti,2026-02-03,2026-02-15,2026-02-03,2026-02-15,0,Yok,Tamamlandı,100
NB-501 (Kimyasal Tanker),BLK-185,Tank,Yerel Tedarikçi A.Ş.,Kuru Havuz B,86,Boyama,Taşeron - Beta,140,140,61920,61920,Muaf,2026-02-17,2026-02-27,2026-02-17,2026-02-27,0,Yok,Tamamlandı,100
NB-501 (Kimyasal Tanker),BLK-185,Tank,Yerel Tedarikçi A.Ş.,Kuru Havuz B,86,Donatım,Taşeron - Beta,288,288,77400,77400,Muaf,2026-03-01,2026-03-13,2026-03-01,2026-03-13,0,Yok,Tamamlandı,100
NB-502 (Römorkör),BLK-186,Çift Dip (Double Bottom),SSAB,Kuru Havuz A,81,Kesim,Taşeron - Beta,63,63,13608,13608,Muaf,2025-11-17,2025-11-20,2025-11-17,2025-11-20,0,Yok,Tamamlandı,100
NB-502 (Römorkör),BLK-186,Çift Dip (Double Bottom),SSAB,Kuru Havuz A,81,Ön Montaj,Taşeron - Omega,240,240,75330,75330,Geçti,2025-11-21,2025-12-06,2025-11-21,2025-12-06,0,Yok,Tamamlandı,100
NB-502 (Römorkör),BLK-186,Çift Dip (Double Bottom),SSAB,Kuru Havuz A,81,Montaj,Taşeron - Omega,128,128,95904,95904,Geçti,2025-12-08,2025-12-24,2025-12-08,2025-12-24,0,Yok,Tamamlandı,100
NB-502 (Römorkör),BLK-186,Çift Dip (Double Bottom),SSAB,Kuru Havuz A,81,Kaynak,Taşeron - Omega,154,154,60588,60588,Geçti,2025-12-26,2026-01-06,2025-12-26,2026-01-06,0,Yok,Tamamlandı,100
NB-502 (Römorkör),BLK-186,Çift Dip (Double Bottom),SSAB,Kuru Havuz A,81,Boyama,Taşeron - Beta,225,225,91125,91125,Muaf,2026-01-08,2026-01-23,2026-01-08,2026-01-23,0,Yok,Tamamlandı,100
NB-502 (Römorkör),BLK-186,Çift Dip (Double Bottom),SSAB,Kuru Havuz A,81,Donatım,Dahili Ekip,220,380,62370,74910,Geçti,2026-01-25,2026-02-05,2026-01-25,2026-02-15,10,Malzeme Eksikliği,Tamamlandı,100
NB-502 (Römorkör),BLK-187,Makine Dairesi,SSAB,Açık Saha Donatım,132,Kesim,Taşeron - Alfa,72,136,24552,28656,Geçti,2025-11-05,2025-11-08,2025-11-05,2025-11-16,8,Ekipman/Vinç Arızası,Tamamlandı,100
NB-502 (Römorkör),BLK-187,Makine Dairesi,SSAB,Açık Saha Donatım,132,Ön Montaj,Dahili Ekip,90,140,83160,88235,Geçti,2025-11-18,2025-11-28,2025-11-18,2025-12-03,5,İşgücü Yetersizliği,Tamamlandı,100
NB-502 (Römorkör),BLK-187,Makine Dairesi,SSAB,Açık Saha Donatım,132,Montaj,Dahili Ekip,322,322,121968,121968,Geçti,2025-12-05,2025-12-19,2025-12-05,2025-12-19,0,Yok,Tamamlandı,100
NB-502 (Römorkör),BLK-187,Makine Dairesi,SSAB,Açık Saha Donatım,132,Kaynak,Taşeron - Omega,210,210,110880,110880,Geçti,2025-12-20,2026-01-03,2025-12-20,2026-01-03,0,Yok,Tamamlandı,100
NB-502 (Römorkör),BLK-187,Makine Dairesi,SSAB,Açık Saha Donatım,132,Boyama,Taşeron - Alfa,240,240,114048,114048,Muaf,2026-01-04,2026-01-16,2026-01-04,2026-01-16,0,Yok,Tamamlandı,100
NB-502 (Römorkör),BLK-187,Makine Dairesi,SSAB,Açık Saha Donatım,132,Donatım,Taşeron - Omega,285,373,200640,206424,Geçti,2026-01-18,2026-02-06,2026-01-18,2026-02-14,8,İşgücü Yetersizliği,Tamamlandı,100
NB-504 (Askeri Gemi),BLK-188,Makine Dairesi,SSAB,Kuru Havuz A,56,Kesim,Dahili Ekip,70,70,19880,19880,Muaf,2025-11-13,2025-11-18,2025-11-13,2025-11-18,0,Yok,Tamamlandı,100
NB-504 (Askeri Gemi),BLK-188,Makine Dairesi,SSAB,Kuru Havuz A,56,Ön Montaj,Taşeron - Alfa,315,363,58800,61836,Geçti,2025-11-19,2025-12-04,2025-11-19,2025-12-08,4,İşgücü Yetersizliği,Tamamlandı,100
NB-504 (Askeri Gemi),BLK-188,Makine Dairesi,SSAB,Kuru Havuz A,56,Montaj,Taşeron - Omega,240,240,58240,58240,Geçti,2025-12-10,2025-12-26,2025-12-10,2025-12-26,0,Yok,Tamamlandı,100
NB-504 (Askeri Gemi),BLK-188,Makine Dairesi,SSAB,Kuru Havuz A,56,Kaynak,Taşeron - Omega,230,350,35280,39480,Geçti,2025-12-27,2026-01-06,2025-12-27,2026-01-14,8,Ekipman/Vinç Arızası,Tamamlandı,100
NB-504 (Askeri Gemi),BLK-188,Makine Dairesi,SSAB,Kuru Havuz A,56,Boyama,Taşeron - Beta,210,210,64680,64680,Muaf,2026-01-16,2026-01-31,2026-01-16,2026-01-31,0,Yok,Tamamlandı,100
NB-504 (Askeri Gemi),BLK-188,Makine Dairesi,SSAB,Kuru Havuz A,56,Donatım,Taşeron - Beta,360,360,61488,61488,Muaf,2026-02-01,2026-02-19,2026-02-01,2026-02-19,0,Yok,Tamamlandı,100
NB-504 (Askeri Gemi),BLK-189,Gövde,Erdemir,Kızak 2,114,Kesim,Taşeron - Omega,138,138,53352,53352,Muaf,2025-12-23,2025-12-29,2025-12-23,2025-12-29,0,Yok,Tamamlandı,100
NB-504 (Askeri Gemi),BLK-189,Gövde,Erdemir,Kızak 2,114,Ön Montaj,Taşeron - Beta,320,320,142272,142272,Geçti,2025-12-30,2026-01-15,2025-12-30,2026-01-15,0,Yok,Tamamlandı,100
NB-504 (Askeri Gemi),BLK-189,Gövde,Erdemir,Kızak 2,114,Montaj,Taşeron - Alfa,272,272,131784,131784,Geçti,2026-01-16,2026-02-02,2026-01-16,2026-02-02,0,Yok,Tamamlandı,100
NB-504 (Askeri Gemi),BLK-189,Gövde,Erdemir,Kızak 2,114,Kaynak,Taşeron - Omega,64,64,57456,57456,Geçti,2026-02-04,2026-02-12,2026-02-04,2026-02-12,0,Yok,Tamamlandı,100
NB-504 (Askeri Gemi),BLK-189,Gövde,Erdemir,Kızak 2,114,Boyama,Taşeron - Alfa,300,340,106020,111980,Muaf,2026-02-14,2026-03-01,2026-02-14,2026-03-06,5,Hava Muhalefeti,Tamamlandı,100
NB-504 (Askeri Gemi),BLK-189,Gövde,Erdemir,Kızak 2,114,Donatım,Taşeron - Beta,286,286,97812,97812,Muaf,2026-03-08,2026-03-21,2026-03-08,2026-03-21,0,Yok,Tamamlandı,100
NB-504 (Askeri Gemi),BLK-190,Makine Dairesi,Kardemir,Kızak 1,167,Kesim,Taşeron - Omega,90,90,76152,76152,Muaf,2025-10-30,2025-11-05,2025-10-30,2025-11-05,0,Yok,Tamamlandı,100
NB-504 (Askeri Gemi),BLK-190,Makine Dairesi,Kardemir,Kızak 1,167,Ön Montaj,Taşeron - Omega,126,126,133266,133266,Geçti,2025-11-07,2025-11-21,2025-11-07,2025-11-21,0,Yok,Tamamlandı,100
NB-504 (Askeri Gemi),BLK-190,Makine Dairesi,Kardemir,Kızak 1,167,Montaj,Dahili Ekip,391,479,147628,163314,Geçti,2025-11-22,2025-12-09,2025-11-22,2025-12-20,11,Hava Muhalefeti,Tamamlandı,100
NB-504 (Askeri Gemi),BLK-190,Makine Dairesi,Kardemir,Kızak 1,167,Kaynak,Dahili Ekip,238,238,133266,133266,Geçti,2025-12-21,2026-01-04,2025-12-21,2026-01-04,0,Yok,Tamamlandı,100
NB-504 (Askeri Gemi),BLK-190,Makine Dairesi,Kardemir,Kızak 1,167,Boyama,Dahili Ekip,320,416,213760,217582,Muaf,2026-01-06,2026-01-26,2026-01-06,2026-02-01,6,Ekipman/Vinç Arızası,Tamamlandı,100
NB-504 (Askeri Gemi),BLK-190,Makine Dairesi,Kardemir,Kızak 1,167,Donatım,Taşeron - Alfa,220,304,146960,151909,Geçti,2026-02-03,2026-02-14,2026-02-03,2026-02-21,7,Hava Muhalefeti,Tamamlandı,100
NB-504 (Askeri Gemi),BLK-191,Makine Dairesi,Yerel Tedarikçi A.Ş.,Açık Saha Donatım,75,Kesim,Taşeron - Alfa,154,154,33075,33075,Muaf,2025-11-12,2025-11-19,2025-11-12,2025-11-19,0,Yok,Tamamlandı,100
NB-504 (Askeri Gemi),BLK-191,Makine Dairesi,Yerel Tedarikçi A.Ş.,Açık Saha Donatım,75,Ön Montaj,Dahili Ekip,264,312,57750,63598,Geçti,2025-11-20,2025-12-01,2025-11-20,2025-12-05,4,Kalite Reddi (NDT),Tamamlandı,100
NB-504 (Askeri Gemi),BLK-191,Makine Dairesi,Yerel Tedarikçi A.Ş.,Açık Saha Donatım,75,Montaj,Dahili Ekip,99,162,48675,58944,Geçti,2025-12-06,2025-12-17,2025-12-06,2025-12-24,7,Hava Muhalefeti,Tamamlandı,100
NB-504 (Askeri Gemi),BLK-191,Makine Dairesi,Yerel Tedarikçi A.Ş.,Açık Saha Donatım,75,Kaynak,Taşeron - Alfa,216,271,59400,66480,Geçti,2025-12-25,2026-01-06,2025-12-25,2026-01-11,5,Ekipman/Vinç Arızası,Tamamlandı,100
NB-504 (Askeri Gemi),BLK-191,Makine Dairesi,Yerel Tedarikçi A.Ş.,Açık Saha Donatım,75,Boyama,Taşeron - Beta,192,232,69600,71648,Muaf,2026-01-12,2026-01-28,2026-01-12,2026-02-01,4,Kalite Reddi (NDT),Tamamlandı,100
NB-504 (Askeri Gemi),BLK-191,Makine Dairesi,Yerel Tedarikçi A.Ş.,Açık Saha Donatım,75,Donatım,Taşeron - Beta,126,190,61950,66150,Geçti,2026-02-03,2026-02-17,2026-02-03,2026-02-21,4,Hava Muhalefeti,Tamamlandı,100
NB-504 (Askeri Gemi),BLK-192,Çift Dip (Double Bottom),ThyssenKrupp,Kuru Havuz A,117,Kesim,Taşeron - Alfa,161,161,59787,59787,Muaf,2025-11-25,2025-12-02,2025-11-25,2025-12-02,0,Yok,Tamamlandı,100
NB-504 (Askeri Gemi),BLK-192,Çift Dip (Double Bottom),ThyssenKrupp,Kuru Havuz A,117,Ön Montaj,Taşeron - Omega,320,441,135720,145741,Geçti,2025-12-04,2025-12-24,2025-12-04,2026-01-04,11,Malzeme Eksikliği,Tamamlandı,100
NB-504 (Askeri Gemi),BLK-192,Çift Dip (Double Bottom),ThyssenKrupp,Kuru Havuz A,117,Montaj,Dahili Ekip,196,328,114660,128201,Geçti,2026-01-06,2026-01-20,2026-01-06,2026-01-31,11,İşgücü Yetersizliği,Tamamlandı,100
NB-504 (Askeri Gemi),BLK-192,Çift Dip (Double Bottom),ThyssenKrupp,Kuru Havuz A,117,Kaynak,Dahili Ekip,176,176,100386,100386,Geçti,2026-02-01,2026-02-12,2026-02-01,2026-02-12,0,Yok,Tamamlandı,100
NB-504 (Askeri Gemi),BLK-192,Çift Dip (Double Bottom),ThyssenKrupp,Kuru Havuz A,117,Boyama,Taşeron - Omega,100,100,86580,86580,Muaf,2026-02-14,2026-02-24,2026-02-14,2026-02-24,0,Yok,Tamamlandı,100
NB-504 (Askeri Gemi),BLK-192,Çift Dip (Double Bottom),ThyssenKrupp,Kuru Havuz A,117,Donatım,Dahili Ekip,420,420,159120,159120,Muaf,2026-02-26,2026-03-18,2026-02-26,2026-03-18,0,Yok,Tamamlandı,100
NB-504 (Askeri Gemi),BLK-193,Çift Dip (Double Bottom),ThyssenKrupp,Kızak 2,60,Kesim,Taşeron - Omega,138,202,22320,27840,Geçti,2025-11-13,2025-11-19,2025-11-13,2025-11-23,4,Ekipman/Vinç Arızası,Tamamlandı,100
NB-504 (Askeri Gemi),BLK-193,Çift Dip (Double Bottom),ThyssenKrupp,Kızak 2,60,Ön Montaj,Dahili Ekip,288,420,63720,77547,Kaldı - Yeniden İşlem,2025-11-25,2025-12-13,2025-11-25,2025-12-24,11,Ekipman/Vinç Arızası,Tamamlandı,100
NB-504 (Askeri Gemi),BLK-193,Çift Dip (Double Bottom),ThyssenKrupp,Kızak 2,60,Montaj,Taşeron - Omega,255,325,74460,79445,Geçti,2025-12-25,2026-01-11,2025-12-25,2026-01-16,5,Malzeme Eksikliği,Tamamlandı,100
NB-504 (Askeri Gemi),BLK-193,Çift Dip (Double Bottom),ThyssenKrupp,Kızak 2,60,Kaynak,Taşeron - Alfa,99,99,42120,42120,Geçti,2026-01-18,2026-01-27,2026-01-18,2026-01-27,0,Yok,Tamamlandı,100
NB-504 (Askeri Gemi),BLK-193,Çift Dip (Double Bottom),ThyssenKrupp,Kızak 2,60,Boyama,Taşeron - Beta,315,315,60300,60300,Muaf,2026-01-29,2026-02-13,2026-01-29,2026-02-13,0,Yok,Tamamlandı,100
NB-504 (Askeri Gemi),BLK-193,Çift Dip (Double Bottom),ThyssenKrupp,Kızak 2,60,Donatım,Taşeron - Beta,168,168,48720,48720,Muaf,2026-02-15,2026-03-01,2026-02-15,2026-03-01,0,Yok,Tamamlandı,100
NB-504 (Askeri Gemi),BLK-194,Gövde,Kardemir,Kuru Havuz B,89,Kesim,Dahili Ekip,27,111,16287,22370,Geçti,2025-10-18,2025-10-21,2025-10-18,2025-10-28,7,Malzeme Eksikliği,Tamamlandı,100
NB-504 (Askeri Gemi),BLK-194,Gövde,Kardemir,Kuru Havuz B,89,Ön Montaj,Taşeron - Alfa,208,373,82592,97629,Geçti,2025-10-29,2025-11-14,2025-10-29,2025-11-25,11,İşgücü Yetersizliği,Tamamlandı,100
NB-504 (Askeri Gemi),BLK-194,Gövde,Kardemir,Kuru Havuz B,89,Montaj,Taşeron - Omega,285,345,85440,93576,Geçti,2025-11-27,2025-12-12,2025-11-27,2025-12-18,6,Ekipman/Vinç Arızası,Tamamlandı,100
NB-504 (Askeri Gemi),BLK-194,Gövde,Kardemir,Kuru Havuz B,89,Kaynak,Taşeron - Alfa,240,328,66216,75384,Kaldı - Yeniden İşlem,2025-12-19,2025-12-31,2025-12-19,2026-01-08,8,Kalite Reddi (NDT),Tamamlandı,100
NB-504 (Askeri Gemi),BLK-194,Gövde,Kardemir,Kuru Havuz B,89,Boyama,Taşeron - Omega,120,120,69420,69420,Muaf,2026-01-10,2026-01-20,2026-01-10,2026-01-20,0,Yok,Tamamlandı,100
NB-504 (Askeri Gemi),BLK-194,Gövde,Kardemir,Kuru Havuz B,89,Donatım,Dahili Ekip,288,288,96120,96120,Muaf,2026-01-21,2026-02-08,2026-01-21,2026-02-08,0,Yok,Tamamlandı,100
NB-501 (Kimyasal Tanker),BLK-195,Üst Bina,Yerel Tedarikçi A.Ş.,Kuru Havuz B,114,Kesim,Taşeron - Omega,60,132,20862,33993,Geçti,2025-12-19,2025-12-22,2025-12-19,2025-12-31,9,Kalite Reddi (NDT),Tamamlandı,100
NB-501 (Kimyasal Tanker),BLK-195,Üst Bina,Yerel Tedarikçi A.Ş.,Kuru Havuz B,114,Ön Montaj,Taşeron - Omega,221,221,110466,110466,Geçti,2026-01-01,2026-01-18,2026-01-01,2026-01-18,0,Yok,Tamamlandı,100
NB-501 (Kimyasal Tanker),BLK-195,Üst Bina,Yerel Tedarikçi A.Ş.,Kuru Havuz B,114,Montaj,Taşeron - Omega,280,280,119700,119700,Geçti,2026-01-20,2026-02-03,2026-01-20,2026-02-03,0,Yok,Tamamlandı,100
NB-501 (Kimyasal Tanker),BLK-195,Üst Bina,Yerel Tedarikçi A.Ş.,Kuru Havuz B,114,Kaynak,Dahili Ekip,144,248,71820,82964,Kaldı - Yeniden İşlem,2026-02-04,2026-02-13,2026-02-04,2026-02-21,8,Kalite Reddi (NDT),Tamamlandı,100
NB-501 (Kimyasal Tanker),BLK-195,Üst Bina,Yerel Tedarikçi A.Ş.,Kuru Havuz B,114,Boyama,Taşeron - Alfa,256,256,107616,107616,Muaf,2026-02-22,2026-03-10,2026-02-22,2026-03-10,0,Yok,Tamamlandı,100
NB-501 (Kimyasal Tanker),BLK-195,Üst Bina,Yerel Tedarikçi A.Ş.,Kuru Havuz B,114,Donatım,Taşeron - Alfa,384,414,107616,110438,Geçti,2026-03-12,2026-03-28,2026-03-12,2026-03-30,2,Malzeme Eksikliği,Tamamlandı,100
NB-503 (Kuru Yük),BLK-196,Üst Bina,ThyssenKrupp,Kızak 2,74,Kesim,Taşeron - Beta,54,54,12876,12876,Muaf,2025-10-14,2025-10-17,2025-10-14,2025-10-17,0,Yok,Tamamlandı,100
NB-503 (Kuru Yük),BLK-196,Üst Bina,ThyssenKrupp,Kızak 2,74,Ön Montaj,Dahili Ekip,270,314,58830,61494,Geçti,2025-10-19,2025-11-03,2025-10-19,2025-11-07,4,Kalite Reddi (NDT),Tamamlandı,100
NB-503 (Kuru Yük),BLK-196,Üst Bina,ThyssenKrupp,Kızak 2,74,Montaj,Dahili Ekip,342,342,106560,106560,Geçti,2025-11-09,2025-11-27,2025-11-09,2025-11-27,0,Yok,Tamamlandı,100
NB-503 (Kuru Yük),BLK-196,Üst Bina,ThyssenKrupp,Kızak 2,74,Kaynak,Taşeron - Beta,176,208,58608,62584,Kaldı - Yeniden İşlem,2025-11-28,2025-12-09,2025-11-28,2025-12-13,4,Kalite Reddi (NDT),Tamamlandı,100
NB-503 (Kuru Yük),BLK-196,Üst Bina,ThyssenKrupp,Kızak 2,74,Boyama,Dahili Ekip,352,352,62752,62752,Muaf,2025-12-14,2025-12-30,2025-12-14,2025-12-30,0,Yok,Tamamlandı,100
NB-503 (Kuru Yük),BLK-196,Üst Bina,ThyssenKrupp,Kızak 2,74,Donatım,Taşeron - Alfa,336,336,78144,78144,Muaf,2026-01-01,2026-01-17,2026-01-01,2026-01-17,0,Yok,Tamamlandı,100
NB-504 (Askeri Gemi),BLK-197,Tank,Kardemir,Kızak 2,118,Kesim,Dahili Ekip,161,161,54516,54516,Muaf,2025-11-21,2025-11-28,2025-11-21,2025-11-28,0,Yok,Tamamlandı,100
NB-504 (Askeri Gemi),BLK-197,Tank,Kardemir,Kızak 2,118,Ön Montaj,Taşeron - Alfa,171,279,125552,130223,Geçti,2025-11-29,2025-12-18,2025-11-29,2025-12-27,9,Kalite Reddi (NDT),Tamamlandı,100
NB-504 (Askeri Gemi),BLK-197,Tank,Kardemir,Kızak 2,118,Montaj,Taşeron - Beta,190,190,71980,71980,Geçti,2025-12-29,2026-01-08,2025-12-29,2026-01-08,0,Yok,Tamamlandı,100
NB-504 (Askeri Gemi),BLK-197,Tank,Kardemir,Kızak 2,118,Kaynak,Dahili Ekip,210,210,115640,115640,Geçti,2026-01-09,2026-01-23,2026-01-09,2026-01-23,0,Yok,Tamamlandı,100
NB-504 (Askeri Gemi),BLK-197,Tank,Kardemir,Kızak 2,118,Boyama,Taşeron - Omega,156,178,81302,82628,Muaf,2026-01-24,2026-02-06,2026-01-24,2026-02-08,2,Hava Muhalefeti,Tamamlandı,100
NB-504 (Askeri Gemi),BLK-197,Tank,Kardemir,Kızak 2,118,Donatım,Taşeron - Beta,396,396,169920,169920,Muaf,2026-02-10,2026-02-28,2026-02-10,2026-02-28,0,Yok,Tamamlandı,100
NB-503 (Kuru Yük),BLK-198,Gövde,Erdemir,Açık Saha Donatım,144,Kesim,Taşeron - Beta,60,60,44064,44064,Muaf,2025-12-26,2026-01-01,2025-12-26,2026-01-01,0,Yok,Tamamlandı,100
NB-503 (Kuru Yük),BLK-198,Gövde,Erdemir,Açık Saha Donatım,144,Ön Montaj,Taşeron - Alfa,280,280,158400,158400,Geçti,2026-01-02,2026-01-22,2026-01-02,2026-01-22,0,Yok,Tamamlandı,100
NB-503 (Kuru Yük),BLK-198,Gövde,Erdemir,Açık Saha Donatım,144,Montaj,Taşeron - Alfa,228,228,183312,183312,Geçti,2026-01-23,2026-02-11,2026-01-23,2026-02-11,0,Yok,Tamamlandı,100
NB-503 (Kuru Yük),BLK-198,Gövde,Erdemir,Açık Saha Donatım,144,Kaynak,Taşeron - Alfa,144,284,71280,76440,Geçti,2026-02-13,2026-02-22,2026-02-13,2026-03-04,10,Malzeme Eksikliği,Tamamlandı,100
NB-503 (Kuru Yük),BLK-198,Gövde,Erdemir,Açık Saha Donatım,144,Boyama,Taşeron - Alfa,231,231,107712,107712,Muaf,2026-03-05,2026-03-16,2026-03-05,2026-03-16,0,Yok,Tamamlandı,100
NB-503 (Kuru Yük),BLK-198,Gövde,Erdemir,Açık Saha Donatım,144,Donatım,Dahili Ekip,230,422,105120,116532,Geçti,2026-03-18,2026-03-28,2026-03-18,2026-04-09,12,Ekipman/Vinç Arızası,Tamamlandı,100
NB-501 (Kimyasal Tanker),BLK-199,Çift Dip (Double Bottom),SSAB,Kızak 2,41,Kesim,Taşeron - Omega,112,112,16933,16933,Muaf,2025-11-07,2025-11-14,2025-11-07,2025-11-14,0,Yok,Tamamlandı,100
NB-501 (Kimyasal Tanker),BLK-199,Çift Dip (Double Bottom),SSAB,Kızak 2,41,Ön Montaj,Taşeron - Beta,144,144,35424,35424,Geçti,2025-11-15,2025-11-27,2025-11-15,2025-11-27,0,Yok,Tamamlandı,100
NB-501 (Kimyasal Tanker),BLK-199,Çift Dip (Double Bottom),SSAB,Kızak 2,41,Montaj,Taşeron - Alfa,238,370,30422,39782,Geçti,2025-11-29,2025-12-13,2025-11-29,2025-12-25,12,Ekipman/Vinç Arızası,Tamamlandı,100
NB-501 (Kimyasal Tanker),BLK-199,Çift Dip (Double Bottom),SSAB,Kızak 2,41,Kaynak,Taşeron - Alfa,190,190,26240,26240,Geçti,2025-12-26,2026-01-05,2025-12-26,2026-01-05,0,Yok,Tamamlandı,100
NB-501 (Kimyasal Tanker),BLK-199,Çift Dip (Double Bottom),SSAB,Kızak 2,41,Boyama,Dahili Ekip,136,136,50184,50184,Muaf,2026-01-06,2026-01-23,2026-01-06,2026-01-23,0,Yok,Tamamlandı,100
NB-501 (Kimyasal Tanker),BLK-199,Çift Dip (Double Bottom),SSAB,Kızak 2,41,Donatım,Taşeron - Alfa,204,204,29520,29520,Muaf,2026-01-24,2026-02-05,2026-01-24,2026-02-05,0,Yok,Tamamlandı,100
NB-503 (Kuru Yük),BLK-200,Çift Dip (Double Bottom),Erdemir,Kuru Havuz A,46,Kesim,Dahili Ekip,60,60,10074,10074,Muaf,2025-10-23,2025-10-26,2025-10-23,2025-10-26,0,Yok,Tamamlandı,100
NB-503 (Kuru Yük),BLK-200,Çift Dip (Double Bottom),Erdemir,Kuru Havuz A,46,Ön Montaj,Taşeron - Omega,117,117,30498,30498,Geçti,2025-10-28,2025-11-10,2025-10-28,2025-11-10,0,Yok,Tamamlandı,100
NB-503 (Kuru Yük),BLK-200,Çift Dip (Double Bottom),Erdemir,Kuru Havuz A,46,Montaj,Taşeron - Omega,437,437,48944,48944,Geçti,2025-11-12,2025-12-01,2025-11-12,2025-12-01,0,Yok,Tamamlandı,100
NB-503 (Kuru Yük),BLK-200,Çift Dip (Double Bottom),Erdemir,Kuru Havuz A,46,Kaynak,Taşeron - Alfa,132,324,25806,39858,Kaldı - Yeniden İşlem,2025-12-02,2025-12-13,2025-12-02,2025-12-25,12,Kalite Reddi (NDT),Tamamlandı,100
NB-503 (Kuru Yük),BLK-200,Çift Dip (Double Bottom),Erdemir,Kuru Havuz A,46,Boyama,Taşeron - Alfa,143,143,47840,47840,Muaf,2025-12-26,2026-01-08,2025-12-26,2026-01-08,0,Yok,Tamamlandı,100
NB-503 (Kuru Yük),BLK-200,Çift Dip (Double Bottom),Erdemir,Kuru Havuz A,46,Donatım,Taşeron - Omega,99,99,35420,35420,Muaf,2026-01-10,2026-01-21,2026-01-10,2026-01-21,0,Yok,Tamamlandı,100
NB-503 (Kuru Yük),BLK-201,Tank,Erdemir,Kızak 2,57,Kesim,Dahili Ekip,57,200,11799,24790,Geçti,2025-11-04,2025-11-07,2025-11-04,2025-11-18,11,Malzeme Eksikliği,Tamamlandı,100
NB-503 (Kuru Yük),BLK-201,Tank,Erdemir,Kızak 2,57,Ön Montaj,Taşeron - Beta,240,240,54720,54720,Geçti,2025-11-19,2025-12-04,2025-11-19,2025-12-04,0,Yok,Tamamlandı,100
NB-503 (Kuru Yük),BLK-201,Tank,Erdemir,Kızak 2,57,Montaj,Dahili Ekip,255,343,60078,70214,Geçti,2025-12-05,2025-12-22,2025-12-05,2025-12-30,8,İşgücü Yetersizliği,Tamamlandı,100
NB-503 (Kuru Yük),BLK-201,Tank,Erdemir,Kızak 2,57,Kaynak,Dahili Ekip,133,277,31122,36360,Kaldı - Yeniden İşlem,2025-12-31,2026-01-07,2025-12-31,2026-01-16,9,Kalite Reddi (NDT),Tamamlandı,100
NB-503 (Kuru Yük),BLK-201,Tank,Erdemir,Kızak 2,57,Boyama,Taşeron - Alfa,180,219,34770,38349,Muaf,2026-01-18,2026-01-28,2026-01-18,2026-01-31,3,Hava Muhalefeti,Tamamlandı,100
NB-503 (Kuru Yük),BLK-201,Tank,Erdemir,Kızak 2,57,Donatım,Taşeron - Omega,264,264,54036,54036,Muaf,2026-02-02,2026-02-14,2026-02-02,2026-02-14,0,Yok,Tamamlandı,100
NB-504 (Askeri Gemi),BLK-202,Tank,ThyssenKrupp,Kızak 2,69,Kesim,Taşeron - Alfa,140,218,28014,31020,Geçti,2025-11-27,2025-12-04,2025-11-27,2025-12-10,6,Malzeme Eksikliği,Tamamlandı,100
NB-504 (Askeri Gemi),BLK-202,Tank,ThyssenKrupp,Kızak 2,69,Ön Montaj,Taşeron - Omega,180,180,75555,75555,Geçti,2025-12-11,2025-12-26,2025-12-11,2025-12-26,0,Yok,Tamamlandı,100
NB-504 (Askeri Gemi),BLK-202,Tank,ThyssenKrupp,Kızak 2,69,Montaj,Taşeron - Beta,220,220,47817,47817,Geçti,2025-12-28,2026-01-08,2025-12-28,2026-01-08,0,Yok,Tamamlandı,100
NB-504 (Askeri Gemi),BLK-202,Tank,ThyssenKrupp,Kızak 2,69,Kaynak,Taşeron - Beta,180,230,38502,43022,Kaldı - Yeniden İşlem,2026-01-10,2026-01-19,2026-01-10,2026-01-24,5,Kalite Reddi (NDT),Tamamlandı,100
NB-504 (Askeri Gemi),BLK-202,Tank,ThyssenKrupp,Kızak 2,69,Boyama,Dahili Ekip,220,260,46920,50376,Muaf,2026-01-25,2026-02-04,2026-01-25,2026-02-08,4,Hava Muhalefeti,Tamamlandı,100
NB-504 (Askeri Gemi),BLK-202,Tank,ThyssenKrupp,Kızak 2,69,Donatım,Taşeron - Beta,210,210,44160,44160,Muaf,2026-02-10,2026-02-20,2026-02-10,2026-02-20,0,Yok,Tamamlandı,100
NB-504 (Askeri Gemi),BLK-203,Tank,SSAB,Kuru Havuz B,131,Kesim,Dahili Ekip,52,52,26200,26200,Muaf,2025-12-07,2025-12-11,2025-12-07,2025-12-11,0,Yok,Tamamlandı,100
NB-504 (Askeri Gemi),BLK-203,Tank,SSAB,Kuru Havuz B,131,Ön Montaj,Taşeron - Omega,180,279,134406,142551,Geçti,2025-12-13,2025-12-31,2025-12-13,2026-01-09,9,Kalite Reddi (NDT),Tamamlandı,100
NB-504 (Askeri Gemi),BLK-203,Tank,SSAB,Kuru Havuz B,131,Montaj,Taşeron - Omega,255,309,155235,159843,Geçti,2026-01-10,2026-01-25,2026-01-10,2026-01-31,6,İşgücü Yetersizliği,Tamamlandı,100
NB-504 (Askeri Gemi),BLK-203,Tank,SSAB,Kuru Havuz B,131,Kaynak,Dahili Ekip,154,274,93534,101470,Geçti,2026-02-01,2026-02-15,2026-02-01,2026-02-23,8,Ekipman/Vinç Arızası,Tamamlandı,100
NB-504 (Askeri Gemi),BLK-203,Tank,SSAB,Kuru Havuz B,131,Boyama,Taşeron - Omega,323,323,126939,126939,Muaf,2026-02-24,2026-03-13,2026-02-24,2026-03-13,0,Yok,Tamamlandı,100
NB-504 (Askeri Gemi),BLK-203,Tank,SSAB,Kuru Havuz B,131,Donatım,Dahili Ekip,352,352,155104,155104,Muaf,2026-03-15,2026-03-31,2026-03-15,2026-03-31,0,Yok,Tamamlandı,100
NB-501 (Kimyasal Tanker),BLK-204,Makine Dairesi,SSAB,Kızak 2,92,Kesim,Taşeron - Beta,78,102,41952,45813,Geçti,2025-11-18,2025-11-24,2025-11-18,2025-11-27,3,Ekipman/Vinç Arızası,Tamamlandı,100
NB-501 (Kimyasal Tanker),BLK-204,Makine Dairesi,SSAB,Kızak 2,92,Ön Montaj,Taşeron - Beta,140,140,50600,50600,Geçti,2025-11-28,2025-12-08,2025-11-28,2025-12-08,0,Yok,Tamamlandı,100
NB-501 (Kimyasal Tanker),BLK-204,Makine Dairesi,SSAB,Kızak 2,92,Montaj,Taşeron - Alfa,171,171,87400,87400,Geçti,2025-12-09,2025-12-28,2025-12-09,2025-12-28,0,Yok,Tamamlandı,100
NB-501 (Kimyasal Tanker),BLK-204,Makine Dairesi,SSAB,Kızak 2,92,Kaynak,Taşeron - Omega,169,169,71760,71760,Geçti,2025-12-29,2026-01-11,2025-12-29,2026-01-11,0,Yok,Tamamlandı,100
NB-501 (Kimyasal Tanker),BLK-204,Makine Dairesi,SSAB,Kızak 2,92,Boyama,Taşeron - Alfa,230,248,58880,60810,Muaf,2026-01-13,2026-01-23,2026-01-13,2026-01-25,2,Hava Muhalefeti,Tamamlandı,100
NB-501 (Kimyasal Tanker),BLK-204,Makine Dairesi,SSAB,Kızak 2,92,Donatım,Taşeron - Beta,322,514,81144,96420,Geçti,2026-01-26,2026-02-09,2026-01-26,2026-02-21,12,Hava Muhalefeti,Tamamlandı,100
NB-502 (Römorkör),BLK-205,Çift Dip (Double Bottom),SSAB,Kızak 1,125,Kesim,Dahili Ekip,108,108,51000,51000,Muaf,2025-11-15,2025-11-21,2025-11-15,2025-11-21,0,Yok,Tamamlandı,100
NB-502 (Römorkör),BLK-205,Çift Dip (Double Bottom),SSAB,Kızak 1,125,Ön Montaj,Taşeron - Beta,121,121,110000,110000,Geçti,2025-11-23,2025-12-04,2025-11-23,2025-12-04,0,Yok,Tamamlandı,100
NB-502 (Römorkör),BLK-205,Çift Dip (Double Bottom),SSAB,Kızak 1,125,Montaj,Taşeron - Omega,150,174,138750,142590,Geçti,2025-12-05,2025-12-20,2025-12-05,2025-12-23,3,Ekipman/Vinç Arızası,Tamamlandı,100
NB-502 (Römorkör),BLK-205,Çift Dip (Double Bottom),SSAB,Kızak 1,125,Kaynak,Taşeron - Omega,126,126,110250,110250,Geçti,2025-12-24,2026-01-07,2025-12-24,2026-01-07,0,Yok,Tamamlandı,100
NB-502 (Römorkör),BLK-205,Çift Dip (Double Bottom),SSAB,Kızak 1,125,Boyama,Taşeron - Beta,255,255,110625,110625,Muaf,2026-01-08,2026-01-23,2026-01-08,2026-01-23,0,Yok,Tamamlandı,100
NB-502 (Römorkör),BLK-205,Çift Dip (Double Bottom),SSAB,Kızak 1,125,Donatım,Taşeron - Omega,112,175,131250,140105,Geçti,2026-01-24,2026-02-07,2026-01-24,2026-02-14,7,Hava Muhalefeti,Tamamlandı,100
NB-503 (Kuru Yük),BLK-206,Üst Bina,Yerel Tedarikçi A.Ş.,Açık Saha Donatım,66,Kesim,Taşeron - Alfa,80,80,22440,22440,Muaf,2025-12-15,2025-12-20,2025-12-15,2025-12-20,0,Yok,Tamamlandı,100
NB-503 (Kuru Yük),BLK-206,Üst Bina,Yerel Tedarikçi A.Ş.,Açık Saha Donatım,66,Ön Montaj,Dahili Ekip,169,169,57486,57486,Geçti,2025-12-21,2026-01-03,2025-12-21,2026-01-03,0,Yok,Tamamlandı,100
NB-503 (Kuru Yük),BLK-206,Üst Bina,Yerel Tedarikçi A.Ş.,Açık Saha Donatım,66,Montaj,Dahili Ekip,253,286,58080,61737,Geçti,2026-01-04,2026-01-15,2026-01-04,2026-01-18,3,Kalite Reddi (NDT),Tamamlandı,100
NB-503 (Kuru Yük),BLK-206,Üst Bina,Yerel Tedarikçi A.Ş.,Açık Saha Donatım,66,Kaynak,Dahili Ekip,90,90,46200,46200,Geçti,2026-01-20,2026-01-30,2026-01-20,2026-01-30,0,Yok,Tamamlandı,100
NB-503 (Kuru Yük),BLK-206,Üst Bina,Yerel Tedarikçi A.Ş.,Açık Saha Donatım,66,Boyama,Dahili Ekip,120,120,57816,57816,Muaf,2026-01-31,2026-02-12,2026-01-31,2026-02-12,0,Yok,Tamamlandı,100
NB-503 (Kuru Yük),BLK-206,Üst Bina,Yerel Tedarikçi A.Ş.,Açık Saha Donatım,66,Donatım,Taşeron - Alfa,247,331,60060,66010,Geçti,2026-02-13,2026-02-26,2026-02-13,2026-03-05,7,İşgücü Yetersizliği,Tamamlandı,100
NB-501 (Kimyasal Tanker),BLK-207,Tank,Kardemir,Kuru Havuz A,56,Kesim,Taşeron - Beta,138,138,20832,20832,Muaf,2025-12-12,2025-12-18,2025-12-12,2025-12-18,0,Yok,Tamamlandı,100
NB-501 (Kimyasal Tanker),BLK-207,Tank,Kardemir,Kuru Havuz A,56,Ön Montaj,Taşeron - Alfa,220,220,43120,43120,Geçti,2025-12-19,2025-12-30,2025-12-19,2025-12-30,0,Yok,Tamamlandı,100
NB-501 (Kimyasal Tanker),BLK-207,Tank,Kardemir,Kuru Havuz A,56,Montaj,Taşeron - Omega,253,323,41888,49343,Geçti,2025-12-31,2026-01-11,2025-12-31,2026-01-18,7,Malzeme Eksikliği,Tamamlandı,100
NB-501 (Kimyasal Tanker),BLK-207,Tank,Kardemir,Kuru Havuz A,56,Kaynak,Dahili Ekip,130,130,30240,30240,Geçti,2026-01-19,2026-01-29,2026-01-19,2026-01-29,0,Yok,Tamamlandı,100
NB-501 (Kimyasal Tanker),BLK-207,Tank,Kardemir,Kuru Havuz A,56,Boyama,Taşeron - Alfa,209,209,68096,68096,Muaf,2026-01-30,2026-02-18,2026-01-30,2026-02-18,0,Yok,Tamamlandı,100
NB-501 (Kimyasal Tanker),BLK-207,Tank,Kardemir,Kuru Havuz A,56,Donatım,Taşeron - Omega,360,392,59640,62476,Geçti,2026-02-19,2026-03-06,2026-02-19,2026-03-08,2,Malzeme Eksikliği,Tamamlandı,100
NB-501 (Kimyasal Tanker),BLK-208,Üst Bina,ThyssenKrupp,Açık Saha Donatım,36,Kesim,Dahili Ekip,154,154,13104,13104,Muaf,2025-12-25,2026-01-01,2025-12-25,2026-01-01,0,Yok,Tamamlandı,100
NB-501 (Kimyasal Tanker),BLK-208,Üst Bina,ThyssenKrupp,Açık Saha Donatım,36,Ön Montaj,Dahili Ekip,130,130,23868,23868,Geçti,2026-01-02,2026-01-15,2026-01-02,2026-01-15,0,Yok,Tamamlandı,100
NB-501 (Kimyasal Tanker),BLK-208,Üst Bina,ThyssenKrupp,Açık Saha Donatım,36,Montaj,Taşeron - Beta,180,180,44640,44640,Geçti,2026-01-16,2026-02-05,2026-01-16,2026-02-05,0,Yok,Tamamlandı,100
NB-501 (Kimyasal Tanker),BLK-208,Üst Bina,ThyssenKrupp,Açık Saha Donatım,36,Kaynak,Dahili Ekip,154,282,31284,40508,Kaldı - Yeniden İşlem,2026-02-07,2026-02-18,2026-02-07,2026-02-26,8,Kalite Reddi (NDT),Tamamlandı,100
NB-501 (Kimyasal Tanker),BLK-208,Üst Bina,ThyssenKrupp,Açık Saha Donatım,36,Boyama,Taşeron - Omega,196,196,29232,29232,Muaf,2026-02-28,2026-03-14,2026-02-28,2026-03-14,0,Yok,Tamamlandı,100
NB-501 (Kimyasal Tanker),BLK-208,Üst Bina,ThyssenKrupp,Açık Saha Donatım,36,Donatım,Taşeron - Beta,408,408,47736,47736,Muaf,2026-03-15,2026-04-01,2026-03-15,2026-04-01,0,Yok,Tamamlandı,100
NB-502 (Römorkör),BLK-209,Çift Dip (Double Bottom),SSAB,Açık Saha Donatım,100,Kesim,Taşeron - Omega,133,287,48300,61148,Geçti,2025-11-02,2025-11-09,2025-11-02,2025-11-20,11,İşgücü Yetersizliği,Tamamlandı,100
NB-502 (Römorkör),BLK-209,Çift Dip (Double Bottom),SSAB,Açık Saha Donatım,100,Ön Montaj,Taşeron - Beta,168,168,78400,78400,Geçti,2025-11-22,2025-12-06,2025-11-22,2025-12-06,0,Yok,Tamamlandı,100
NB-502 (Römorkör),BLK-209,Çift Dip (Double Bottom),SSAB,Açık Saha Donatım,100,Montaj,Taşeron - Beta,170,170,122400,122400,Geçti,2025-12-07,2025-12-24,2025-12-07,2025-12-24,0,Yok,Tamamlandı,100
NB-502 (Römorkör),BLK-209,Çift Dip (Double Bottom),SSAB,Açık Saha Donatım,100,Kaynak,Taşeron - Alfa,240,317,66000,74526,Kaldı - Yeniden İşlem,2025-12-26,2026-01-07,2025-12-26,2026-01-14,7,Kalite Reddi (NDT),Tamamlandı,100
NB-502 (Römorkör),BLK-209,Çift Dip (Double Bottom),SSAB,Açık Saha Donatım,100,Boyama,Taşeron - Omega,224,288,80000,82208,Muaf,2026-01-16,2026-02-01,2026-01-16,2026-02-05,4,Hava Muhalefeti,Tamamlandı,100
NB-502 (Römorkör),BLK-209,Çift Dip (Double Bottom),SSAB,Açık Saha Donatım,100,Donatım,Taşeron - Beta,180,180,76800,76800,Muaf,2026-02-06,2026-02-18,2026-02-06,2026-02-18,0,Yok,Tamamlandı,100
NB-503 (Kuru Yük),BLK-210,Üst Bina,Yerel Tedarikçi A.Ş.,Kızak 2,132,Kesim,Taşeron - Beta,114,114,50688,50688,Muaf,2025-10-09,2025-10-15,2025-10-09,2025-10-15,0,Yok,Tamamlandı,100
NB-503 (Kuru Yük),BLK-210,Üst Bina,Yerel Tedarikçi A.Ş.,Kızak 2,132,Ön Montaj,Dahili Ekip,352,352,130944,130944,Geçti,2025-10-16,2025-11-01,2025-10-16,2025-11-01,0,Yok,Tamamlandı,100
NB-503 (Kuru Yük),BLK-210,Üst Bina,Yerel Tedarikçi A.Ş.,Kızak 2,132,Montaj,Taşeron - Beta,200,200,161040,161040,Geçti,2025-11-02,2025-11-22,2025-11-02,2025-11-22,0,Yok,Tamamlandı,100
NB-503 (Kuru Yük),BLK-210,Üst Bina,Yerel Tedarikçi A.Ş.,Kızak 2,132,Kaynak,Taşeron - Alfa,264,374,75504,85085,Kaldı - Yeniden İşlem,2025-11-23,2025-12-04,2025-11-23,2025-12-15,11,Kalite Reddi (NDT),Tamamlandı,100
NB-503 (Kuru Yük),BLK-210,Üst Bina,Yerel Tedarikçi A.Ş.,Kızak 2,132,Boyama,Dahili Ekip,342,342,152064,152064,Muaf,2025-12-16,2026-01-03,2025-12-16,2026-01-03,0,Yok,Tamamlandı,100
NB-503 (Kuru Yük),BLK-210,Üst Bina,Yerel Tedarikçi A.Ş.,Kızak 2,132,Donatım,Dahili Ekip,204,332,123552,128536,Geçti,2026-01-04,2026-01-16,2026-01-04,2026-01-24,8,İşgücü Yetersizliği,Tamamlandı,100
NB-501 (Kimyasal Tanker),BLK-211,Üst Bina,Yerel Tedarikçi A.Ş.,Kızak 2,125,Kesim,Dahili Ekip,60,60,44250,44250,Muaf,2025-11-19,2025-11-25,2025-11-19,2025-11-25,0,Yok,Tamamlandı,100
NB-501 (Kimyasal Tanker),BLK-211,Üst Bina,Yerel Tedarikçi A.Ş.,Kızak 2,125,Ön Montaj,Taşeron - Alfa,276,321,114000,116790,Geçti,2025-11-26,2025-12-08,2025-11-26,2025-12-13,5,İşgücü Yetersizliği,Tamamlandı,100
NB-501 (Kimyasal Tanker),BLK-211,Üst Bina,Yerel Tedarikçi A.Ş.,Kızak 2,125,Montaj,Taşeron - Alfa,230,230,73750,73750,Geçti,2025-12-15,2025-12-25,2025-12-15,2025-12-25,0,Yok,Tamamlandı,100
NB-501 (Kimyasal Tanker),BLK-211,Üst Bina,Yerel Tedarikçi A.Ş.,Kızak 2,125,Kaynak,Dahili Ekip,286,286,117000,117000,Geçti,2025-12-27,2026-01-09,2025-12-27,2026-01-09,0,Yok,Tamamlandı,100
NB-501 (Kimyasal Tanker),BLK-211,Üst Bina,Yerel Tedarikçi A.Ş.,Kızak 2,125,Boyama,Taşeron - Alfa,180,180,94500,94500,Muaf,2026-01-10,2026-01-22,2026-01-10,2026-01-22,0,Yok,Tamamlandı,100
NB-501 (Kimyasal Tanker),BLK-211,Üst Bina,Yerel Tedarikçi A.Ş.,Kızak 2,125,Donatım,Taşeron - Alfa,352,352,116000,116000,Muaf,2026-01-24,2026-02-09,2026-01-24,2026-02-09,0,Yok,Tamamlandı,100
NB-501 (Kimyasal Tanker),BLK-212,Tank,Kardemir,Açık Saha Donatım,63,Kesim,Taşeron - Alfa,42,70,11718,13650,Geçti,2025-10-26,2025-10-29,2025-10-26,2025-10-31,2,Hava Muhalefeti,Tamamlandı,100
NB-501 (Kimyasal Tanker),BLK-212,Tank,Kardemir,Açık Saha Donatım,63,Ön Montaj,Taşeron - Omega,160,160,75600,75600,Geçti,2025-11-01,2025-11-21,2025-11-01,2025-11-21,0,Yok,Tamamlandı,100
NB-501 (Kimyasal Tanker),BLK-212,Tank,Kardemir,Açık Saha Donatım,63,Montaj,Taşeron - Beta,256,256,60480,60480,Geçti,2025-11-22,2025-12-08,2025-11-22,2025-12-08,0,Yok,Tamamlandı,100
NB-501 (Kimyasal Tanker),BLK-212,Tank,Kardemir,Açık Saha Donatım,63,Kaynak,Taşeron - Alfa,80,80,47880,47880,Geçti,2025-12-10,2025-12-20,2025-12-10,2025-12-20,0,Yok,Tamamlandı,100
NB-501 (Kimyasal Tanker),BLK-212,Tank,Kardemir,Açık Saha Donatım,63,Boyama,Taşeron - Alfa,200,200,49140,49140,Muaf,2025-12-21,2025-12-31,2025-12-21,2025-12-31,0,Yok,Tamamlandı,100
NB-501 (Kimyasal Tanker),BLK-212,Tank,Kardemir,Açık Saha Donatım,63,Donatım,Taşeron - Omega,208,208,60606,60606,Muaf,2026-01-02,2026-01-15,2026-01-02,2026-01-15,0,Yok,Tamamlandı,100
NB-502 (Römorkör),BLK-213,Tank,Erdemir,Açık Saha Donatım,178,Kesim,Taşeron - Alfa,112,200,67284,73132,Geçti,2025-11-23,2025-11-30,2025-11-23,2025-12-08,8,İşgücü Yetersizliği,Tamamlandı,100
NB-502 (Römorkör),BLK-213,Tank,Erdemir,Açık Saha Donatım,178,Ön Montaj,Taşeron - Beta,132,132,113208,113208,Geçti,2025-12-09,2025-12-21,2025-12-09,2025-12-21,0,Yok,Tamamlandı,100
NB-502 (Römorkör),BLK-213,Tank,Erdemir,Açık Saha Donatım,178,Montaj,Taşeron - Omega,209,209,133144,133144,Geçti,2025-12-22,2026-01-02,2025-12-22,2026-01-02,0,Yok,Tamamlandı,100
NB-502 (Römorkör),BLK-213,Tank,Erdemir,Açık Saha Donatım,178,Kaynak,Taşeron - Beta,165,165,123354,123354,Geçti,2026-01-04,2026-01-15,2026-01-04,2026-01-15,0,Yok,Tamamlandı,100
NB-502 (Römorkör),BLK-213,Tank,Erdemir,Açık Saha Donatım,178,Boyama,Taşeron - Beta,192,192,224992,224992,Muaf,2026-01-16,2026-02-01,2026-01-16,2026-02-01,0,Yok,Tamamlandı,100
NB-502 (Römorkör),BLK-213,Tank,Erdemir,Açık Saha Donatım,178,Donatım,Taşeron - Alfa,272,302,193664,196559,Geçti,2026-02-03,2026-02-20,2026-02-03,2026-02-23,3,Malzeme Eksikliği,Tamamlandı,100
NB-501 (Kimyasal Tanker),BLK-214,Gövde,Kardemir,Kuru Havuz B,44,Kesim,Taşeron - Omega,60,138,12540,19320,Kaldı - Yeniden İşlem,2025-12-13,2025-12-18,2025-12-13,2025-12-24,6,İşgücü Yetersizliği,Tamamlandı,100
NB-501 (Kimyasal Tanker),BLK-214,Gövde,Kardemir,Kuru Havuz B,44,Ön Montaj,Taşeron - Omega,140,140,36960,36960,Geçti,2025-12-25,2026-01-08,2025-12-25,2026-01-08,0,Yok,Tamamlandı,100
NB-501 (Kimyasal Tanker),BLK-214,Gövde,Kardemir,Kuru Havuz B,44,Montaj,Taşeron - Omega,300,300,69520,69520,Geçti,2026-01-10,2026-01-30,2026-01-10,2026-01-30,0,Yok,Tamamlandı,100
NB-501 (Kimyasal Tanker),BLK-214,Gövde,Kardemir,Kuru Havuz B,44,Kaynak,Taşeron - Omega,143,143,36300,36300,Geçti,2026-01-31,2026-02-11,2026-01-31,2026-02-11,0,Yok,Tamamlandı,100
NB-501 (Kimyasal Tanker),BLK-214,Gövde,Kardemir,Kuru Havuz B,44,Boyama,Taşeron - Beta,280,280,30800,30800,Muaf,2026-02-13,2026-02-27,2026-02-13,2026-02-27,0,Yok,Tamamlandı,100
NB-501 (Kimyasal Tanker),BLK-214,Gövde,Kardemir,Kuru Havuz B,44,Donatım,Taşeron - Alfa,180,180,62480,62480,Muaf,2026-02-28,2026-03-20,2026-02-28,2026-03-20,0,Yok,Tamamlandı,100
NB-503 (Kuru Yük),BLK-215,Üst Bina,Yerel Tedarikçi A.Ş.,Kuru Havuz B,98,Kesim,Taşeron - Omega,161,273,34986,46226,Geçti,2025-12-09,2025-12-16,2025-12-09,2025-12-24,8,Malzeme Eksikliği,Tamamlandı,100
NB-503 (Kuru Yük),BLK-215,Üst Bina,Yerel Tedarikçi A.Ş.,Kuru Havuz B,98,Ön Montaj,Taşeron - Beta,323,323,109956,109956,Geçti,2025-12-25,2026-01-11,2025-12-25,2026-01-11,0,Yok,Tamamlandı,100
NB-503 (Kuru Yük),BLK-215,Üst Bina,Yerel Tedarikçi A.Ş.,Kuru Havuz B,98,Montaj,Taşeron - Omega,160,199,123872,127199,Geçti,2026-01-12,2026-01-28,2026-01-12,2026-01-31,3,İşgücü Yetersizliği,Tamamlandı,100
NB-503 (Kuru Yük),BLK-215,Üst Bina,Yerel Tedarikçi A.Ş.,Kuru Havuz B,98,Kaynak,Dahili Ekip,189,294,61740,67305,Geçti,2026-02-01,2026-02-10,2026-02-01,2026-02-17,7,Malzeme Eksikliği,Tamamlandı,100
NB-503 (Kuru Yük),BLK-215,Üst Bina,Yerel Tedarikçi A.Ş.,Kuru Havuz B,98,Boyama,Dahili Ekip,225,225,85260,85260,Muaf,2026-02-18,2026-03-05,2026-02-18,2026-03-05,0,Yok,Tamamlandı,100
NB-503 (Kuru Yük),BLK-215,Üst Bina,Yerel Tedarikçi A.Ş.,Kuru Havuz B,98,Donatım,Taşeron - Beta,162,162,100548,100548,Muaf,2026-03-06,2026-03-24,2026-03-06,2026-03-24,0,Yok,Tamamlandı,100
NB-504 (Askeri Gemi),BLK-216,Tank,Yerel Tedarikçi A.Ş.,Açık Saha Donatım,167,Kesim,Dahili Ekip,96,96,37408,37408,Muaf,2025-11-22,2025-11-26,2025-11-22,2025-11-26,0,Yok,Tamamlandı,100
NB-504 (Askeri Gemi),BLK-216,Tank,Yerel Tedarikçi A.Ş.,Açık Saha Donatım,167,Ön Montaj,Dahili Ekip,143,231,149799,160735,Geçti,2025-11-27,2025-12-10,2025-11-27,2025-12-18,8,Ekipman/Vinç Arızası,Tamamlandı,100
NB-504 (Askeri Gemi),BLK-216,Tank,Yerel Tedarikçi A.Ş.,Açık Saha Donatım,167,Montaj,Dahili Ekip,361,361,187207,187207,Geçti,2025-12-20,2026-01-08,2025-12-20,2026-01-08,0,Yok,Tamamlandı,100
NB-504 (Askeri Gemi),BLK-216,Tank,Yerel Tedarikçi A.Ş.,Açık Saha Donatım,167,Kaynak,Taşeron - Alfa,189,189,75150,75150,Geçti,2026-01-10,2026-01-19,2026-01-10,2026-01-19,0,Yok,Tamamlandı,100
NB-504 (Askeri Gemi),BLK-216,Tank,Yerel Tedarikçi A.Ş.,Açık Saha Donatım,167,Boyama,Taşeron - Beta,480,570,227120,233260,Muaf,2026-01-20,2026-02-09,2026-01-20,2026-02-19,10,Malzeme Eksikliği,Tamamlandı,100
NB-504 (Askeri Gemi),BLK-216,Tank,Yerel Tedarikçi A.Ş.,Açık Saha Donatım,167,Donatım,Taşeron - Alfa,162,162,162324,162324,Muaf,2026-02-21,2026-03-11,2026-02-21,2026-03-11,0,Yok,Tamamlandı,100
NB-502 (Römorkör),BLK-217,Üst Bina,Kardemir,Kuru Havuz A,169,Kesim,Dahili Ekip,66,174,38532,50394,Kaldı - Yeniden İşlem,2025-12-07,2025-12-10,2025-12-07,2025-12-19,9,İşgücü Yetersizliği,Tamamlandı,100
NB-502 (Römorkör),BLK-217,Üst Bina,Kardemir,Kuru Havuz A,169,Ön Montaj,Taşeron - Alfa,266,296,199082,200322,Geçti,2025-12-20,2026-01-08,2025-12-20,2026-01-10,2,Ekipman/Vinç Arızası,Tamamlandı,100
NB-502 (Römorkör),BLK-217,Üst Bina,Kardemir,Kuru Havuz A,169,Montaj,Taşeron - Beta,234,330,222066,225084,Geçti,2026-01-12,2026-01-30,2026-01-12,2026-02-05,6,Hava Muhalefeti,Tamamlandı,100
NB-502 (Römorkör),BLK-217,Üst Bina,Kardemir,Kuru Havuz A,169,Kaynak,Taşeron - Beta,112,176,73346,78534,Kaldı - Yeniden İşlem,2026-02-07,2026-02-14,2026-02-07,2026-02-18,4,Kalite Reddi (NDT),Tamamlandı,100
NB-502 (Römorkör),BLK-217,Üst Bina,Kardemir,Kuru Havuz A,169,Boyama,Taşeron - Beta,391,391,229840,229840,Muaf,2026-02-19,2026-03-08,2026-02-19,2026-03-08,0,Yok,Tamamlandı,100
NB-502 (Römorkör),BLK-217,Üst Bina,Kardemir,Kuru Havuz A,169,Donatım,Taşeron - Beta,272,272,135200,135200,Muaf,2026-03-09,2026-03-25,2026-03-09,2026-03-25,0,Yok,Tamamlandı,100
NB-502 (Römorkör),BLK-218,Tank,ThyssenKrupp,Kuru Havuz B,64,Kesim,Taşeron - Beta,65,257,25280,35744,Geçti,2025-11-19,2025-11-24,2025-11-19,2025-12-06,12,Hava Muhalefeti,Tamamlandı,100
NB-502 (Römorkör),BLK-218,Tank,ThyssenKrupp,Kuru Havuz B,64,Ön Montaj,Taşeron - Omega,209,209,93632,93632,Geçti,2025-12-08,2025-12-27,2025-12-08,2025-12-27,0,Yok,Tamamlandı,100
NB-502 (Römorkör),BLK-218,Tank,ThyssenKrupp,Kuru Havuz B,64,Montaj,Taşeron - Beta,126,126,54656,54656,Geçti,2025-12-29,2026-01-12,2025-12-29,2026-01-12,0,Yok,Tamamlandı,100
NB-502 (Römorkör),BLK-218,Tank,ThyssenKrupp,Kuru Havuz B,64,Kaynak,Taşeron - Alfa,112,224,31232,37994,Kaldı - Yeniden İşlem,2026-01-13,2026-01-21,2026-01-13,2026-01-28,7,Kalite Reddi (NDT),Tamamlandı,100
NB-502 (Römorkör),BLK-218,Tank,ThyssenKrupp,Kuru Havuz B,64,Boyama,Taşeron - Beta,225,225,54720,54720,Muaf,2026-01-30,2026-02-14,2026-01-30,2026-02-14,0,Yok,Tamamlandı,100
NB-502 (Römorkör),BLK-218,Tank,ThyssenKrupp,Kuru Havuz B,64,Donatım,Dahili Ekip,196,244,71680,77432,Geçti,2026-02-15,2026-03-01,2026-02-15,2026-03-05,4,Hava Muhalefeti,Tamamlandı,100
NB-504 (Askeri Gemi),BLK-219,Gövde,Yerel Tedarikçi A.Ş.,Kızak 2,66,Kesim,Taşeron - Beta,120,170,24420,28825,Geçti,2026-01-01,2026-01-06,2026-01-01,2026-01-11,5,İşgücü Yetersizliği,Tamamlandı,100
NB-504 (Askeri Gemi),BLK-219,Gövde,Yerel Tedarikçi A.Ş.,Kızak 2,66,Ön Montaj,Taşeron - Alfa,240,305,68640,75265,Geçti,2026-01-13,2026-02-02,2026-01-13,2026-02-07,5,Ekipman/Vinç Arızası,Tamamlandı,100
NB-504 (Askeri Gemi),BLK-219,Gövde,Yerel Tedarikçi A.Ş.,Kızak 2,66,Montaj,Taşeron - Omega,140,300,50820,62720,Geçti,2026-02-09,2026-02-23,2026-02-09,2026-03-05,10,İşgücü Yetersizliği,Tamamlandı,100
NB-504 (Askeri Gemi),BLK-219,Gövde,Yerel Tedarikçi A.Ş.,Kızak 2,66,Kaynak,Taşeron - Alfa,117,117,47190,47190,Geçti,2026-03-06,2026-03-19,2026-03-06,2026-03-19,0,Yok,Tamamlandı,100
NB-504 (Askeri Gemi),BLK-219,Gövde,Yerel Tedarikçi A.Ş.,Kızak 2,66,Boyama,Dahili Ekip,224,389,73920,88836,Muaf,2026-03-20,2026-04-05,2026-03-20,2026-04-16,11,İşgücü Yetersizliği,Tamamlandı,100
NB-504 (Askeri Gemi),BLK-219,Gövde,Yerel Tedarikçi A.Ş.,Kızak 2,66,Donatım,Taşeron - Beta,165,220,69300,73660,Bekliyor,2026-04-18,2026-05-03,2026-04-18,,5,Hava Muhalefeti,Devam Ediyor,65
NB-503 (Kuru Yük),BLK-220,Üst Bina,SSAB,Kızak 1,103,Kesim,Taşeron - Alfa,72,72,44496,44496,Muaf,2026-01-08,2026-01-14,2026-01-08,2026-01-14,0,Yok,Tamamlandı,100
NB-503 (Kuru Yük),BLK-220,Üst Bina,SSAB,Kızak 1,103,Ön Montaj,Taşeron - Omega,247,279,142861,144889,Geçti,2026-01-15,2026-02-03,2026-01-15,2026-02-07,4,İşgücü Yetersizliği,Tamamlandı,100
NB-503 (Kuru Yük),BLK-220,Üst Bina,SSAB,Kızak 1,103,Montaj,Taşeron - Omega,220,220,60770,60770,Geçti,2026-02-08,2026-02-18,2026-02-08,2026-02-18,0,Yok,Tamamlandı,100
NB-503 (Kuru Yük),BLK-220,Üst Bina,SSAB,Kızak 1,103,Kaynak,Taşeron - Beta,108,124,71688,72974,Geçti,2026-02-20,2026-03-04,2026-02-20,2026-03-06,2,Malzeme Eksikliği,Tamamlandı,100
NB-503 (Kuru Yük),BLK-220,Üst Bina,SSAB,Kızak 1,103,Boyama,Taşeron - Alfa,285,285,152646,152646,Muaf,2026-03-08,2026-03-27,2026-03-08,2026-03-27,0,Yok,Tamamlandı,100
NB-503 (Kuru Yük),BLK-220,Üst Bina,SSAB,Kızak 1,103,Donatım,Dahili Ekip,132,252,61182,72222,Geçti,2026-03-28,2026-04-08,2026-03-28,2026-04-16,8,Ekipman/Vinç Arızası,Tamamlandı,100
NB-501 (Kimyasal Tanker),BLK-221,Üst Bina,Erdemir,Kuru Havuz A,124,Kesim,Taşeron - Omega,60,60,28272,28272,Muaf,2025-11-19,2025-11-22,2025-11-19,2025-11-22,0,Yok,Tamamlandı,100
NB-501 (Kimyasal Tanker),BLK-221,Üst Bina,Erdemir,Kuru Havuz A,124,Ön Montaj,Dahili Ekip,304,304,169632,169632,Geçti,2025-11-24,2025-12-13,2025-11-24,2025-12-13,0,Yok,Tamamlandı,100
NB-501 (Kimyasal Tanker),BLK-221,Üst Bina,Erdemir,Kuru Havuz A,124,Montaj,Taşeron - Alfa,270,366,133920,139170,Geçti,2025-12-15,2025-12-30,2025-12-15,2026-01-05,6,Hava Muhalefeti,Tamamlandı,100
NB-501 (Kimyasal Tanker),BLK-221,Üst Bina,Erdemir,Kuru Havuz A,124,Kaynak,Taşeron - Alfa,266,266,109368,109368,Geçti,2026-01-06,2026-01-20,2026-01-06,2026-01-20,0,Yok,Tamamlandı,100
NB-501 (Kimyasal Tanker),BLK-221,Üst Bina,Erdemir,Kuru Havuz A,124,Boyama,Dahili Ekip,221,221,120156,120156,Muaf,2026-01-22,2026-02-08,2026-01-22,2026-02-08,0,Yok,Tamamlandı,100
NB-501 (Kimyasal Tanker),BLK-221,Üst Bina,Erdemir,Kuru Havuz A,124,Donatım,Taşeron - Alfa,208,208,111104,111104,Muaf,2026-02-09,2026-02-25,2026-02-09,2026-02-25,0,Yok,Tamamlandı,100
NB-501 (Kimyasal Tanker),BLK-222,Makine Dairesi,Yerel Tedarikçi A.Ş.,Kuru Havuz A,146,Kesim,Taşeron - Alfa,50,50,48910,48910,Muaf,2025-12-06,2025-12-11,2025-12-06,2025-12-11,0,Yok,Tamamlandı,100
NB-501 (Kimyasal Tanker),BLK-222,Makine Dairesi,Yerel Tedarikçi A.Ş.,Kuru Havuz A,146,Ön Montaj,Taşeron - Beta,352,352,168192,168192,Geçti,2025-12-13,2025-12-29,2025-12-13,2025-12-29,0,Yok,Tamamlandı,100
NB-501 (Kimyasal Tanker),BLK-222,Makine Dairesi,Yerel Tedarikçi A.Ş.,Kuru Havuz A,146,Montaj,Taşeron - Alfa,300,300,160600,160600,Geçti,2025-12-30,2026-01-19,2025-12-30,2026-01-19,0,Yok,Tamamlandı,100
NB-501 (Kimyasal Tanker),BLK-222,Makine Dairesi,Yerel Tedarikçi A.Ş.,Kuru Havuz A,146,Kaynak,Taşeron - Alfa,195,195,98696,98696,Geçti,2026-01-20,2026-02-02,2026-01-20,2026-02-02,0,Yok,Tamamlandı,100
NB-501 (Kimyasal Tanker),BLK-222,Makine Dairesi,Yerel Tedarikçi A.Ş.,Kuru Havuz A,146,Boyama,Taşeron - Alfa,195,195,166440,166440,Muaf,2026-02-04,2026-02-19,2026-02-04,2026-02-19,0,Yok,Tamamlandı,100
NB-501 (Kimyasal Tanker),BLK-222,Makine Dairesi,Yerel Tedarikçi A.Ş.,Kuru Havuz A,146,Donatım,Taşeron - Beta,143,143,113880,113880,Muaf,2026-02-20,2026-03-05,2026-02-20,2026-03-05,0,Yok,Tamamlandı,100
NB-504 (Askeri Gemi),BLK-223,Gövde,Erdemir,Kuru Havuz B,177,Kesim,Taşeron - Alfa,120,120,60180,60180,Muaf,2025-12-16,2025-12-21,2025-12-16,2025-12-21,0,Yok,Tamamlandı,100
NB-504 (Askeri Gemi),BLK-223,Gövde,Erdemir,Kuru Havuz B,177,Ön Montaj,Taşeron - Omega,136,224,180540,191628,Geçti,2025-12-22,2026-01-08,2025-12-22,2026-01-19,11,Hava Muhalefeti,Tamamlandı,100
NB-504 (Askeri Gemi),BLK-223,Gövde,Erdemir,Kuru Havuz B,177,Montaj,Taşeron - Omega,280,280,223020,223020,Geçti,2026-01-21,2026-02-10,2026-01-21,2026-02-10,0,Yok,Tamamlandı,100
NB-504 (Askeri Gemi),BLK-223,Gövde,Erdemir,Kuru Havuz B,177,Kaynak,Taşeron - Alfa,288,288,138060,138060,Geçti,2026-02-12,2026-02-24,2026-02-12,2026-02-24,0,Yok,Tamamlandı,100
NB-504 (Askeri Gemi),BLK-223,Gövde,Erdemir,Kuru Havuz B,177,Boyama,Taşeron - Omega,198,198,232578,232578,Muaf,2026-02-26,2026-03-16,2026-02-26,2026-03-16,0,Yok,Tamamlandı,100
NB-504 (Askeri Gemi),BLK-223,Gövde,Erdemir,Kuru Havuz B,177,Donatım,Taşeron - Alfa,300,300,177885,177885,Muaf,2026-03-18,2026-04-02,2026-03-18,2026-04-02,0,Yok,Tamamlandı,100
NB-503 (Kuru Yük),BLK-224,Tank,SSAB,Kızak 2,54,Kesim,Taşeron - Beta,80,80,16848,16848,Muaf,2025-11-19,2025-11-23,2025-11-19,2025-11-23,0,Yok,Tamamlandı,100
NB-503 (Kuru Yük),BLK-224,Tank,SSAB,Kızak 2,54,Ön Montaj,Taşeron - Beta,130,130,28620,28620,Geçti,2025-11-24,2025-12-04,2025-11-24,2025-12-04,0,Yok,Tamamlandı,100
NB-503 (Kuru Yük),BLK-224,Tank,SSAB,Kızak 2,54,Montaj,Dahili Ekip,171,255,75924,79038,Geçti,2025-12-05,2025-12-24,2025-12-05,2025-12-30,6,Kalite Reddi (NDT),Tamamlandı,100
NB-503 (Kuru Yük),BLK-224,Tank,SSAB,Kızak 2,54,Kaynak,Taşeron - Omega,81,81,31104,31104,Geçti,2025-12-31,2026-01-09,2025-12-31,2026-01-09,0,Yok,Tamamlandı,100
NB-503 (Kuru Yük),BLK-224,Tank,SSAB,Kızak 2,54,Boyama,Taşeron - Omega,143,207,29700,35204,Muaf,2026-01-10,2026-01-21,2026-01-10,2026-01-25,4,Kalite Reddi (NDT),Tamamlandı,100
NB-503 (Kuru Yük),BLK-224,Tank,SSAB,Kızak 2,54,Donatım,Taşeron - Alfa,357,501,69768,75366,Geçti,2026-01-27,2026-02-13,2026-01-27,2026-02-22,9,Hava Muhalefeti,Tamamlandı,100
NB-504 (Askeri Gemi),BLK-225,Gövde,ThyssenKrupp,Kızak 1,154,Kesim,Taşeron - Alfa,91,91,57134,57134,Muaf,2025-10-16,2025-10-23,2025-10-16,2025-10-23,0,Yok,Tamamlandı,100
NB-504 (Askeri Gemi),BLK-225,Gövde,ThyssenKrupp,Kızak 1,154,Ön Montaj,Taşeron - Beta,352,442,142912,146758,Kaldı - Yeniden İşlem,2025-10-24,2025-11-09,2025-10-24,2025-11-15,6,Kalite Reddi (NDT),Tamamlandı,100
NB-504 (Askeri Gemi),BLK-225,Gövde,ThyssenKrupp,Kızak 1,154,Montaj,Taşeron - Alfa,108,108,114576,114576,Geçti,2025-11-17,2025-11-29,2025-11-17,2025-11-29,0,Yok,Tamamlandı,100
NB-504 (Askeri Gemi),BLK-225,Gövde,ThyssenKrupp,Kızak 1,154,Kaynak,Taşeron - Beta,130,130,128128,128128,Geçti,2025-11-30,2025-12-13,2025-11-30,2025-12-13,0,Yok,Tamamlandı,100
NB-504 (Askeri Gemi),BLK-225,Gövde,ThyssenKrupp,Kızak 1,154,Boyama,Dahili Ekip,143,197,128128,132148,Muaf,2025-12-15,2025-12-28,2025-12-15,2026-01-03,6,Hava Muhalefeti,Tamamlandı,100
NB-504 (Askeri Gemi),BLK-225,Gövde,ThyssenKrupp,Kızak 1,154,Donatım,Taşeron - Omega,234,234,216216,216216,Muaf,2026-01-05,2026-01-23,2026-01-05,2026-01-23,0,Yok,Tamamlandı,100
NB-502 (Römorkör),BLK-226,Çift Dip (Double Bottom),SSAB,Kuru Havuz B,113,Kesim,Taşeron - Alfa,50,50,32205,32205,Muaf,2025-12-26,2025-12-31,2025-12-26,2025-12-31,0,Yok,Tamamlandı,100
NB-502 (Römorkör),BLK-226,Çift Dip (Double Bottom),SSAB,Kuru Havuz B,113,Ön Montaj,Dahili Ekip,360,360,146448,146448,Geçti,2026-01-02,2026-01-20,2026-01-02,2026-01-20,0,Yok,Tamamlandı,100
NB-502 (Römorkör),BLK-226,Çift Dip (Double Bottom),SSAB,Kuru Havuz B,113,Montaj,Taşeron - Omega,391,481,111418,124396,Geçti,2026-01-21,2026-02-07,2026-01-21,2026-02-16,9,İşgücü Yetersizliği,Tamamlandı,100
NB-502 (Römorkör),BLK-226,Çift Dip (Double Bottom),SSAB,Kuru Havuz B,113,Kaynak,Taşeron - Omega,210,243,104412,106881,Geçti,2026-02-17,2026-03-03,2026-02-17,2026-03-06,3,Malzeme Eksikliği,Tamamlandı,100
NB-502 (Römorkör),BLK-226,Çift Dip (Double Bottom),SSAB,Kuru Havuz B,113,Boyama,Taşeron - Beta,234,342,152550,157626,Muaf,2026-03-07,2026-03-25,2026-03-07,2026-04-03,9,Ekipman/Vinç Arızası,Tamamlandı,100
NB-502 (Römorkör),BLK-226,Çift Dip (Double Bottom),SSAB,Kuru Havuz B,113,Donatım,Taşeron - Beta,224,224,123396,123396,Muaf,2026-04-05,2026-04-19,2026-04-05,2026-04-19,0,Yok,Tamamlandı,100
NB-503 (Kuru Yük),BLK-227,Üst Bina,Yerel Tedarikçi A.Ş.,Kuru Havuz A,96,Kesim,Taşeron - Omega,140,184,53088,55224,Geçti,2025-11-20,2025-11-27,2025-11-20,2025-12-01,4,Ekipman/Vinç Arızası,Tamamlandı,100
NB-503 (Kuru Yük),BLK-227,Üst Bina,Yerel Tedarikçi A.Ş.,Kuru Havuz A,96,Ön Montaj,Taşeron - Omega,380,380,136320,136320,Geçti,2025-12-02,2025-12-22,2025-12-02,2025-12-22,0,Yok,Tamamlandı,100
NB-503 (Kuru Yük),BLK-227,Üst Bina,Yerel Tedarikçi A.Ş.,Kuru Havuz A,96,Montaj,Taşeron - Alfa,165,165,82080,82080,Geçti,2025-12-24,2026-01-08,2025-12-24,2026-01-08,0,Yok,Tamamlandı,100
NB-503 (Kuru Yük),BLK-227,Üst Bina,Yerel Tedarikçi A.Ş.,Kuru Havuz A,96,Kaynak,Taşeron - Beta,198,198,43200,43200,Geçti,2026-01-10,2026-01-19,2026-01-10,2026-01-19,0,Yok,Tamamlandı,100
NB-503 (Kuru Yük),BLK-227,Üst Bina,Yerel Tedarikçi A.Ş.,Kuru Havuz A,96,Boyama,Dahili Ekip,143,143,64416,64416,Muaf,2026-01-21,2026-02-01,2026-01-21,2026-02-01,0,Yok,Tamamlandı,100
NB-503 (Kuru Yük),BLK-227,Üst Bina,Yerel Tedarikçi A.Ş.,Kuru Havuz A,96,Donatım,Taşeron - Alfa,396,396,110592,110592,Muaf,2026-02-03,2026-02-21,2026-02-03,2026-02-21,0,Yok,Tamamlandı,100
NB-504 (Askeri Gemi),BLK-228,Tank,Erdemir,Açık Saha Donatım,161,Kesim,Taşeron - Alfa,77,77,63112,63112,Muaf,2025-11-08,2025-11-15,2025-11-08,2025-11-15,0,Yok,Tamamlandı,100
NB-504 (Askeri Gemi),BLK-228,Tank,Erdemir,Açık Saha Donatım,161,Ön Montaj,Taşeron - Alfa,300,300,135240,135240,Geçti,2025-11-16,2025-12-01,2025-11-16,2025-12-01,0,Yok,Tamamlandı,100
NB-504 (Askeri Gemi),BLK-228,Tank,Erdemir,Açık Saha Donatım,161,Montaj,Taşeron - Alfa,308,404,171304,180124,Geçti,2025-12-03,2025-12-17,2025-12-03,2025-12-23,6,Ekipman/Vinç Arızası,Tamamlandı,100
NB-504 (Askeri Gemi),BLK-228,Tank,Erdemir,Açık Saha Donatım,161,Kaynak,Taşeron - Omega,176,176,86296,86296,Geçti,2025-12-24,2026-01-01,2025-12-24,2026-01-01,0,Yok,Tamamlandı,100
NB-504 (Askeri Gemi),BLK-228,Tank,Erdemir,Açık Saha Donatım,161,Boyama,Taşeron - Beta,198,198,127512,127512,Muaf,2026-01-03,2026-01-14,2026-01-03,2026-01-14,0,Yok,Tamamlandı,100
NB-504 (Askeri Gemi),BLK-228,Tank,Erdemir,Açık Saha Donatım,161,Donatım,Taşeron - Alfa,132,132,109802,109802,Muaf,2026-01-16,2026-01-27,2026-01-16,2026-01-27,0,Yok,Tamamlandı,100
NB-501 (Kimyasal Tanker),BLK-229,Tank,Yerel Tedarikçi A.Ş.,Kuru Havuz B,49,Kesim,Taşeron - Omega,92,92,12740,12740,Muaf,2025-11-26,2025-11-30,2025-11-26,2025-11-30,0,Yok,Tamamlandı,100
NB-501 (Kimyasal Tanker),BLK-229,Tank,Yerel Tedarikçi A.Ş.,Kuru Havuz B,49,Ön Montaj,Dahili Ekip,396,396,50274,50274,Geçti,2025-12-01,2025-12-19,2025-12-01,2025-12-19,0,Yok,Tamamlandı,100
NB-501 (Kimyasal Tanker),BLK-229,Tank,Yerel Tedarikçi A.Ş.,Kuru Havuz B,49,Montaj,Dahili Ekip,182,210,39102,40998,Geçti,2025-12-21,2026-01-04,2025-12-21,2026-01-06,2,Hava Muhalefeti,Tamamlandı,100
NB-501 (Kimyasal Tanker),BLK-229,Tank,Yerel Tedarikçi A.Ş.,Kuru Havuz B,49,Kaynak,Taşeron - Alfa,135,300,25578,34807,Geçti,2026-01-08,2026-01-17,2026-01-08,2026-01-28,11,Ekipman/Vinç Arızası,Tamamlandı,100
NB-501 (Kimyasal Tanker),BLK-229,Tank,Yerel Tedarikçi A.Ş.,Kuru Havuz B,49,Boyama,Taşeron - Alfa,391,451,56644,64624,Muaf,2026-01-30,2026-02-16,2026-01-30,2026-02-22,6,Hava Muhalefeti,Tamamlandı,100
NB-501 (Kimyasal Tanker),BLK-229,Tank,Yerel Tedarikçi A.Ş.,Kuru Havuz B,49,Donatım,Taşeron - Alfa,300,300,41160,41160,Muaf,2026-02-23,2026-03-10,2026-02-23,2026-03-10,0,Yok,Tamamlandı,100
NB-501 (Kimyasal Tanker),BLK-230,Gövde,Erdemir,Kızak 1,51,Kesim,Taşeron - Alfa,114,114,17442,17442,Muaf,2025-11-04,2025-11-10,2025-11-04,2025-11-10,0,Yok,Tamamlandı,100
NB-501 (Kimyasal Tanker),BLK-230,Gövde,Erdemir,Kızak 1,51,Ön Montaj,Taşeron - Alfa,150,270,34680,46308,Geçti,2025-11-12,2025-11-22,2025-11-12,2025-12-04,12,Kalite Reddi (NDT),Tamamlandı,100
NB-501 (Kimyasal Tanker),BLK-230,Gövde,Erdemir,Kızak 1,51,Montaj,Taşeron - Beta,210,250,54264,58709,Geçti,2025-12-06,2025-12-20,2025-12-06,2025-12-25,5,Malzeme Eksikliği,Tamamlandı,100
NB-501 (Kimyasal Tanker),BLK-230,Gövde,Erdemir,Kızak 1,51,Kaynak,Taşeron - Omega,147,169,25347,27409,Kaldı - Yeniden İşlem,2025-12-27,2026-01-03,2025-12-27,2026-01-05,2,Kalite Reddi (NDT),Tamamlandı,100
NB-501 (Kimyasal Tanker),BLK-230,Gövde,Erdemir,Kızak 1,51,Boyama,Taşeron - Omega,391,391,63291,63291,Muaf,2026-01-06,2026-01-23,2026-01-06,2026-01-23,0,Yok,Tamamlandı,100
NB-501 (Kimyasal Tanker),BLK-230,Gövde,Erdemir,Kızak 1,51,Donatım,Taşeron - Beta,345,345,48195,48195,Muaf,2026-01-24,2026-02-08,2026-01-24,2026-02-08,0,Yok,Tamamlandı,100
NB-503 (Kuru Yük),BLK-231,Makine Dairesi,Yerel Tedarikçi A.Ş.,Kuru Havuz A,51,Kesim,Taşeron - Omega,168,168,24633,24633,Muaf,2025-12-08,2025-12-15,2025-12-08,2025-12-15,0,Yok,Tamamlandı,100
NB-503 (Kuru Yük),BLK-231,Makine Dairesi,Yerel Tedarikçi A.Ş.,Kuru Havuz A,51,Ön Montaj,Taşeron - Omega,171,187,55233,56719,Geçti,2025-12-16,2026-01-04,2025-12-16,2026-01-06,2,Kalite Reddi (NDT),Tamamlandı,100
NB-503 (Kuru Yük),BLK-231,Makine Dairesi,Yerel Tedarikçi A.Ş.,Kuru Havuz A,51,Montaj,Taşeron - Beta,361,361,60078,60078,Geçti,2026-01-07,2026-01-26,2026-01-07,2026-01-26,0,Yok,Tamamlandı,100
NB-503 (Kuru Yük),BLK-231,Makine Dairesi,Yerel Tedarikçi A.Ş.,Kuru Havuz A,51,Kaynak,Taşeron - Beta,234,234,43758,43758,Geçti,2026-01-28,2026-02-10,2026-01-28,2026-02-10,0,Yok,Tamamlandı,100
NB-503 (Kuru Yük),BLK-231,Makine Dairesi,Yerel Tedarikçi A.Ş.,Kuru Havuz A,51,Boyama,Taşeron - Beta,304,432,61047,65455,Muaf,2026-02-12,2026-03-03,2026-02-12,2026-03-11,8,Kalite Reddi (NDT),Tamamlandı,100
NB-503 (Kuru Yük),BLK-231,Makine Dairesi,Yerel Tedarikçi A.Ş.,Kuru Havuz A,51,Donatım,Taşeron - Alfa,152,152,55233,55233,Muaf,2026-03-12,2026-03-31,2026-03-12,2026-03-31,0,Yok,Tamamlandı,100
NB-504 (Askeri Gemi),BLK-232,Makine Dairesi,ThyssenKrupp,Kızak 2,144,Kesim,Dahili Ekip,105,105,44640,44640,Muaf,2025-11-13,2025-11-18,2025-11-13,2025-11-18,0,Yok,Tamamlandı,100
NB-504 (Askeri Gemi),BLK-232,Makine Dairesi,ThyssenKrupp,Kızak 2,144,Ön Montaj,Dahili Ekip,336,336,165888,165888,Geçti,2025-11-20,2025-12-06,2025-11-20,2025-12-06,0,Yok,Tamamlandı,100
NB-504 (Askeri Gemi),BLK-232,Makine Dairesi,ThyssenKrupp,Kızak 2,144,Montaj,Taşeron - Omega,252,252,137376,137376,Geçti,2025-12-07,2025-12-25,2025-12-07,2025-12-25,0,Yok,Tamamlandı,100
NB-504 (Askeri Gemi),BLK-232,Makine Dairesi,ThyssenKrupp,Kızak 2,144,Kaynak,Dahili Ekip,143,323,118800,134520,Kaldı - Yeniden İşlem,2025-12-27,2026-01-07,2025-12-27,2026-01-19,12,Kalite Reddi (NDT),Tamamlandı,100
NB-504 (Askeri Gemi),BLK-232,Makine Dairesi,ThyssenKrupp,Kızak 2,144,Boyama,Taşeron - Omega,156,288,102960,116292,Muaf,2026-01-20,2026-02-02,2026-01-20,2026-02-14,12,Hava Muhalefeti,Tamamlandı,100
NB-504 (Askeri Gemi),BLK-232,Makine Dairesi,ThyssenKrupp,Kızak 2,144,Donatım,Taşeron - Alfa,272,272,140544,140544,Muaf,2026-02-16,2026-03-04,2026-02-16,2026-03-04,0,Yok,Tamamlandı,100
NB-501 (Kimyasal Tanker),BLK-233,Çift Dip (Double Bottom),Erdemir,Kızak 2,172,Kesim,Taşeron - Alfa,60,60,34056,34056,Muaf,2025-12-03,2025-12-06,2025-12-03,2025-12-06,0,Yok,Tamamlandı,100
NB-501 (Kimyasal Tanker),BLK-233,Çift Dip (Double Bottom),Erdemir,Kızak 2,172,Ön Montaj,Dahili Ekip,88,223,117304,123181,Geçti,2025-12-07,2025-12-18,2025-12-07,2025-12-27,9,Kalite Reddi (NDT),Tamamlandı,100
NB-501 (Kimyasal Tanker),BLK-233,Çift Dip (Double Bottom),Erdemir,Kızak 2,172,Montaj,Taşeron - Beta,320,336,192640,194288,Geçti,2025-12-28,2026-01-13,2025-12-28,2026-01-15,2,Ekipman/Vinç Arızası,Tamamlandı,100
NB-501 (Kimyasal Tanker),BLK-233,Çift Dip (Double Bottom),Erdemir,Kızak 2,172,Kaynak,Dahili Ekip,120,120,92880,92880,Geçti,2026-01-16,2026-01-26,2026-01-16,2026-01-26,0,Yok,Tamamlandı,100
NB-501 (Kimyasal Tanker),BLK-233,Çift Dip (Double Bottom),Erdemir,Kızak 2,172,Boyama,Taşeron - Beta,168,168,161336,161336,Muaf,2026-01-28,2026-02-11,2026-01-28,2026-02-11,0,Yok,Tamamlandı,100
NB-501 (Kimyasal Tanker),BLK-233,Çift Dip (Double Bottom),Erdemir,Kızak 2,172,Donatım,Taşeron - Beta,110,264,137600,151812,Geçti,2026-02-13,2026-02-23,2026-02-13,2026-03-06,11,Hava Muhalefeti,Tamamlandı,100
NB-501 (Kimyasal Tanker),BLK-234,Gövde,Yerel Tedarikçi A.Ş.,Kuru Havuz B,95,Kesim,Dahili Ekip,68,198,30020,42760,Geçti,2025-12-23,2025-12-27,2025-12-23,2026-01-06,10,Ekipman/Vinç Arızası,Tamamlandı,100
NB-501 (Kimyasal Tanker),BLK-234,Gövde,Yerel Tedarikçi A.Ş.,Kuru Havuz B,95,Ön Montaj,Taşeron - Omega,154,154,102410,102410,Geçti,2026-01-07,2026-01-21,2026-01-07,2026-01-21,0,Yok,Tamamlandı,100
NB-501 (Kimyasal Tanker),BLK-234,Gövde,Yerel Tedarikçi A.Ş.,Kuru Havuz B,95,Montaj,Taşeron - Beta,324,324,124830,124830,Geçti,2026-01-23,2026-02-10,2026-01-23,2026-02-10,0,Yok,Tamamlandı,100
NB-501 (Kimyasal Tanker),BLK-234,Gövde,Yerel Tedarikçi A.Ş.,Kuru Havuz B,95,Kaynak,Dahili Ekip,238,370,79800,90312,Kaldı - Yeniden İşlem,2026-02-12,2026-02-26,2026-02-12,2026-03-10,12,Kalite Reddi (NDT),Tamamlandı,100
NB-501 (Kimyasal Tanker),BLK-234,Gövde,Yerel Tedarikçi A.Ş.,Kuru Havuz B,95,Boyama,Taşeron - Alfa,170,266,88825,95017,Muaf,2026-03-11,2026-03-28,2026-03-11,2026-04-09,12,Malzeme Eksikliği,Tamamlandı,100
NB-501 (Kimyasal Tanker),BLK-234,Gövde,Yerel Tedarikçi A.Ş.,Kuru Havuz B,95,Donatım,Taşeron - Alfa,380,380,95000,95000,Bekliyor,2026-04-11,2026-05-01,2026-04-11,,0,Yok,Devam Ediyor,53
NB-502 (Römorkör),BLK-235,Üst Bina,ThyssenKrupp,Kızak 1,89,Kesim,Taşeron - Beta,84,212,46725,55765,Geçti,2025-12-29,2026-01-05,2025-12-29,2026-01-13,8,İşgücü Yetersizliği,Tamamlandı,100
NB-502 (Römorkör),BLK-235,Üst Bina,ThyssenKrupp,Kızak 1,89,Ön Montaj,Dahili Ekip,90,90,68530,68530,Geçti,2026-01-14,2026-01-24,2026-01-14,2026-01-24,0,Yok,Tamamlandı,100
NB-502 (Römorkör),BLK-235,Üst Bina,ThyssenKrupp,Kızak 1,89,Montaj,Taşeron - Beta,304,359,126825,131600,Geçti,2026-01-26,2026-02-14,2026-01-26,2026-02-19,5,İşgücü Yetersizliği,Tamamlandı,100
NB-502 (Römorkör),BLK-235,Üst Bina,ThyssenKrupp,Kızak 1,89,Kaynak,Dahili Ekip,220,220,51887,51887,Geçti,2026-02-20,2026-03-03,2026-02-20,2026-03-03,0,Yok,Tamamlandı,100
NB-502 (Römorkör),BLK-235,Üst Bina,ThyssenKrupp,Kızak 1,89,Boyama,Taşeron - Beta,264,264,77341,77341,Muaf,2026-03-04,2026-03-15,2026-03-04,2026-03-15,0,Yok,Tamamlandı,100
NB-502 (Römorkör),BLK-235,Üst Bina,ThyssenKrupp,Kızak 1,89,Donatım,Dahili Ekip,299,380,57850,63430,Kaldı - Yeniden İşlem,2026-03-16,2026-03-29,2026-03-16,2026-04-07,9,Malzeme Eksikliği,Tamamlandı,100
NB-502 (Römorkör),BLK-236,Çift Dip (Double Bottom),Kardemir,Kızak 2,102,Kesim,Taşeron - Omega,75,179,28560,38552,Geçti,2025-11-09,2025-11-14,2025-11-09,2025-11-22,8,Kalite Reddi (NDT),Tamamlandı,100
NB-502 (Römorkör),BLK-236,Çift Dip (Double Bottom),Kardemir,Kızak 2,102,Ön Montaj,Taşeron - Omega,104,104,95472,95472,Geçti,2025-11-24,2025-12-07,2025-11-24,2025-12-07,0,Yok,Tamamlandı,100
NB-502 (Römorkör),BLK-236,Çift Dip (Double Bottom),Kardemir,Kızak 2,102,Montaj,Dahili Ekip,361,361,96900,96900,Geçti,2025-12-08,2025-12-27,2025-12-08,2025-12-27,0,Yok,Tamamlandı,100
NB-502 (Römorkör),BLK-236,Çift Dip (Double Bottom),Kardemir,Kızak 2,102,Kaynak,Taşeron - Omega,120,120,62016,62016,Geçti,2025-12-28,2026-01-05,2025-12-28,2026-01-05,0,Yok,Tamamlandı,100
NB-502 (Römorkör),BLK-236,Çift Dip (Double Bottom),Kardemir,Kızak 2,102,Boyama,Dahili Ekip,285,417,137598,144385,Muaf,2026-01-07,2026-01-26,2026-01-07,2026-02-06,11,Hava Muhalefeti,Tamamlandı,100
NB-502 (Römorkör),BLK-236,Çift Dip (Double Bottom),Kardemir,Kızak 2,102,Donatım,Taşeron - Alfa,200,200,72420,72420,Muaf,2026-02-07,2026-02-17,2026-02-07,2026-02-17,0,Yok,Tamamlandı,100
NB-502 (Römorkör),BLK-237,Çift Dip (Double Bottom),SSAB,Kuru Havuz B,109,Kesim,Taşeron - Beta,96,96,23980,23980,Muaf,2025-10-09,2025-10-13,2025-10-09,2025-10-13,0,Yok,Tamamlandı,100
NB-502 (Römorkör),BLK-237,Çift Dip (Double Bottom),SSAB,Kuru Havuz B,109,Ön Montaj,Dahili Ekip,180,180,121644,121644,Geçti,2025-10-14,2025-11-01,2025-10-14,2025-11-01,0,Yok,Tamamlandı,100
NB-502 (Römorkör),BLK-237,Çift Dip (Double Bottom),SSAB,Kuru Havuz B,109,Montaj,Taşeron - Omega,380,380,128402,128402,Geçti,2025-11-03,2025-11-22,2025-11-03,2025-11-22,0,Yok,Tamamlandı,100
NB-502 (Römorkör),BLK-237,Çift Dip (Double Bottom),SSAB,Kuru Havuz B,109,Kaynak,Taşeron - Beta,117,117,52974,52974,Geçti,2025-11-24,2025-12-03,2025-11-24,2025-12-03,0,Yok,Tamamlandı,100
NB-502 (Römorkör),BLK-237,Çift Dip (Double Bottom),SSAB,Kuru Havuz B,109,Boyama,Taşeron - Omega,408,496,126004,137565,Muaf,2025-12-05,2025-12-22,2025-12-05,2026-01-02,11,Hava Muhalefeti,Tamamlandı,100
NB-502 (Römorkör),BLK-237,Çift Dip (Double Bottom),SSAB,Kuru Havuz B,109,Donatım,Taşeron - Omega,234,264,75101,78005,Geçti,2026-01-03,2026-01-16,2026-01-03,2026-01-19,3,Kalite Reddi (NDT),Tamamlandı,100
NB-503 (Kuru Yük),BLK-238,Gövde,ThyssenKrupp,Kuru Havuz B,56,Kesim,Taşeron - Omega,80,80,14280,14280,Muaf,2025-10-06,2025-10-11,2025-10-06,2025-10-11,0,Yok,Tamamlandı,100
NB-503 (Kuru Yük),BLK-238,Gövde,ThyssenKrupp,Kuru Havuz B,56,Ön Montaj,Dahili Ekip,99,163,34496,40092,Geçti,2025-10-13,2025-10-24,2025-10-13,2025-10-28,4,Kalite Reddi (NDT),Tamamlandı,100
NB-503 (Kuru Yük),BLK-238,Gövde,ThyssenKrupp,Kuru Havuz B,56,Montaj,Taşeron - Beta,187,219,46200,48584,Geçti,2025-10-29,2025-11-09,2025-10-29,2025-11-11,2,Kalite Reddi (NDT),Tamamlandı,100
NB-503 (Kuru Yük),BLK-238,Gövde,ThyssenKrupp,Kuru Havuz B,56,Kaynak,Dahili Ekip,209,209,35728,35728,Geçti,2025-11-13,2025-11-24,2025-11-13,2025-11-24,0,Yok,Tamamlandı,100
NB-503 (Kuru Yük),BLK-238,Gövde,ThyssenKrupp,Kuru Havuz B,56,Boyama,Taşeron - Alfa,252,252,44352,44352,Muaf,2025-11-25,2025-12-07,2025-11-25,2025-12-07,0,Yok,Tamamlandı,100
NB-503 (Kuru Yük),BLK-238,Gövde,ThyssenKrupp,Kuru Havuz B,56,Donatım,Taşeron - Omega,216,286,54432,58647,Geçti,2025-12-09,2025-12-27,2025-12-09,2026-01-01,5,Kalite Reddi (NDT),Tamamlandı,100
NB-502 (Römorkör),BLK-239,Gövde,ThyssenKrupp,Kuru Havuz A,127,Kesim,Taşeron - Beta,57,84,22860,25554,Geçti,2026-01-05,2026-01-08,2026-01-05,2026-01-11,3,Kalite Reddi (NDT),Tamamlandı,100
NB-502 (Römorkör),BLK-239,Gövde,ThyssenKrupp,Kuru Havuz A,127,Ön Montaj,Taşeron - Beta,200,200,195580,195580,Geçti,2026-01-13,2026-02-02,2026-01-13,2026-02-02,0,Yok,Tamamlandı,100
NB-502 (Römorkör),BLK-239,Gövde,ThyssenKrupp,Kuru Havuz A,127,Montaj,Taşeron - Omega,187,213,75438,76922,Geçti,2026-02-03,2026-02-14,2026-02-03,2026-02-16,2,Malzeme Eksikliği,Tamamlandı,100
NB-502 (Römorkör),BLK-239,Gövde,ThyssenKrupp,Kuru Havuz A,127,Kaynak,Taşeron - Beta,216,216,91440,91440,Geçti,2026-02-17,2026-03-01,2026-02-17,2026-03-01,0,Yok,Tamamlandı,100
NB-502 (Römorkör),BLK-239,Gövde,ThyssenKrupp,Kuru Havuz A,127,Boyama,Taşeron - Beta,160,235,77470,82510,Muaf,2026-03-02,2026-03-12,2026-03-02,2026-03-17,5,Hava Muhalefeti,Tamamlandı,100
NB-502 (Römorkör),BLK-239,Gövde,ThyssenKrupp,Kuru Havuz A,127,Donatım,Dahili Ekip,361,385,152019,153858,Geçti,2026-03-19,2026-04-07,2026-03-19,2026-04-10,3,Hava Muhalefeti,Tamamlandı,100
NB-504 (Askeri Gemi),BLK-240,Tank,Kardemir,Kuru Havuz A,119,Kesim,Taşeron - Omega,80,80,33915,33915,Muaf,2025-11-26,2025-12-01,2025-11-26,2025-12-01,0,Yok,Tamamlandı,100
NB-504 (Askeri Gemi),BLK-240,Tank,Kardemir,Kuru Havuz A,119,Ön Montaj,Taşeron - Alfa,408,408,145656,145656,Geçti,2025-12-02,2025-12-19,2025-12-02,2025-12-19,0,Yok,Tamamlandı,100
NB-504 (Askeri Gemi),BLK-240,Tank,Kardemir,Kuru Havuz A,119,Montaj,Taşeron - Beta,260,344,89726,97552,Geçti,2025-12-20,2026-01-02,2025-12-20,2026-01-09,7,Malzeme Eksikliği,Tamamlandı,100
NB-504 (Askeri Gemi),BLK-240,Tank,Kardemir,Kuru Havuz A,119,Kaynak,Taşeron - Beta,171,171,57834,57834,Geçti,2026-01-10,2026-01-19,2026-01-10,2026-01-19,0,Yok,Tamamlandı,100
NB-504 (Askeri Gemi),BLK-240,Tank,Kardemir,Kuru Havuz A,119,Boyama,Taşeron - Alfa,187,187,159817,159817,Muaf,2026-01-21,2026-02-07,2026-01-21,2026-02-07,0,Yok,Tamamlandı,100
NB-504 (Askeri Gemi),BLK-240,Tank,Kardemir,Kuru Havuz A,119,Donatım,Taşeron - Alfa,300,300,135660,135660,Muaf,2026-02-09,2026-02-24,2026-02-09,2026-02-24,0,Yok,Tamamlandı,100
NB-503 (Kuru Yük),BLK-241,Üst Bina,Kardemir,Kızak 1,39,Kesim,Taşeron - Alfa,80,80,10920,10920,Muaf,2025-10-05,2025-10-09,2025-10-05,2025-10-09,0,Yok,Tamamlandı,100
NB-503 (Kuru Yük),BLK-241,Üst Bina,Kardemir,Kızak 1,39,Ön Montaj,Taşeron - Omega,286,390,39546,48314,Geçti,2025-10-10,2025-10-23,2025-10-10,2025-10-31,8,Hava Muhalefeti,Tamamlandı,100
NB-503 (Kuru Yük),BLK-241,Üst Bina,Kardemir,Kızak 1,39,Montaj,Dahili Ekip,144,144,40560,40560,Geçti,2025-11-01,2025-11-17,2025-11-01,2025-11-17,0,Yok,Tamamlandı,100
NB-503 (Kuru Yük),BLK-241,Üst Bina,Kardemir,Kızak 1,39,Kaynak,Dahili Ekip,182,254,38220,50784,Kaldı - Yeniden İşlem,2025-11-19,2025-12-03,2025-11-19,2025-12-12,9,Kalite Reddi (NDT),Tamamlandı,100
NB-503 (Kuru Yük),BLK-241,Üst Bina,Kardemir,Kızak 1,39,Boyama,Taşeron - Beta,187,187,49062,49062,Muaf,2025-12-14,2025-12-31,2025-12-14,2025-12-31,0,Yok,Tamamlandı,100
NB-503 (Kuru Yük),BLK-241,Üst Bina,Kardemir,Kızak 1,39,Donatım,Taşeron - Alfa,432,432,39312,39312,Muaf,2026-01-01,2026-01-19,2026-01-01,2026-01-19,0,Yok,Tamamlandı,100
NB-501 (Kimyasal Tanker),BLK-242,Çift Dip (Double Bottom),Yerel Tedarikçi A.Ş.,Açık Saha Donatım,106,Kesim,Taşeron - Alfa,27,27,21306,21306,Muaf,2025-10-24,2025-10-27,2025-10-24,2025-10-27,0,Yok,Tamamlandı,100
NB-501 (Kimyasal Tanker),BLK-242,Çift Dip (Double Bottom),Yerel Tedarikçi A.Ş.,Açık Saha Donatım,106,Ön Montaj,Taşeron - Omega,165,201,61798,66734,Geçti,2025-10-29,2025-11-09,2025-10-29,2025-11-13,4,Ekipman/Vinç Arızası,Tamamlandı,100
NB-501 (Kimyasal Tanker),BLK-242,Çift Dip (Double Bottom),Yerel Tedarikçi A.Ş.,Açık Saha Donatım,106,Montaj,Taşeron - Omega,374,374,108120,108120,Geçti,2025-11-14,2025-12-01,2025-11-14,2025-12-01,0,Yok,Tamamlandı,100
NB-501 (Kimyasal Tanker),BLK-242,Çift Dip (Double Bottom),Yerel Tedarikçi A.Ş.,Açık Saha Donatım,106,Kaynak,Taşeron - Beta,112,112,62752,62752,Geçti,2025-12-02,2025-12-10,2025-12-02,2025-12-10,0,Yok,Tamamlandı,100
NB-501 (Kimyasal Tanker),BLK-242,Çift Dip (Double Bottom),Yerel Tedarikçi A.Ş.,Açık Saha Donatım,106,Boyama,Taşeron - Omega,180,180,104940,104940,Muaf,2025-12-11,2025-12-26,2025-12-11,2025-12-26,0,Yok,Tamamlandı,100
NB-501 (Kimyasal Tanker),BLK-242,Çift Dip (Double Bottom),Yerel Tedarikçi A.Ş.,Açık Saha Donatım,106,Donatım,Taşeron - Omega,294,294,94976,94976,Muaf,2025-12-28,2026-01-11,2025-12-28,2026-01-11,0,Yok,Tamamlandı,100
NB-503 (Kuru Yük),BLK-243,Üst Bina,Erdemir,Kuru Havuz A,75,Kesim,Dahili Ekip,84,84,20100,20100,Muaf,2025-12-28,2026-01-01,2025-12-28,2026-01-01,0,Yok,Tamamlandı,100
NB-503 (Kuru Yük),BLK-243,Üst Bina,Erdemir,Kuru Havuz A,75,Ön Montaj,Taşeron - Alfa,260,260,118500,118500,Geçti,2026-01-02,2026-01-22,2026-01-02,2026-01-22,0,Yok,Tamamlandı,100
NB-503 (Kuru Yük),BLK-243,Üst Bina,Erdemir,Kuru Havuz A,75,Montaj,Dahili Ekip,323,353,79800,82863,Geçti,2026-01-23,2026-02-11,2026-01-23,2026-02-14,3,Malzeme Eksikliği,Tamamlandı,100
NB-503 (Kuru Yük),BLK-243,Üst Bina,Erdemir,Kuru Havuz A,75,Kaynak,Taşeron - Beta,120,120,66600,66600,Geçti,2026-02-15,2026-02-27,2026-02-15,2026-02-27,0,Yok,Tamamlandı,100
NB-503 (Kuru Yük),BLK-243,Üst Bina,Erdemir,Kuru Havuz A,75,Boyama,Dahili Ekip,255,255,72000,72000,Muaf,2026-03-01,2026-03-16,2026-03-01,2026-03-16,0,Yok,Tamamlandı,100
NB-503 (Kuru Yük),BLK-243,Üst Bina,Erdemir,Kuru Havuz A,75,Donatım,Dahili Ekip,196,196,56700,56700,Muaf,2026-03-18,2026-04-01,2026-03-18,2026-04-01,0,Yok,Tamamlandı,100
NB-502 (Römorkör),BLK-244,Üst Bina,ThyssenKrupp,Kuru Havuz A,122,Kesim,Dahili Ekip,27,27,27450,27450,Muaf,2025-12-04,2025-12-07,2025-12-04,2025-12-07,0,Yok,Tamamlandı,100
NB-502 (Römorkör),BLK-244,Üst Bina,ThyssenKrupp,Kuru Havuz A,122,Ön Montaj,Taşeron - Omega,150,240,65880,79011,Geçti,2025-12-09,2025-12-19,2025-12-09,2025-12-28,9,Hava Muhalefeti,Tamamlandı,100
NB-502 (Römorkör),BLK-244,Üst Bina,ThyssenKrupp,Kuru Havuz A,122,Montaj,Dahili Ekip,130,130,98332,98332,Geçti,2025-12-30,2026-01-12,2025-12-30,2026-01-12,0,Yok,Tamamlandı,100
NB-502 (Römorkör),BLK-244,Üst Bina,ThyssenKrupp,Kuru Havuz A,122,Kaynak,Dahili Ekip,288,288,84912,84912,Geçti,2026-01-13,2026-01-25,2026-01-13,2026-01-25,0,Yok,Tamamlandı,100
NB-502 (Römorkör),BLK-244,Üst Bina,ThyssenKrupp,Kuru Havuz A,122,Boyama,Dahili Ekip,294,294,99064,99064,Muaf,2026-01-26,2026-02-09,2026-01-26,2026-02-09,0,Yok,Tamamlandı,100
NB-502 (Römorkör),BLK-244,Üst Bina,ThyssenKrupp,Kuru Havuz A,122,Donatım,Taşeron - Omega,368,368,117120,117120,Muaf,2026-02-10,2026-02-26,2026-02-10,2026-02-26,0,Yok,Tamamlandı,100
NB-501 (Kimyasal Tanker),BLK-245,Çift Dip (Double Bottom),SSAB,Kızak 2,174,Kesim,Taşeron - Omega,119,218,69426,79254,Kaldı - Yeniden İşlem,2026-01-05,2026-01-12,2026-01-05,2026-01-21,9,Kalite Reddi (NDT),Tamamlandı,100
NB-501 (Kimyasal Tanker),BLK-245,Çift Dip (Double Bottom),SSAB,Kızak 2,174,Ön Montaj,Taşeron - Alfa,162,234,234900,246796,Geçti,2026-01-23,2026-02-10,2026-01-23,2026-02-18,8,Ekipman/Vinç Arızası,Tamamlandı,100
NB-501 (Kimyasal Tanker),BLK-245,Çift Dip (Double Bottom),SSAB,Kızak 2,174,Montaj,Taşeron - Beta,187,187,135894,135894,Geçti,2026-02-20,2026-03-03,2026-02-20,2026-03-03,0,Yok,Tamamlandı,100
NB-501 (Kimyasal Tanker),BLK-245,Çift Dip (Double Bottom),SSAB,Kızak 2,174,Kaynak,Dahili Ekip,160,160,84912,84912,Geçti,2026-03-05,2026-03-13,2026-03-05,2026-03-13,0,Yok,Tamamlandı,100
NB-501 (Kimyasal Tanker),BLK-245,Çift Dip (Double Bottom),SSAB,Kızak 2,174,Boyama,Taşeron - Alfa,160,160,211584,211584,Muaf,2026-03-14,2026-03-30,2026-03-14,2026-03-30,0,Yok,Tamamlandı,100
NB-501 (Kimyasal Tanker),BLK-245,Çift Dip (Double Bottom),SSAB,Kızak 2,174,Donatım,Taşeron - Omega,273,273,153816,153816,Muaf,2026-04-01,2026-04-14,2026-04-01,2026-04-14,0,Yok,Tamamlandı,100
NB-502 (Römorkör),BLK-246,Gövde,Erdemir,Kuru Havuz B,43,Kesim,Taşeron - Beta,84,84,8772,8772,Muaf,2025-12-15,2025-12-19,2025-12-15,2025-12-19,0,Yok,Tamamlandı,100
NB-502 (Römorkör),BLK-246,Gövde,Erdemir,Kuru Havuz B,43,Ön Montaj,Taşeron - Alfa,432,432,43344,43344,Geçti,2025-12-20,2026-01-07,2025-12-20,2026-01-07,0,Yok,Tamamlandı,100
NB-502 (Römorkör),BLK-246,Gövde,Erdemir,Kuru Havuz B,43,Montaj,Taşeron - Alfa,308,500,39732,56412,Geçti,2026-01-09,2026-01-23,2026-01-09,2026-02-04,12,Kalite Reddi (NDT),Tamamlandı,100
NB-502 (Römorkör),BLK-246,Gövde,Erdemir,Kuru Havuz B,43,Kaynak,Dahili Ekip,264,324,28853,36653,Kaldı - Yeniden İşlem,2026-02-06,2026-02-17,2026-02-06,2026-02-23,6,Kalite Reddi (NDT),Tamamlandı,100
NB-502 (Römorkör),BLK-246,Gövde,Erdemir,Kuru Havuz B,43,Boyama,Dahili Ekip,90,90,30530,30530,Muaf,2026-02-24,2026-03-06,2026-02-24,2026-03-06,0,Yok,Tamamlandı,100
NB-502 (Römorkör),BLK-246,Gövde,Erdemir,Kuru Havuz B,43,Donatım,Taşeron - Beta,220,220,24940,24940,Muaf,2026-03-07,2026-03-17,2026-03-07,2026-03-17,0,Yok,Tamamlandı,100
NB-501 (Kimyasal Tanker),BLK-247,Gövde,Yerel Tedarikçi A.Ş.,Kuru Havuz A,52,Kesim,Dahili Ekip,66,66,24960,24960,Muaf,2025-12-12,2025-12-18,2025-12-12,2025-12-18,0,Yok,Tamamlandı,100
NB-501 (Kimyasal Tanker),BLK-247,Gövde,Yerel Tedarikçi A.Ş.,Kuru Havuz A,52,Ön Montaj,Taşeron - Omega,154,154,58240,58240,Geçti,2025-12-20,2026-01-03,2025-12-20,2026-01-03,0,Yok,Tamamlandı,100
NB-501 (Kimyasal Tanker),BLK-247,Gövde,Yerel Tedarikçi A.Ş.,Kuru Havuz A,52,Montaj,Taşeron - Beta,252,322,69264,76453,Geçti,2026-01-04,2026-01-22,2026-01-04,2026-01-29,7,Malzeme Eksikliği,Tamamlandı,100
NB-501 (Kimyasal Tanker),BLK-247,Gövde,Yerel Tedarikçi A.Ş.,Kuru Havuz A,52,Kaynak,Dahili Ekip,312,312,34476,34476,Geçti,2026-01-31,2026-02-13,2026-01-31,2026-02-13,0,Yok,Tamamlandı,100
NB-501 (Kimyasal Tanker),BLK-247,Gövde,Yerel Tedarikçi A.Ş.,Kuru Havuz A,52,Boyama,Taşeron - Omega,273,371,38532,42515,Muaf,2026-02-15,2026-02-28,2026-02-15,2026-03-07,7,Hava Muhalefeti,Tamamlandı,100
NB-501 (Kimyasal Tanker),BLK-247,Gövde,Yerel Tedarikçi A.Ş.,Kuru Havuz A,52,Donatım,Taşeron - Omega,200,200,58240,58240,Muaf,2026-03-08,2026-03-28,2026-03-08,2026-03-28,0,Yok,Tamamlandı,100
NB-502 (Römorkör),BLK-248,Üst Bina,SSAB,Kuru Havuz B,79,Kesim,Dahili Ekip,84,174,23068,28081,Geçti,2026-01-06,2026-01-10,2026-01-06,2026-01-19,9,Ekipman/Vinç Arızası,Tamamlandı,100
NB-502 (Römorkör),BLK-248,Üst Bina,SSAB,Kuru Havuz B,79,Ön Montaj,Dahili Ekip,260,287,83740,87451,Kaldı - Yeniden İşlem,2026-01-20,2026-02-09,2026-01-20,2026-02-12,3,İşgücü Yetersizliği,Tamamlandı,100
NB-502 (Römorkör),BLK-248,Üst Bina,SSAB,Kuru Havuz B,79,Montaj,Taşeron - Omega,240,240,99856,99856,Geçti,2026-02-13,2026-03-01,2026-02-13,2026-03-01,0,Yok,Tamamlandı,100
NB-502 (Römorkör),BLK-248,Üst Bina,SSAB,Kuru Havuz B,79,Kaynak,Dahili Ekip,216,360,38394,43713,Kaldı - Yeniden İşlem,2026-03-03,2026-03-12,2026-03-03,2026-03-21,9,Kalite Reddi (NDT),Tamamlandı,100
NB-502 (Römorkör),BLK-248,Üst Bina,SSAB,Kuru Havuz B,79,Boyama,Taşeron - Alfa,320,320,96064,96064,Muaf,2026-03-22,2026-04-07,2026-03-22,2026-04-07,0,Yok,Tamamlandı,100
NB-502 (Römorkör),BLK-248,Üst Bina,SSAB,Kuru Havuz B,79,Donatım,Taşeron - Alfa,100,156,44240,50561,Bekliyor,2026-04-09,2026-04-19,2026-04-09,,7,Hava Muhalefeti,Devam Ediyor,60
NB-503 (Kuru Yük),BLK-249,Gövde,Kardemir,Kızak 1,24,Kesim,Taşeron - Omega,119,173,13104,17358,Geçti,2025-12-23,2025-12-30,2025-12-23,2026-01-05,6,Kalite Reddi (NDT),Tamamlandı,100
NB-503 (Kuru Yük),BLK-249,Gövde,Kardemir,Kızak 1,24,Ön Montaj,Taşeron - Beta,252,342,16128,20814,Geçti,2026-01-07,2026-01-19,2026-01-07,2026-01-25,6,Kalite Reddi (NDT),Tamamlandı,100
NB-503 (Kuru Yük),BLK-249,Gövde,Kardemir,Kızak 1,24,Montaj,Taşeron - Omega,240,361,17280,28863,Geçti,2026-01-26,2026-02-05,2026-01-26,2026-02-16,11,Ekipman/Vinç Arızası,Tamamlandı,100
NB-503 (Kuru Yük),BLK-249,Gövde,Kardemir,Kızak 1,24,Kaynak,Dahili Ekip,169,265,15600,20800,Geçti,2026-02-18,2026-03-03,2026-02-18,2026-03-11,8,İşgücü Yetersizliği,Tamamlandı,100
NB-503 (Kuru Yük),BLK-249,Gövde,Kardemir,Kızak 1,24,Boyama,Taşeron - Beta,272,272,19968,19968,Muaf,2026-03-12,2026-03-28,2026-03-12,2026-03-28,0,Yok,Tamamlandı,100
NB-503 (Kuru Yük),BLK-249,Gövde,Kardemir,Kızak 1,24,Donatım,Dahili Ekip,180,180,16080,16080,Muaf,2026-03-29,2026-04-08,2026-03-29,2026-04-08,0,Yok,Tamamlandı,100
NB-502 (Römorkör),BLK-250,Gövde,Yerel Tedarikçi A.Ş.,Kuru Havuz A,159,Kesim,Taşeron - Alfa,115,115,55650,55650,Muaf,2025-11-30,2025-12-05,2025-11-30,2025-12-05,0,Yok,Tamamlandı,100
NB-502 (Römorkör),BLK-250,Gövde,Yerel Tedarikçi A.Ş.,Kuru Havuz A,159,Ön Montaj,Dahili Ekip,165,165,176490,176490,Geçti,2025-12-07,2025-12-22,2025-12-07,2025-12-22,0,Yok,Tamamlandı,100
NB-502 (Römorkör),BLK-250,Gövde,Yerel Tedarikçi A.Ş.,Kuru Havuz A,159,Montaj,Taşeron - Beta,96,96,133560,133560,Geçti,2025-12-24,2026-01-05,2025-12-24,2026-01-05,0,Yok,Tamamlandı,100
NB-502 (Römorkör),BLK-250,Gövde,Yerel Tedarikçi A.Ş.,Kuru Havuz A,159,Kaynak,Dahili Ekip,198,258,138171,145616,Geçti,2026-01-07,2026-01-18,2026-01-07,2026-01-23,5,Malzeme Eksikliği,Tamamlandı,100
NB-502 (Römorkör),BLK-250,Gövde,Yerel Tedarikçi A.Ş.,Kuru Havuz A,159,Boyama,Taşeron - Alfa,300,396,121635,129489,Muaf,2026-01-25,2026-02-09,2026-01-25,2026-02-15,6,Kalite Reddi (NDT),Tamamlandı,100
NB-502 (Römorkör),BLK-250,Gövde,Yerel Tedarikçi A.Ş.,Kuru Havuz A,159,Donatım,Taşeron - Omega,209,209,117183,117183,Muaf,2026-02-17,2026-02-28,2026-02-17,2026-02-28,0,Yok,Tamamlandı,100
